gene_id,p_value,auc_single,neg_log10_p
CD44,8.500974310504807e-07,0.7205465055176038,6.0705312962355045
REPS2,4.472446802225609e-06,0.534944823962165,5.349454816470431
SRRM1,7.303152881300367e-06,0.7008933263268524,5.136489607915283
CD27,7.465602732461199e-06,0.7006831318970047,5.126935123931588
SLC19A2,1.5994478522988913e-05,0.6931161324224908,4.796029914897177
SLC35E3,3.304236618031568e-05,0.6859695218076721,4.480928860193687
MNAT1,3.314771964895536e-05,0.6848134524435102,4.479546342913488
SURF2,3.549711808783085e-05,0.6852338413032054,4.449806904673298
SURF2_1,3.549711808783085e-05,0.6852338413032054,4.449806904673298
NTM,3.786133014977647e-05,0.5879138202837625,4.421804132407077
DEF6,3.810371446548735e-05,0.6855491329479768,4.419032685919305
ABCC5,4.052046108859326e-05,0.683867577509196,4.392325621379566
RMND5B,5.059685483236872e-05,0.6815554387808723,4.295876478642414
CXCR4,5.319676812878466e-05,0.6810299527062533,4.27411475166116
CINP,5.3729379213169716e-05,0.6809248554913295,4.2697881772212245
ATP9A,5.648381469283701e-05,0.6803993694167104,4.248075980438821
CDK5RAP1,5.648381469283701e-05,0.6803993694167104,4.248075980438821
COASY,6.364366829049013e-05,0.6791382028376248,4.196244796460953
VTCN1,9.509464038984371e-05,0.6758801891749868,4.021843959557947
BNIP1,0.00010576712993992726,0.6456121912769311,3.975649280350923
EEF1A2,0.00011698457980226543,0.6228060956384656,3.931871380545628
FKBP1B,0.00011739466881433006,0.6052548607461902,3.9303516250397634
PLAT,0.0001257617091638621,0.6717813977929585,3.900451568987635
TAF4,0.00013392134291401915,0.5119285338938518,3.8731502043834913
TAF4_1,0.00013392134291401915,0.5119285338938518,3.8731502043834913
ZCCHC8,0.0001383293203216589,0.6707304256437204,3.8590857569529144
TMEM106C,0.0001409797422570235,0.6705202312138728,3.850843287756332
UBFD1,0.0001435551861498051,0.6703100367840252,3.84298111333426
ITGA6,0.00015063774645259346,0.6697845507094062,3.8220661900076163
GUSBP11,0.00015940600390664333,0.6691539674198634,3.7974953252584736
CAB39L,0.00016346601398621976,0.6644245927482921,3.786572527239172
CSDE1,0.00016708219944230272,0.6686284813452443,3.7770698163889116
DDX23,0.00016708219944230272,0.6686284813452443,3.7770698163889116
RECQL4,0.00016718751773941903,0.6264844981607988,3.7767961502178915
PDE4B,0.00017727280381351265,0.6703100367840252,3.751357886281056
IKZF1,0.00018228157581090057,0.6803993694167105,3.7392572256293053
TOR1B,0.00018694074246450196,0.6673673147661587,3.7282960367741698
TSPAN13,0.0001904588547863895,0.6671571203363111,3.720198831375459
PSMC3IP,0.0001958382477009346,0.666631634261692,3.708102485447622
RTN2,0.000201387213903342,0.6665265370467682,3.6959681063121823
EPN3,0.00020950034594096746,0.6504466631634261,3.678815255561031
ACYP2,0.0002129089597684868,0.6658959537572254,3.6718060619241184
ZFP36L2,0.0002250409482704045,0.6653704676826064,3.6477384508226973
FAF2,0.00022504425180778668,0.6652653704676826,3.647732075549502
FDXR,0.00022884097795763505,0.501629006831319,3.640466204934088
CSTF1,0.00023341341116030236,0.6555964266946925,3.6318741944535153
NFS1,0.00023564990669175525,0.6647398843930635,3.6277327278681213
LCMT2,0.00024223656455464742,0.6644245927482921,3.6157603013838657
GPRC5A,0.0002512695196457708,0.6640042038885969,3.599860190486226
SPR,0.00025128769816562676,0.6640042038885969,3.5998287718513473
POMT1,0.0002582831653346205,0.6636889122438255,3.587903899829558
TNNT1,0.0002606945371693391,0.5534419337887546,3.5838680693382647
ZNF484,0.00027205831388528803,0.5067787703625855,3.5653379978619784
POLR2J,0.0002881322498991344,0.6624277456647398,3.5404081295384637
ZCCHC10,0.00030421942814152006,0.661797162375197,3.516813054368392
SRP54,0.00030979521803532794,0.6615869679453494,3.508925290246594
URM1,0.0003126078552786016,0.6614818707304256,3.5050001131329305
GFER,0.00032118987826097896,0.6611665790856542,3.4932381492111233
GFER_1,0.00032118987826097896,0.6611665790856542,3.4932381492111233
EFCAB2,0.0003257203558688748,0.6283762480294273,3.4871550993863716
SIL1,0.0003390195448497044,0.6605359957961114,3.4697752635205346
METTL22,0.0003451417628653479,0.6601156069364161,3.4620024870006185
ZC3H11A,0.00036099007881843707,0.6598003152916447,3.4425047337553254
TNFRSF10C,0.00036326690530003546,0.9272727272727272,3.439774165859442
SLIRP,0.0003642352871283607,0.6596952180767209,3.4386179820370852
ICAM1,0.0003675077572646694,0.6595901208617971,3.4347334895003714
PNRC1,0.00038087449498000806,0.6591697320021019,3.4192181086210356
CRIP1,0.0003842864663494129,0.6590646347871781,3.415344910079669
PMM2,0.00038772698677237856,0.6589595375722543,3.4114739699537364
NTHL1,0.0003915514858813892,0.6542301629006831,3.4072111236084996
OVOL2,0.00039464756477689905,0.6587493431424067,3.4037905727198043
EFR3A,0.00039822204769572746,0.6586442459274829,3.3998746987849495
PSAT1,0.00040875368593834354,0.6595901208617971,3.3885383180614053
MAPK9,0.00041630561018043396,0.6581187598528639,3.3805877364733288
PLK4,0.0004190020568241371,0.5905412506568576,3.377783845135899
CD38,0.0004218642383015074,0.6581187598528639,3.3748272884758843
NDUFA2,0.00042752090206821404,0.6578034682080924,3.369042647179147
NME3,0.00043901780125360447,0.657488176563321,3.357517869667966
DPP8,0.00043901780125360447,0.657488176563321,3.357517869667966
VPS41,0.0004429078683020917,0.6573830793483972,3.3536866043622786
ANGEL2,0.00045479022134002834,0.6570677877036258,3.342188881855284
HAGH,0.0004547962869196382,0.6570677877036258,3.3421830896678886
SLC6A13,0.0004588227727816692,0.656962690488702,3.338355034868471
IGF1R,0.0004607079678023112,0.652653704676826,3.336574276693156
PCNX4,0.0004879532255897484,0.6562270099842354,3.3116218067715986
ORMDL2,0.0004965877046776837,0.6560168155543878,3.3040040376141975
XRCC1,0.0004965877046776837,0.6560168155543878,3.3040040376141975
CACNB3,0.0005009581713396256,0.655911718339464,3.300198535040477
BCAS1,0.0005045362171057836,0.6513925380977404,3.2971076533623616
MPG,0.0005142856971244103,0.6555964266946925,3.28879555373903
ANKRA2,0.0005188011518821785,0.6554913294797687,3.28499906833291
ZNF253,0.000527943127400931,0.6552811350499212,3.27741285925837
CPB2,0.0005325684677925478,0.6551760378349973,3.2736245507568116
CEACAM5,0.0005372280504194846,0.6550709406200735,3.269841319487393
NEMF,0.0005419379348252551,0.6549658434051497,3.2660504479751373
CD79A,0.0005585540914965587,0.6931161324224908,3.25293476256458
ESRP2,0.0005611356852248591,0.6545454545454545,3.2509321116147754
CPB1,0.000565364712248851,0.5569101418812401,3.2476713018844605
COX11,0.0005716734297507634,0.6502364687335785,3.2428519924643777
SLC22A14,0.0005759476178880945,0.6542301629006831,3.239617013619559
RIPPLY3,0.0005775865518658549,0.6481345244351024,3.238382927139323
NEK4,0.0005807409795194235,0.6541250656857593,3.236017527245098
TANC2,0.0005902115400558147,0.9091960063058329,3.228992303250894
GEMIN6,0.0006066697953850188,0.6535995796111403,3.217047626984678
WTAP,0.0006119360746805274,0.6534944823962165,3.2132939436445325
MZT2A,0.0006225964915822192,0.6532842879663688,3.2057933309563875
CTPS2,0.0006334294882033799,0.6530740935365212,3.198301722672489
B4GALT7,0.000638911499906631,0.6529689963215974,3.1945592948369557
DNAAF5,0.0006500081603569802,0.6527588018917498,3.1870811910867434
GPR107,0.0006727411799675121,0.6523384130320546,3.1721519873829362
CTBP2,0.0006962115417111296,0.6519180241723594,3.1572587813104107
PRR15L,0.0007021749183078537,0.6518129269574356,3.1535546875950193
EFCAB11,0.0007026393513848683,0.6120861797162375,3.153267531158385
GNG7,0.000707588030717071,0.7037309511297951,3.150219522056115
TDRD3,0.000708230010221439,0.6517078297425118,3.1498256745880253
ZNF468,0.0007143112748592206,0.651602732527588,3.1461124948138606
GOLGA5,0.0007143112748592206,0.651602732527588,3.1461124948138606
SOCS3,0.000720171698986878,0.6524435102469784,3.142563949356473
MRPL57,0.0007454519820795898,0.651077246452969,3.127580326174098
CEACAM6,0.0007770393810603357,0.6362585391487126,3.109556970203216
SUCO,0.0007778496101683364,0.6505517603783499,3.109104361606055
WASF2,0.0007844839964848977,0.6504466631634261,3.105415911617124
SSH3,0.0007979106220411425,0.6502364687335785,3.0980457534215278
RABIF,0.0008047036200825122,0.6501313715186547,3.094364044928392
P3H4,0.000818450901814088,0.6499211770888071,3.0870073684338073
BLOC1S1,0.000818450901814088,0.6499211770888071,3.0870073684338073
RACGAP1,0.0008394808570622632,0.6496058854440357,3.075989202762401
SIT1,0.0008394808570622632,0.6496058854440357,3.075989202762401
GTF3C1,0.0008466014863590447,0.649500788229112,3.072320973380359
PPEF1,0.0008491243614675542,0.5558591697320021,3.071028698985903
XYLT2,0.0008525995553023934,0.6493956910141881,3.0692548982074968
NACC2,0.0008539857851229908,0.6364687335785602,3.0685493582267154
RIOK2,0.0008756478495737764,0.6490803993694167,3.0576705145343697
MZB1,0.0008756478495737764,0.6490803993694167,3.0576705145343697
CD8A,0.0008905150051567936,0.6488702049395692,3.050358758287327
SLC1A1,0.0009311605341476184,0.5264319495533368,3.030975439228906
ENSA,0.0009365320227496491,0.6482396216500262,3.0284773682452846
FSCN1,0.0009365320227496491,0.6482396216500264,3.0284773682452846
PLA2G10,0.0009409465525285649,0.544088281660536,3.026435044586711
PLA2G10_1,0.0009409465525285649,0.544088281660536,3.026435044586711
PFDN4,0.0009444123862014438,0.6481345244351024,3.0248383256766824
SNAPC5,0.0009603577098013931,0.6479243300052548,3.0175669727344165
STAU2,0.0009603577098013931,0.6479243300052548,3.0175669727344165
RETREG1,0.0009765491680347043,0.6477141355754072,3.010305885639219
IL2RG,0.0010013182815943988,0.6473988439306358,2.9994278546195154
MRPL46,0.0010097020527134303,0.647293746715712,2.9958067608233705
GDI2,0.0010181507606258269,0.6471886495007882,2.992187909955898
GSTP1,0.00102666486141218,0.6470835522858644,2.988571301868002
C1orf35,0.00102666486141218,0.6470835522858644,2.988571301868002
GFUS_1,0.0010352448139600704,0.6469784550709407,2.9849569364103856
GFUS,0.0010352448139600704,0.6469784550709407,2.9849569364103856
MCTP2,0.0010716374027453517,0.6505517603783499,2.969952136868199
ACTR10,0.0010881334711912109,0.6463478717813977,2.9633178305140997
NSL1,0.0010971874736844585,0.6462427745664739,2.95971915927091
NDUFA4,0.0011155048403125314,0.6460325801366263,2.9525285409189492
PDCL,0.001134104602501483,0.6458223857067787,2.945346887070875
BMP6,0.0011450518412698474,0.7256962690488702,2.9411748505574886
RANBP17,0.001153326161731446,0.5334734629532317,2.9380478564443506
TBC1D19,0.0011622779609313462,0.6373095112979507,2.934689997192949
AUP1,0.001181865447020722,0.6452968996321597,2.927431964184616
SSNA1,0.001181865447020722,0.6452968996321597,2.927431964184616
CYTIP,0.001182744379716485,0.6527588018917498,2.927109106998625
NSF,0.001211407080152508,0.6449816079873884,2.916709892401147
NSF_2,0.001211407080152508,0.6449816079873884,2.916709892401147
NSF_1,0.001211407080152508,0.6449816079873884,2.916709892401147
GADD45A,0.0012214048835913701,0.6448765107724646,2.913140347879908
LAMP3,0.0012233800277521294,0.6834471886495008,2.912438613839723
SEC24A,0.0012518573675089817,0.6445612191276932,2.9024451503847994
ARHGEF6,0.0012725468671010048,0.6443510246978454,2.8953262139039504
ARF3,0.0012725468671010048,0.6443510246978456,2.8953262139039504
RND2,0.0012959073572270628,0.666631634261692,2.887426044517268
CD3E,0.0013105733597762795,0.6716763005780346,2.8825386642600472
TACO1,0.0013148759932665622,0.6439306358381502,2.881115203812657
GMFB,0.0013256593924228057,0.6438255386232264,2.877568046815882
PIGB,0.0013256593924228057,0.6438255386232264,2.877568046815882
RUNX3,0.001330721258440047,0.647293746715712,2.875912905155724
MATCAP2,0.0013390769057729317,0.6335260115606937,2.873194479900847
LCK,0.001351864181493629,0.6773515501839201,2.8690669387130288
RTF2,0.00135850110936647,0.643510246978455,2.8669400025964475
PLEK2,0.00135850110936647,0.643510246978455,2.8669400025964475
PPP1CC,0.00135850110936647,0.643510246978455,2.8669400025964475
CELSR1,0.0013699575672879206,0.6369942196531792,2.863292884360456
RARG,0.001380810792332366,0.6433000525486074,2.859865827196597
ACBD3,0.0013920918943892222,0.6431949553336836,2.8563320952506794
TRIAP1,0.0013920918943892222,0.6431949553336836,2.8563320952506794
COPB1,0.0014149094849418271,0.642984760903836,2.8492713420814924
AATK,0.0014149094849418271,0.642984760903836,2.8492713420814924
TRIP4,0.0014264471296901397,0.6428796636889123,2.845744320543425
TMED9,0.0014264471296901397,0.6428796636889123,2.845744320543425
CERS6,0.0014380714505896975,0.6427745664739885,2.8422195354928137
TASL,0.0014424444746601879,0.6990015764582238,2.8409008955467945
COL11A1,0.0014464906346315957,0.6410930110352075,2.839684373865971
DPY19L4,0.0014497830342929468,0.6426694692590647,2.838696986771718
TRAF5,0.0014497830342929468,0.6426694692590647,2.838696986771718
PRKCSH,0.0014615824708915355,0.6425643720441409,2.835176674221973
GZMB,0.0014733271209377088,0.6428796636889123,2.831700816602354
HSPA1A_1,0.0015219183432872876,0.6420388859695219,2.8176086484925738
HSPA1A_3,0.0015219183432872876,0.6420388859695219,2.8176086484925738
HSPA1A_4,0.0015219183432872876,0.6420388859695219,2.8176086484925738
HSPA1A,0.0015219183432872876,0.6420388859695219,2.8176086484925738
HSPA1A_2,0.0015219183432872876,0.6420388859695219,2.8176086484925738
COL10A1,0.0015466887055000243,0.6418286915396741,2.8105970858400897
NVL,0.0015592126265700148,0.6417235943247503,2.807094656941051
COX7C,0.0015592126265700148,0.6417235943247503,2.807094656941051
METTL1,0.0015716787487752763,0.6416184971098265,2.803636219042118
CCND2,0.0015895257629105041,0.6995270625328429,2.7987324286808244
RAB22A,0.001597346821734278,0.641408302679979,2.796600778030373
ARRB2,0.0016102477940893466,0.6413032054650551,2.793107287120339
XYLT1_1,0.0016222692116260747,0.6406726221755124,2.7898770740323378
XYLT1,0.0016222692116260747,0.6406726221755124,2.7898770740323378
SRPX2,0.0016252862564827446,0.5448239621650026,2.789070137046821
UCKL1,0.0016297747114594903,0.6410930110352075,2.7878724252476568
MAP3K1,0.0016355943011568503,0.7465055176037835,2.7863244113119086
NUAK1,0.0016363379119478413,0.6410930110352075,2.786127007424702
FARS2,0.0016495283410199726,0.6409879138202838,2.7826402183163648
BLVRA,0.0016896888879356835,0.6406726221755124,2.7721932520081625
LDLRAD4,0.0017032281943709416,0.6405675249605886,2.768727162420853
CLU,0.0017169601928524241,0.6404624277456648,2.7652397736946104
SFRP1,0.0017314298173982026,0.7060430898581187,2.761595107657357
AVL9,0.0017446169461145273,0.6402522333158172,2.75829991337556
GINS2,0.001772554081957231,0.6400420388859696,2.7514005052917043
SEC16A,0.001786918935528113,0.6399369416710458,2.7478951490340155
TMEM134,0.001786918935528113,0.6399369416710458,2.7478951490340155
VPS33B,0.00180095071288987,0.6395165528113504,2.744498172473557
PPP1R3D,0.0018082167882199844,0.6366789280084078,2.742749502907332
PSAP,0.0018156288534765296,0.639726747241198,2.7409729241853733
TBCA,0.0018594892676694753,0.6394114555964266,2.730606323895692
HLA-DMA_3,0.001874324348732912,0.6393063583815028,2.7271552530020453
HLA-DMA_4,0.001874324348732912,0.6393063583815028,2.7271552530020453
HLA-DMA_1,0.001874324348732912,0.6393063583815028,2.7271552530020453
HLA-DMA_2,0.001874324348732912,0.6393063583815028,2.7271552530020453
HLA-DMA,0.001874324348732912,0.6393063583815028,2.7271552530020453
HLA-DMA_7,0.001874324348732912,0.6393063583815028,2.7271552530020453
HLA-DMA_6,0.001874324348732912,0.6393063583815028,2.7271552530020453
CCP110,0.001874324348732912,0.6393063583815028,2.7271552530020453
HLA-DMA_5,0.001874324348732912,0.6393063583815028,2.7271552530020453
IQCE,0.0018825722669000293,0.6298476090383605,2.7252483434069408
HSD11B1,0.001888986615665574,0.6395165528113504,2.7237711192423686
MRPS14,0.0019194843447867052,0.6389910667367315,2.7168154256150694
VPS28_1,0.0019194843447867052,0.6389910667367315,2.7168154256150694
VPS28,0.0019194843447867052,0.6389910667367315,2.7168154256150694
ST7,0.0019347583172329348,0.6388859695218077,2.7133732776980586
RBP1,0.0019466374999358032,0.641933788754598,2.7107149146510117
MICALL2,0.0019501438147018185,0.6387808723068839,2.709933360110119
RGL2,0.001996976767297859,0.6384655806621125,2.699626987654601
RGL2_1,0.001996976767297859,0.6384655806621125,2.699626987654601
RGL2_2,0.001996976767297859,0.6384655806621125,2.699626987654601
RGL2_3,0.001996976767297859,0.6384655806621125,2.699626987654601
RGL2_4,0.001996976767297859,0.6384655806621125,2.699626987654601
STRN3,0.002012815695369514,0.6383604834471887,2.69619598971565
LUC7L,0.0020287698342402604,0.6382553862322649,2.6927672212709535
DACT1,0.0020449034972987085,0.530635838150289,2.689327182316572
DNAJC12,0.0020598391609865747,0.6375197057277983,2.686166689447862
WASHC2C,0.0020610213475735447,0.6380451918024173,2.6859175098775663
MDM1,0.002064852986683862,0.5884393063583815,2.6851108637871453
CD8B,0.002070764015774695,0.7296899632159748,2.6838693904770605
JCHAIN,0.0020736378915288227,0.6410930110352075,2.683267079885732
ADAM18_1,0.0020737349607008646,0.9454545454545454,2.683246750579788
ADAM18,0.0020737349607008646,0.9454545454545454,2.683246750579788
SHTN1,0.002077331031787329,0.6379400945874935,2.6824942912245784
E2F4,0.002083827834394811,0.6277456647398844,2.6811381652482282
AGR2,0.0020876280430947077,0.6311087756174462,2.68034687790228
H2BC4,0.0020898494505018354,0.6448765107724646,2.679884998659897
ANKEF1,0.0020937535508956345,0.6378349973725697,2.679074439077911
C12orf29,0.0021269563604980977,0.6376248029427221,2.672241420576488
SPATA2L,0.0021437381963216712,0.6375197057277983,2.6688282538838144
SYNDIG1,0.0021609613144363353,0.6339464004203889,2.6653530077938585
CDC42EP1,0.002177666625358555,0.6373095112979505,2.6620086047679727
OGFOD2,0.0021810079142484348,0.63121387283237,2.6613427584890728
PIDD1,0.002203374102854617,0.6120861797162375,2.656911759312246
BAZ2A,0.0022294829774813763,0.6369942196531792,2.6517958392211374
PLEK,0.0022470045981728627,0.6368891224382554,2.648396038858549
PRF1,0.0022526992378451394,0.6717813977929585,2.647296787887111
SOD2,0.002255609165963389,0.637099316868103,2.646736149267568
N4BP3,0.002276816208063803,0.5367314766158697,2.6426720256190595
EMC9,0.0022824269184850803,0.6366789280084078,2.6416031193388028
GPN3,0.0022824269184850803,0.6366789280084078,2.6416031193388028
EMC9_1,0.0022824269184850803,0.6366789280084078,2.6416031193388028
PPIP5K2,0.0022824269184850803,0.6366789280084078,2.6416031193388028
JPT2,0.0023183600960300517,0.6364687335785602,2.6348191069518765
GSTO1,0.002327418015375564,0.6363636363636364,2.633125608347521
PTK6,0.0023280292544716587,0.5983184445612191,2.633011566558324
FADD,0.002336520304898428,0.6363636363636364,2.6314304405044115
REM1,0.0023548106953590734,0.6362585391487126,2.6280440003250973
VPS16,0.0023548106953590734,0.6362585391487126,2.6280440003250973
TFF3,0.0023732480394869034,0.6286915396741987,2.6246568692200904
NFE2L3,0.0023888696885138055,0.6584340514976352,2.6218075401215866
ALS2CL,0.002391785352589548,0.636048344718865,2.621277798081932
INPPL1,0.002410471296418041,0.6359432475039412,2.617898035672978
ZNF467,0.0024327514177311274,0.634892275354703,2.6139022656779503
SFXN1,0.002448244641219248,0.6357330530740936,2.611145187415754
RAE1,0.002448244641219248,0.6357330530740936,2.611145187415754
MICAL2,0.002448244641219248,0.6357330530740936,2.611145187415754
GOLGA1,0.002486558951180969,0.635522858644246,2.604401240083835
MLH3,0.002543648697040276,0.6346820809248555,2.5945428692311854
BCAS4,0.002553833604109261,0.6066211245401997,2.5928074027544077
MSN,0.0025847568552602733,0.634997372569627,2.5875803041697565
MAST4,0.0025847568552602733,0.6349973725696269,2.5875803041697565
PLEKHF2,0.002604816956193534,0.634892275354703,2.584222789718827
WDR77,0.002604816956193534,0.634892275354703,2.584222789718827
PXMP4,0.00262501930041126,0.6347871781397793,2.5808674991032454
MUC13,0.002638754056167905,0.7920126116657908,2.5786010861068416
DCTN2,0.0026453647844915896,0.6346820809248555,2.5775144321474
NPTN,0.0026761466880765214,0.6344718864950079,2.5724900851956183
HLA-DRA_4,0.002686488782423126,0.6344718864950079,2.570814968511222
HLA-DRA_1,0.002686488782423126,0.6344718864950079,2.570814968511222
HLA-DRA_2,0.002686488782423126,0.6344718864950079,2.570814968511222
HLA-DRA_7,0.002686488782423126,0.6344718864950079,2.570814968511222
VPS45,0.002686488782423126,0.6344718864950079,2.570814968511222
HLA-DRA_5,0.002686488782423126,0.6344718864950079,2.570814968511222
HLA-DRA_3,0.002686488782423126,0.6344718864950079,2.570814968511222
HLA-DRA_6,0.002686488782423126,0.6344718864950079,2.570814968511222
HLA-DRA,0.002686488782423126,0.6344718864950079,2.570814968511222
KDELR3,0.0027072421300674736,0.634366789280084,2.567472900103298
NPRL2,0.0027072691133576653,0.634366789280084,2.5674685714784204
SNW1,0.0027281962183592474,0.6342616920651603,2.5641243974004166
ZNF552,0.0027492641873602154,0.6341565948502365,2.560783525125653
TFF1,0.0027492710180463484,0.6341565948502365,2.560782446100355
PIGH,0.0027492710180463484,0.6341565948502365,2.560782446100355
PRORP,0.002770494437902279,0.6340514976353127,2.5574427174011256
C11orf80,0.002788252181022059,0.5280084077771939,2.554667949414267
CACFD1_1,0.0027918674082941086,0.6339464004203889,2.554105211125375
CACFD1,0.0027918674082941086,0.6339464004203889,2.554105211125375
ZFYVE16,0.002835065746686803,0.6337362059905413,2.547436865133616
KBTBD2,0.0028568930000118955,0.6336311087756175,2.5441060250616405
DDOST,0.0028568930000118955,0.6336311087756175,2.5441060250616405
ZNF514,0.0028717390092209316,0.6022070415133999,2.541855032398276
GBP1,0.0028788664839135875,0.6335260115606937,2.5407784763668553
PFKFB3,0.0028788735745595056,0.6335260115606937,2.5407774067012006
KIAA0232,0.0029010084254011814,0.6334209143457699,2.5374510098736796
DOLK,0.0029232985126066407,0.6333158171308461,2.534126834400209
MAGOHB,0.0029232985126066407,0.6333158171308461,2.534126834400209
C1QTNF3,0.0029232985126066407,0.6333158171308461,2.534126834400209
NFYC,0.002929158487168711,0.6405675249605886,2.5332571294311688
UQCRQ,0.002968348261493532,0.6331056227009985,2.527485146798683
CAMK2B,0.002975799497779749,0.7600630583289543,2.526396333859129
PIAS3,0.002979096826199487,0.6326852338413032,2.525915381175435
ALG5,0.0030140306024696055,0.6328954282711509,2.5208523424606004
MMP11_1,0.003060353397982983,0.6326852338413032,2.5142284199458675
MMP11,0.003060353397982983,0.6326852338413032,2.5142284199458675
YBX3,0.003060353397982983,0.6326852338413032,2.5142284199458675
THAP10,0.0030830172400432006,0.5500788229111928,2.5110240467186116
TBK1,0.0030837574455605562,0.6325801366263794,2.5109197889211097
INTS6,0.0030952574019646175,0.632264844981608,2.509303229162579
ATP6V1D,0.003107324592296556,0.6324750394114556,2.507613377810302
TAF7,0.003107324592296556,0.6324750394114556,2.507613377810302
NDUFA8,0.003154952212105386,0.632264844981608,2.501007214605619
APOBEC3C,0.003179014712605023,0.6321597477666843,2.497707462148646
LGALS9,0.003179014712605023,0.6321597477666843,2.497707462148646
KHNYN,0.003179014712605023,0.6321597477666842,2.497707462148646
NKG7,0.0031917675730609506,0.8542301629006831,2.4959687418239125
CD74,0.0032522092508637805,0.6318444561219128,2.4878215191751827
ANG,0.003279654233927673,0.613977929584866,2.484171940499508
CHST2,0.0033236665605160475,0.7259064634787178,2.4783825523342577
HLA-DRB1_2,0.003352190400006466,0.6314240672622176,2.4746713219857392
SEC24D,0.003352190400006466,0.6314240672622176,2.4746713219857392
HLA-DRB1_1,0.003352190400006466,0.6314240672622176,2.4746713219857392
HLA-DRB1_4,0.003352190400006466,0.6314240672622176,2.4746713219857392
HLA-DRB1_5,0.003352190400006466,0.6314240672622176,2.4746713219857392
HLA-DRB1_3,0.003352190400006466,0.6314240672622176,2.4746713219857392
HLA-DRB1,0.003352190400006466,0.6314240672622176,2.4746713219857392
SMYD2,0.003377619179603913,0.6313189700472938,2.471389317914766
FAN1_1,0.003377619179603913,0.6313189700472938,2.471389317914766
FAN1,0.003377619179603913,0.6313189700472938,2.471389317914766
SPPL2B,0.0033995194838354627,0.9100367840252234,2.4685824653891264
SLC2A10,0.0034025417687597644,0.63121387283237,2.4681965348004424
HNRNPA1,0.0034032234762267554,0.63121387283237,2.4681095315667076
TCTN2,0.0034032234762267554,0.63121387283237,2.4681095315667076
TBCE,0.0034032234762267554,0.63121387283237,2.4681095315667076
KLHL25,0.0034289716976545126,0.6311087756174462,2.4648360994879126
MRPL22,0.0034290043593630916,0.6311087756174462,2.4648319627572834
C1GALT1,0.003454962903925259,0.6310036784025224,2.461556611301954
TXNDC9,0.003454962903925259,0.6310036784025224,2.461556611301954
DNASE2,0.003454962903925259,0.6310036784025224,2.461556611301954
NUBP1,0.0035074173042153587,0.6307934839726748,2.4550125597140933
GCHFR,0.0035176049786992407,0.6194429847609039,2.4537529327021788
HLA-DRB6,0.0035605953856255135,0.6305832895428272,2.4484773753215294
CXCL13,0.003562025968293249,0.6734629532317393,2.4483029187174266
RIBC2,0.003584020727714476,0.6847083552285864,2.4456294873173934
ZNF217,0.0035874585522227284,0.6304781923279034,2.4452131078593284
SLC2A8,0.0035949449606088417,0.6261692065160274,2.444307754373407
FTCD_1,0.0035974039010029904,0.9406200735680504,2.4440107987316098
FTCD,0.0035974039010029904,0.9406200735680504,2.4440107987316098
TGFBI,0.0036691578667610828,0.6301629006831319,2.43543360217475
CXCL1,0.0036952420739785625,0.6958486600105097,2.4323571058619926
JCAD,0.003715075362513687,0.622070415133999,2.4300323718921364
TMEM160,0.0037506997228994618,0.5826589595375723,2.425887703619967
TBL2,0.003780721787726989,0.6297425118234367,2.4224252799240222
MTR,0.0038090902515782485,0.6296374146085129,2.4191787371584117
SLTM,0.0038090902515782485,0.6296374146085129,2.4191787371584117
RPAP3,0.0038376520061629868,0.6295323173935891,2.4159344091355064
BCL11A,0.0038407823525507608,0.6961639516552811,2.4155803025105196
FYN,0.0038658731715500104,0.6808197582764057,2.4127523980569467
CD4,0.003895360027802532,0.6293221229637415,2.409452396563415
ETFDH,0.003951646083439926,0.623121387283237,2.4032219585408603
NUP214,0.00395334265929334,0.6287966368891225,2.4030355411868167
TAGLN2,0.003953855190692971,0.6291119285338939,2.402979240696252
ARID5B,0.003953855190692971,0.6291119285338939,2.402979240696252
SPRR3,0.003956820157343666,0.5018392012611665,2.40265368853817
SCCPDH,0.003968593895391858,0.6290068313189701,2.4013633399978422
B3GALT4_1,0.004013146925337115,0.6289017341040463,2.3965149400181938
B3GALT4,0.004013146925337115,0.6289017341040463,2.3965149400181938
B3GALT4_4,0.004013146925337115,0.6289017341040463,2.3965149400181938
B3GALT4_3,0.004013146925337115,0.6289017341040463,2.3965149400181938
B3GALT4_2,0.004013146925337115,0.6289017341040463,2.3965149400181938
RABEP2,0.004013146925337115,0.6289017341040463,2.3965149400181938
MED15,0.004026562814969789,0.6299527062532844,2.3950655214611674
AHDC1,0.004028086147689364,0.6289017341040463,2.3949012498696507
NELFB,0.004103598957806118,0.6285864424592749,2.3868350891541152
PADI2_1,0.004103598957806118,0.6285864424592749,2.3868350891541152
PADI2,0.004103598957806118,0.6285864424592749,2.3868350891541152
HECTD4,0.004103598957806118,0.6285864424592749,2.3868350891541152
MAP1A,0.004121555389041157,0.6251182343667893,2.3849388593546
CANT1,0.004134158297971084,0.6284813452443511,2.383612898144354
USP32,0.004134158297971084,0.6284813452443511,2.383612898144354
DHX29,0.004164923992732518,0.6283762480294273,2.3803929197885387
NPAT,0.004195897264938967,0.6282711508145034,2.377175153895143
GRP,0.004238345018629319,0.627430373095113,2.3728036928380796
DOLPP1,0.004258471462883389,0.6280609563846558,2.370746258728148
TMED7,0.004290074864180288,0.627955859169732,2.367535129070123
SCUBE2,0.004305056640018018,0.6261692065160274,2.3660211303228786
TOB1,0.004321890794079597,0.6278507619548082,2.364326211105674
RBBP7,0.004321890794079597,0.6278507619548082,2.364326211105674
SPTBN5,0.004353821671917372,0.6277456647398844,2.361129363188426
SCYL3,0.004353910622003481,0.6277456647398844,2.3611204904922385
HEXIM1,0.004353920505410549,0.6277456647398844,2.3611195046418954
RAB15,0.004353920505410549,0.6277456647398844,2.3611195046418954
LAMA5,0.004353920505410549,0.6277456647398844,2.3611195046418954
NEDD8_1,0.004353920505410549,0.6277456647398844,2.3611195046418954
NEDD8,0.004353920505410549,0.6277456647398844,2.3611195046418954
EXOC6B,0.004380489607513231,0.6119810825013137,2.3584773456699177
LRRC14,0.004386155315512267,0.6276405675249606,2.357915993845077
CDKAL1,0.004401160588552039,0.7210719915922228,2.3564327847091264
KCTD3,0.004418626313981736,0.6275354703100368,2.354712725443359
TDP2,0.004451304947237358,0.627430373095113,2.3515126523214094
UQCR11,0.004451304947237358,0.627430373095113,2.3515126523214094
GGPS1,0.004484202433994977,0.6273252758801892,2.3483147899257473
NEFL,0.004486216964123191,0.8334209143457698,2.3481197267309977
TM9SF1,0.00451732005755959,0.6272201786652654,2.3451191380620786
NDUFA5,0.00451732005755959,0.6272201786652654,2.3451191380620786
TM9SF1_1,0.00451732005755959,0.6272201786652654,2.3451191380620786
EMC7,0.00451732005755959,0.6272201786652654,2.3451191380620786
LYN,0.0045497992904763454,0.6277456647398845,2.342007761356338
SPG11,0.00455065910739071,0.6271150814503416,2.3419256965358333
OVGP1,0.0045842208791222186,0.6270099842354178,2.3387344651521587
BPGM,0.004597156499483083,0.6058854440357331,2.3375107114541662
VPS33A,0.004652017801812279,0.6267997898055702,2.332358632031713
CACNA1H,0.004660177608735043,0.6984760903836048,2.331597531158997
ZNF446,0.004720721314939333,0.6265895953757226,2.32599163713631
ZNF410,0.004720721314939333,0.6265895953757226,2.32599163713631
TRIM29,0.004727756831107582,0.6826064109301104,2.3253448691877168
MIA2,0.0047310721599401325,0.6241723594324751,2.3250404278920773
MYBPC1,0.004740974245298957,0.801576458223857,2.3241324039206397
EFNB1,0.004772477749894241,0.6385706778770363,2.3212560876845685
LACTB2,0.004809305864127938,0.6122963741460852,2.317917601616391
ANKHD1,0.00486089057065146,0.6261692065160274,2.313284155740345
MBOAT2,0.004896516171567142,0.6260641093011036,2.310112806825052
GALC,0.004914308605017035,0.6258539148712559,2.308537574504761
NAT1,0.00492347934676276,0.6251182343667893,2.30772787953912
AKAP7,0.0049323777946610236,0.6259590120861798,2.3069436660883094
SCRIB,0.004968432910853951,0.6258539148712559,2.3037805701173286
SCRIB_1,0.004968432910853951,0.6258539148712559,2.3037805701173286
CPT1A,0.0049941262813987,0.6240672622175513,2.3015404802823816
GATA3,0.005004196532041841,0.6257488176563321,2.300665642402835
OSBPL1A,0.005004814573219696,0.6257488176563322,2.300612008358342
STX1A,0.00502783924372541,0.5707829742511823,2.2986186165626687
AAGAB,0.005041392477650707,0.6256437204414083,2.297449490968334
CSTB,0.005041392477650707,0.6256437204414083,2.297449490968334
CSF2RB,0.005071962009347639,0.6278507619548082,2.2948240081216857
PIP4K2C,0.005115274237582496,0.6254335260115607,2.291131078144159
PDGFRB,0.005115274237582496,0.6254335260115607,2.291131078144159
C6orf47_5,0.005152580880812765,0.6253284287966369,2.287975182311489
C6orf47_3,0.005152580880812765,0.6253284287966369,2.287975182311489
FKBP3,0.005152580880812765,0.6253284287966369,2.287975182311489
C6orf47_1,0.005152580880812765,0.6253284287966369,2.287975182311489
C6orf47,0.005152580880812765,0.6253284287966369,2.287975182311489
C6orf47_2,0.005152580880812765,0.6253284287966369,2.287975182311489
C6orf47_6,0.005152580880812765,0.6253284287966369,2.287975182311489
C6orf47_4,0.005152580880812765,0.6253284287966369,2.287975182311489
VNN2,0.005159453039472938,0.8104046242774566,2.287396336072274
RAB33B,0.0051901332355419934,0.6252233315817131,2.2848214932656132
ZFP36L1,0.0051901332355419934,0.6252233315817131,2.2848214932656132
WIPF2,0.0051901332355419934,0.6252233315817131,2.2848214932656132
FAS,0.005191087141455773,0.6359432475039412,2.2847416806692653
YTHDF1,0.005227932711918928,0.6251182343667893,2.28167001080656
YIF1A,0.005227932711918928,0.6251182343667893,2.28167001080656
ADIPOR1,0.005265980726641257,0.6250131371518655,2.2785207347340655
DGAT1,0.0053055209148424555,0.5829742511823437,2.2752719690981347
DGAT1_1,0.0053055209148424555,0.5829742511823437,2.2752719690981347
ARL1,0.00534282807077487,0.6248029427220179,2.2722288009462583
NAP1L4,0.005381630266502355,0.6246978455070941,2.2690861428289715
NAP1L4_1,0.005381630266502355,0.6246978455070941,2.2690861428289715
SULF1,0.005381630266502355,0.6246978455070941,2.2690861428289715
VAMP4,0.005420674980134918,0.6245927482921703,2.2659466319309143
ZNHIT3,0.005420686733246721,0.6245927482921703,2.265945690294294
ZNHIT3_1,0.005420686733246721,0.6245927482921703,2.265945690294294
NOX4,0.005442260632804495,0.5935890698896479,2.264220663460643
LCP1,0.005459998920743817,0.6244876510772465,2.26280744314051
AMIGO2,0.005459998920743817,0.6244876510772465,2.26280744314051
VPS37C,0.005459998920743817,0.6244876510772465,2.26280744314051
FKBP15,0.005459998920743817,0.6244876510772465,2.26280744314051
RPAP2,0.005459998920743817,0.6244876510772465,2.26280744314051
TCF12,0.005499568285395692,0.6243825538623227,2.259671401165615
RARRES1,0.00550428328322173,0.6575932737782448,2.2592992228150464
PSCA,0.005520050461787588,0.6212296374146085,2.258056952130271
MYO5C,0.00553939629029016,0.6242774566473989,2.256537564167305
EML1,0.005578041634592627,0.6448765107724646,2.2535182484768614
EGFL6,0.005591292027097283,0.6791382028376248,2.2524878244208346
ABLIM1,0.005599614408341279,0.6241723594324751,2.2518418776536584
COA3,0.005619834106703328,0.6240672622175513,2.2502765042897823
RBM7,0.005619834106703328,0.6240672622175512,2.2502765042897823
SELL,0.005694998505667063,0.6859695218076721,2.244506385541094
MZT2B,0.005701324209139165,0.6238570677877037,2.2440242618836694
ERH,0.005701324209139165,0.6238570677877037,2.2440242618836694
MZT2B_1,0.005701324209139165,0.6238570677877037,2.2440242618836694
NECAB3,0.005742467596924904,0.6237519705727799,2.2409014467235178
CAMTA2,0.005742467596924904,0.6237519705727799,2.2409014467235178
CD53,0.005783878544968621,0.623646873357856,2.2377808353199815
ZNF263,0.005783878544968621,0.6236468733578561,2.2377808353199815
MRPL28,0.005783878544968621,0.6236468733578561,2.2377808353199815
RNF19A,0.005820304832986939,0.6372044140830269,2.235054268989761
GNPAT,0.005825558563701997,0.6235417761429322,2.2346624274686957
ZDHHC14,0.00586235116938509,0.6354177614293222,2.2319281698009994
STAC,0.005867509170397505,0.6234366789280084,2.231546222965003
RCE1,0.005867509170397505,0.6234366789280084,2.231546222965003
ZNF34,0.005917340503224152,0.856962690488702,2.2278734392718262
TRAPPC13,0.005932768387494666,0.6221755123489228,2.226742605985222
XPA,0.005952228251084675,0.6232264844981608,2.225320423180273
CWF19L1,0.005952228251084675,0.6232264844981608,2.225320423180273
RPGR,0.005952228251084675,0.6232264844981608,2.225320423180273
TUBB_2,0.005994999793998829,0.6231213872832371,2.2222108274884307
TUBB_4,0.005994999793998829,0.6231213872832371,2.2222108274884307
TUBB_7,0.005994999793998829,0.6231213872832371,2.2222108274884307
HGH1,0.005994999793998829,0.623121387283237,2.2222108274884307
TUBB_5,0.005994999793998829,0.6231213872832371,2.2222108274884307
TUBB_3,0.005994999793998829,0.6231213872832371,2.2222108274884307
TUBB_1,0.005994999793998829,0.6231213872832371,2.2222108274884307
TUBB,0.005994999793998829,0.6231213872832371,2.2222108274884307
TUBB_6,0.005994999793998829,0.6231213872832371,2.2222108274884307
GAST,0.006005544974823876,0.8614818707304257,2.2214475763010944
PYCR3_1,0.006050877997993345,0.5705727798213347,2.2181816035264097
PYCR3,0.006050877997993345,0.5705727798213347,2.2181816035264097
ARL6IP4,0.006081374609129163,0.6229111928533894,2.215998243476535
RPA3,0.006081374609129163,0.6229111928533894,2.215998243476535
NCK1,0.006124980991832016,0.6228060956384656,2.212895254743883
GIN1,0.006168816753749701,0.6227009984235418,2.2097981303910244
ARMT1,0.006168868776563741,0.6227009984235418,2.209794467917862
S100P,0.006208098884674432,0.6132422490803994,2.2070413741070802
KATNIP,0.006213039536015217,0.622595901208618,2.2066958827914216
UBE4B,0.006257481698632822,0.6224908039936942,2.203600411906619
DAAM1,0.006257494849890704,0.6224908039936942,2.203599499157209
SLC25A16,0.006267057685977776,0.6200735680504467,2.2029363077594946
APPBP2,0.006302236304926773,0.6223857067787704,2.200505316807573
LIMD2,0.006321262518395609,0.63121387283237,2.1991961732977416
MTF1,0.006347265494911377,0.6222806095638466,2.197413335534556
SLC38A6,0.006351247493453205,0.6101944298476091,2.197140963477776
NDUFB2,0.006392584020702746,0.6221755123489228,2.1943235551298996
PCLAF,0.006392584020702746,0.6221755123489228,2.1943235551298996
ADIPOR2,0.006392584020702746,0.6221755123489228,2.1943235551298996
ADIPOR2_1,0.006392584020702746,0.6221755123489228,2.1943235551298996
AURKA,0.006438139705466045,0.622070415133999,2.1912396035039787
RMDN1,0.006438193490248292,0.622070415133999,2.1912359753850437
NFIL3,0.006495248997604205,0.6359432475039412,2.1874041954434973
MRPL17,0.006530291727951001,0.6218602207041514,2.1850674170389612
MLPH,0.006530291727951001,0.6218602207041514,2.1850674170389612
GPALPP1,0.006540330384782588,0.5821334734629533,2.1844003127363036
PRMT7,0.006560141137573118,0.5891749868628482,2.183086816933818
TOM1L1,0.0065767290642111224,0.6216500262743038,2.181990049024386
PARP2,0.006576783747618817,0.6217551234892276,2.18198643801909
PARP2_1,0.006576783747618817,0.6217551234892276,2.18198643801909
EIF4G1,0.006576783747618817,0.6217551234892276,2.18198643801909
GPC1,0.006607912173989157,0.6191276931161325,2.179935737873714
RRN3_1,0.006623559467680355,0.6216500262743038,2.1789085601479563
RRN3,0.006623559467680355,0.6216500262743038,2.1789085601479563
ZNF337,0.006623573214099697,0.6216500262743038,2.1789076588217284
TMEM87A,0.006623573214099697,0.6216500262743038,2.1789076588217284
ATF5,0.0066541458559924395,0.6825013137151865,2.1769076838160957
PCLO,0.006708916299029019,0.5924330005254861,2.1733476263826765
NOC4L,0.0067136674354488545,0.5905412506568576,2.1730401755286683
NOC4L_1,0.0067136674354488545,0.5905412506568576,2.1730401755286683
TMCO1,0.006718051069406465,0.6214398318444562,2.172756699053878
CHUK,0.006765686867129521,0.6212296374146085,2.169688106315216
TUFM,0.006765742767208715,0.6213347346295324,2.1696845180622986
DDX41,0.006765742767208715,0.6213347346295324,2.1696845180622986
AQR,0.006765742767208715,0.6213347346295324,2.1696845180622986
ZNF696,0.006798600702346663,0.7923279033105622,2.167580465203275
FBXO38,0.006852435782572155,0.6196531791907515,2.1641550257490967
XAF1,0.006862040029818008,0.6211245401996848,2.1635467528087924
TSNAX,0.006862040029818008,0.6211245401996847,2.1635467528087924
MPPED2,0.006867989690089412,0.8579085654230163,2.1631703654535555
PDE4C,0.00691050688110344,0.6212296374146085,2.160490096244817
TGFB1I1,0.006934570628547765,0.6207041513399895,2.1589804241978006
LY75,0.006947915927850156,0.6231213872832371,2.1581454453043376
RYR1,0.006949251034404258,1.0,2.158061999604569
PLA2G2D,0.006957852933618126,0.6219653179190752,2.157524755064302
BLTP3B,0.006959566968803521,0.6209143457698371,2.157417781784515
LTB_5,0.006977136439803845,0.6830267997898056,2.1563227841909085
LTB_4,0.006977136439803845,0.6830267997898056,2.1563227841909085
LTB_6,0.006977136439803845,0.6830267997898056,2.1563227841909085
LTB_3,0.006977136439803845,0.6830267997898056,2.1563227841909085
LTB_7,0.006977136439803845,0.6830267997898056,2.1563227841909085
LTB_1,0.006977136439803845,0.6830267997898056,2.1563227841909085
LTB,0.006977136439803845,0.6830267997898056,2.1563227841909085
LTB_2,0.006977136439803845,0.6830267997898056,2.1563227841909085
LMO4,0.0069839991876176465,0.6210194429847609,2.1558958198198397
GALE,0.007007991498520143,0.6204939569101419,2.1544064336875826
TMEM265,0.007008652162483421,0.6208092485549133,2.154365493399623
HEATR6,0.007008795789431495,0.6208092485549133,2.1543565935783118
SREK1,0.007008795789431495,0.6208092485549133,2.1543565935783118
MKS1,0.007008795789431495,0.6208092485549133,2.1543565935783118
C10orf88,0.007051525236975413,0.5683657383079348,2.151716935440027
BIK,0.007058322669468581,0.6207041513399895,2.151298491857808
GSTA4,0.007058337110787696,0.6207041513399895,2.151297603292765
PAGR1,0.007058337110787696,0.6207041513399895,2.151297603292765
EEF1D_1,0.007108192642033559,0.6205990541250657,2.148240810715013
EEF1D,0.007108192642033559,0.6205990541250657,2.148240810715013
IPPK,0.007108514700203391,0.5969521807672097,2.1482211341355253
MAL,0.007117791379537512,0.7159222280609564,2.1476547451946946
IFNGR2,0.0071583640996988685,0.6204939569101419,2.1451862156318797
IFNGR2_1,0.0071583640996988685,0.6204939569101419,2.1451862156318797
SLC9A2,0.007175165702233953,0.8923804519180242,2.1441680649445094
KCNN1,0.007310791307416843,0.6201786652653705,2.1360356132137746
CHRNB2,0.007310791307416843,0.6201786652653705,2.1360356132137746
MRTFB,0.007310791307416843,0.6201786652653705,2.1360356132137746
SLC11A1,0.007343903414709285,0.7895953757225433,2.1340730435081516
CORO1A,0.007345245482850862,0.6241723594324751,2.1339936852289334
CSE1L,0.007362243784061828,0.6200735680504467,2.1329898059711345
USP8,0.007414020880937168,0.6199684708355229,2.1299461951525545
SLC25A28,0.007416800840588147,0.6283762480294273,2.1297833827105817
CORO2A,0.007461316107132034,0.5853914871255912,2.127184560241603
TDO2,0.007501820925214308,0.7998949027850761,2.1248333070367353
TDO2_1,0.007501820925214308,0.7998949027850761,2.1248333070367353
GGCX,0.0075185559873596035,0.6197582764056753,2.123865561927054
ATP5MF,0.007624410805704257,0.6195480819758277,2.1177937118130674
ABCB9,0.007650570467506759,0.6156594850236469,2.1163061803165464
MON2,0.007677837570723133,0.6194429847609039,2.1147610798826952
ETNK1,0.007713235020686026,0.6137677351550184,2.1127634355722544
STAM2,0.007785636498371603,0.6191276931161325,2.10870587681059
TSG101,0.007785698806349524,0.6192327903310563,2.1087024011920303
PPFIA1,0.007862993283548609,0.6184971098265896,2.104412095301437
PPFIA1_1,0.007862993283548609,0.6184971098265896,2.104412095301437
RRP15,0.007867326580117504,0.6189174986862848,2.1041728214847266
FUBP3,0.007894915729852008,0.6190225959012087,2.102652501280207
CHI3L2,0.007949643737675377,0.6243825538623227,2.0996523337622195
RAB11A,0.00795003713328853,0.6189174986862848,2.0996308428221915
EEF1E1,0.00795003713328853,0.6189174986862848,2.0996308428221915
ARID4B,0.00795003713328853,0.6189174986862848,2.0996308428221915
NID2,0.00795003713328853,0.6189174986862848,2.0996308428221915
TUFT1,0.00795003713328853,0.6189174986862848,2.0996308428221915
KRT10,0.008005502944459862,0.618812401471361,2.096611378405245
SH3GLB1,0.008005502944459862,0.618812401471361,2.096611378405245
APTX,0.008005502944459862,0.618812401471361,2.096611378405245
COX6B1,0.008005502944459862,0.618812401471361,2.096611378405245
MECR,0.00811747517587135,0.6186022070415134,2.0905790308200483
PTGDS,0.00816079564511506,0.6219653179190752,2.088267497197379
TOX3,0.008171425507398728,0.6074619022595901,2.0877021740680948
CIAO3,0.00817398530828368,0.6184971098265896,2.0875661472137406
SCAND1,0.00817398530828368,0.6184971098265896,2.0875661472137406
TARBP2,0.00817398530828368,0.6184971098265896,2.0875661472137406
MISP,0.00817398530828368,0.6184971098265896,2.0875661472137406
SCPEP1,0.00817398530828368,0.6184971098265897,2.0875661472137406
NUBP2,0.008230847272809696,0.6183920126116658,2.084555456772384
SEPTIN6,0.008259144860919033,0.622070415133999,2.0830649165306623
MMP24OS,0.00828806294485299,0.618286915396742,2.0815469592761455
POLD4,0.00828806294485299,0.618286915396742,2.0815469592761455
YWHAE,0.008345634207575022,0.6181818181818182,2.078540654504866
YWHAE_1,0.008345634207575022,0.6181818181818182,2.078540654504866
ESR1,0.008350615770841924,0.6018917498686285,2.0782814986459086
ITPKC,0.008374389039682935,0.6179716237519706,2.0770468674401386
DTL,0.00840158098293649,0.6176563321071992,2.075638982085857
F3,0.008403496882452609,0.6180767209668944,2.0755399567081705
ASPN_1,0.008403496882452609,0.6180767209668944,2.0755399567081705
ASPN,0.008403496882452609,0.6180767209668944,2.0755399567081705
CD1C,0.008403562951912075,0.6180767209668944,2.0755365422380665
MPST,0.008403562951912075,0.6180767209668944,2.0755365422380665
MST1R,0.008414965459947866,0.5905412506568576,2.0749476622888503
CCS,0.008461851076592294,0.6179716237519706,2.0725346222549397
H2AC4,0.008516435982131186,0.5575407251707829,2.0697421138157797
DYSF,0.008520500488152513,0.6178665265370468,2.0695348943343554
PARP16,0.008520500488152513,0.6178665265370468,2.0695348943343554
CD83,0.008520500488152513,0.6178665265370468,2.0695348943343554
TP53BP1,0.008638890837204798,0.6176563321071992,2.063542013794665
ASB6,0.008674394173134313,0.6095638465580662,2.0617608469638733
IFT20,0.008698635626965176,0.6175512348922754,2.0605488607316693
CETN3,0.008698635626965176,0.6175512348922754,2.0605488607316693
KLK11,0.008717238356028466,0.7631108775617446,2.059621078909064
APBB2,0.008754999128347029,0.6174461376773516,2.0577438928191523
OTOR,0.008755294990752883,0.5729900157645822,2.05772921671955
CCND1,0.008756703700754357,0.6170257488176564,2.057659345199761
KCNN4,0.0087586990705171,0.6235417761429323,2.0575603947968064
PFDN2,0.008758749408175538,0.6174461376773516,2.0575578988434353
CD19,0.008774730996423064,0.6249080399369417,2.0567661886581283
CCPG1,0.008819216988315937,0.6173410404624278,2.0545699718692196
OSBPL2,0.008819216988315937,0.6173410404624278,2.0545699718692196
SLC20A1,0.008819234126667293,0.6173410404624278,2.054569127907199
ING2,0.008880091736180463,0.617235943247504,2.0515825476998697
ITK,0.008926441223598428,0.6341565948502365,2.0493216502942566
STAU1,0.008941324198380084,0.6171308460325802,2.048598157998028
DDX42,0.008941324198380084,0.6171308460325802,2.048598157998028
TSFM,0.009002933482872573,0.6170257488176564,2.045615958577923
EFEMP2,0.009064921567221891,0.6169206516027326,2.042635949215477
HPCAL1,0.009127290436965814,0.6168155543878087,2.039658129686279
TIMM13,0.009127290436965814,0.6168155543878088,2.039658129686279
NEIL3,0.009189047501922409,0.5875985286389911,2.03672950342322
DOHH,0.009190042085631971,0.616710457172885,2.0366824997655884
NANS,0.009190042085631971,0.616710457172885,2.0366824997655884
PRKCQ,0.009195031665693484,0.6251182343667893,2.0364467708073866
APLP1,0.009197171134997016,0.5361008933263269,2.0363457323698504
THBS2,0.009253178514753864,0.6166053599579611,2.033709059228334
BTNL3,0.009253178514753864,0.6166053599579611,2.033709059228334
RHOT1,0.009253178514753864,0.6166053599579611,2.033709059228334
ACKR3,0.009280612763195478,0.6062007356805045,2.032423348038801
PRKD3,0.009296341105518854,0.6196531791907515,2.0316879493333984
TOX4,0.009316701733886887,0.6165002627430373,2.0307378078491083
SUCLA2,0.009316701733886887,0.6165002627430373,2.0307378078491083
TRIM52,0.009377650097763585,0.6163951655281135,2.027905975845991
CHMP1B,0.009380613760624075,0.6163951655281135,2.027768745402176
DDX56,0.009380613760624075,0.6163951655281135,2.027768745402176
PRKX,0.009392844926088731,0.7492380451918024,2.0272028477155777
RND1,0.009396544194697518,0.5260115606936416,2.027031839285841
AK2,0.00944491662061194,0.6162900683131898,2.024801871661467
FBXO7,0.00944491662061194,0.6162900683131898,2.024801871661467
REPIN1,0.00944491662061194,0.6162900683131897,2.024801871661467
TENM4,0.009492867147716334,0.6106148187073043,2.022602597017373
AK6,0.009509612347566226,0.6161849710982659,2.0218371864005755
RGP1,0.009509612347566226,0.6161849710982659,2.0218371864005755
AK6_1,0.009509612347566226,0.6161849710982659,2.0218371864005755
CD2AP,0.009509612347566226,0.6161849710982659,2.0218371864005755
FBP1,0.009573170503369303,0.6160798738833421,2.018944205997199
HLA-E_6,0.009574702983287432,0.6160798738833421,2.0188746893927623
HLA-E_4,0.009574702983287432,0.6160798738833421,2.0188746893927623
HLA-E_2,0.009574702983287432,0.6160798738833421,2.0188746893927623
HLA-E,0.009574702983287432,0.6160798738833421,2.0188746893927623
HLA-E_1,0.009574702983287432,0.6160798738833421,2.0188746893927623
HLA-E_5,0.009574702983287432,0.6160798738833421,2.0188746893927623
HLA-E_3,0.009574702983287432,0.6160798738833421,2.0188746893927623
NUP107,0.009640190577676426,0.6159747766684183,2.0159143804109525
HLA-DOB_3,0.009677216685693789,0.6805044666316342,2.0142495344126163
HLA-DOB,0.009677216685693789,0.6805044666316342,2.0142495344126163
HLA-DOB_4,0.009677216685693789,0.6805044666316342,2.0142495344126163
HLA-DOB_2,0.009677216685693789,0.6805044666316342,2.0142495344126163
HLA-DOB_1,0.009677216685693789,0.6805044666316342,2.0142495344126163
HLA-DOB_5,0.009677216685693789,0.6805044666316342,2.0142495344126163
C17orf75,0.00973338188109328,0.545139253809774,2.011736237109771
IGHMBP2,0.009738985954758571,0.6156594850236469,2.0114862604909307
UGP2,0.009772364882655411,0.6157645822385707,2.010000325615371
FABP7,0.009784300083322397,0.9342091434576983,2.009470236007289
TMCO6,0.009813507639051013,0.6125065685759328,2.008175735126987
PPP1R26,0.009833729654019855,0.6156594850236469,2.007281735376879
GMPPA,0.009839055733687424,0.6156594850236469,2.0070465793457695
RAC2,0.009906151824301712,0.6155543878087231,2.004095020190513
SECISBP2,0.009906151824301712,0.6155543878087231,2.004095020190513
CNTN1,0.009966806759171106,0.6173410404624278,2.001443961949677
PSMD9,0.00997365524513084,0.6154492905937993,2.001145647920844
ANGPT4,0.010058869747160998,0.6339464004203889,1.9974508155174366
SLC25A46,0.010109892480937644,0.6152390961639517,1.995253463121539
RNF6,0.010176337523596486,0.6143983184445612,1.9924084969978904
VCAM1,0.010281843852965265,0.6152390961639517,1.987928995908635
TLN1,0.010317356048895346,0.6149238045191803,1.9864315818260292
IDO1,0.010326572644263442,0.6196531791907515,1.986043795485964
PTPRH,0.01035682757881346,0.8750394114555964,1.984773253857877
PLEKHF1,0.010386959729499162,0.6150289017341041,1.9835115521464002
NFIB,0.010450663654813687,0.6162900683131898,1.9808561294120925
NQO1,0.010457761774096961,0.6147136100893327,1.980561255542654
TXNRD2,0.010496531149831708,0.540830267997898,1.9789542010624976
LSM5,0.010528600085539177,0.6146085128744089,1.9776293700816345
GVINP1,0.010552326689266941,0.8717813977929585,1.9766517719395449
PDXDC1_1,0.010599864913290086,0.6145034156594851,1.974699669432072
STAT3,0.010599864913290086,0.6145034156594851,1.974699669432072
PDXDC1,0.010599864913290086,0.6145034156594851,1.974699669432072
EIF2B2,0.010671558430560332,0.6143983184445612,1.9717721533617971
COG2,0.010743682818897385,0.6142932212296374,1.9688468216382964
MGST2,0.010743682818897385,0.6142932212296374,1.9688468216382964
H2AC8,0.010766667397482808,0.6608512874408828,1.9679187029096672
FOXA1,0.010830498004663408,0.6115606936416185,1.9653515733188414
RNASE4,0.010877976243734112,0.6127167630057804,1.963451893969685
YWHAH,0.010889232976729772,0.6140830267997899,1.9630027102998293
PAXIP1,0.010889232976729772,0.6140830267997898,1.9630027102998293
RABEPK,0.010889232976729772,0.6140830267997898,1.9630027102998293
PDE9A,0.010948642906940975,0.841933788754598,1.9606397086368668
IFI16,0.010962663151129419,0.613977929584866,1.9600839302181066
AOPEP,0.010996200466156354,0.613452443510247,1.958757351353858
P2RX1,0.011032392682492311,0.7689963215974777,1.9573302884561685
APOL1,0.011036533006431959,0.6138728323699423,1.9571673335496431
BCL2L2,0.011036533006431959,0.6138728323699422,1.9571673335496431
MAP7D1,0.011036533006431959,0.6138728323699423,1.9571673335496431
PPP2R1A,0.011110844766076565,0.6137677351550184,1.9542529200601928
TMBIM4,0.011110844766076565,0.6137677351550184,1.9542529200601928
ACADSB,0.011114584880201017,0.6025223331581713,1.9541067531723422
CCNO,0.011150531726811321,0.5426169206516027,1.9527044222558247
HSD17B6,0.011155178695125941,0.5234892275354703,1.9525234683487183
NKAIN1,0.011156769463213477,0.549973725696269,1.9524615408291066
NFATC4,0.011185580146117707,0.6136626379400946,1.9513414860668032
NFATC4_1,0.011185580146117707,0.6136626379400946,1.9513414860668032
TTLL5,0.01118560066192153,0.6136626379400946,1.9513406895151622
GREB1L,0.011219106355755114,0.6095638465580662,1.950041734899905
UTP18,0.011260802934257642,0.6135575407251708,1.9484306416796089
ATG2B,0.011284520026318568,0.6106148187073043,1.947516908394312
FHIT,0.01135356144487674,0.9667892800840778,1.9448678853218526
FGF1,0.011410056495930352,0.612926957435628,1.9427122052040415
PTPRC_1,0.011412555611808387,0.6133473462953232,1.9426170931954176
PTPRC,0.011412555611808387,0.6133473462953232,1.9426170931954176
COL5A1,0.011412555611808387,0.6133473462953232,1.9426170931954176
YIPF6,0.011412555611808387,0.6133473462953232,1.9426170931954176
FOLH1,0.011498261043103452,0.8943772990015765,1.939367835862904
KANK1,0.011643567803648334,0.6130320546505518,1.9339139234646079
HLA-G_5,0.011643588945418452,0.6130320546505518,1.9339131348965402
HLA-G_6,0.011643588945418452,0.6130320546505518,1.9339131348965402
AGK_1,0.011643588945418452,0.6130320546505518,1.9339131348965402
AGK,0.011643588945418452,0.6130320546505518,1.9339131348965402
HLA-G_7,0.011643588945418452,0.6130320546505518,1.9339131348965402
TEX264,0.011643588945418452,0.6130320546505518,1.9339131348965402
ERI2,0.011643588945418452,0.6130320546505518,1.9339131348965402
HLA-G_2,0.011643588945418452,0.6130320546505518,1.9339131348965402
HLA-G_3,0.011643588945418452,0.6130320546505518,1.9339131348965402
HLA-G_4,0.011643588945418452,0.6130320546505518,1.9339131348965402
HLA-G_1,0.011643588945418452,0.6130320546505518,1.9339131348965402
HLA-G,0.011643588945418452,0.6130320546505518,1.9339131348965402
TIMM10B,0.011682283383136956,0.6128218602207042,1.9324722630646585
SDC3,0.011721495749218335,0.612926957435628,1.9310169656060274
KDM1A,0.011721516996683815,0.612926957435628,1.9310161783644633
CENPU,0.011721516996683815,0.612926957435628,1.9310161783644633
C7orf25,0.011799159980069583,0.6128218602207042,1.9281489104062788
PPP6R3,0.011799907343685101,0.6128218602207042,1.9281214028874563
MS4A1,0.011875804077369259,0.8743037309511298,1.9253369758468992
RPS6KB2,0.011953339882895016,0.6120861797162375,1.9225107315316146
WWOX,0.011958084166317806,0.6126116657908566,1.9223383941472831
RAB3GAP1,0.011958084166317806,0.6126116657908566,1.9223383941472831
COX5B,0.011958084166317806,0.6126116657908566,1.9223383941472831
COX5B_1,0.011958084166317806,0.6126116657908566,1.9223383941472831
SMARCB1,0.012037875284042088,0.6125065685759328,1.919450160407549
HOXC6,0.012037875284042088,0.6125065685759328,1.919450160407549
SMARCB1_1,0.012037875284042088,0.6125065685759328,1.919450160407549
PLAC8,0.012070187630279231,0.7433526011560694,1.9182859787707907
ZYX_1,0.012118137981712475,0.6124014713610089,1.9165641067697443
PSMC5,0.012118137981712475,0.612401471361009,1.9165641067697443
ZYX,0.012118137981712475,0.6124014713610089,1.9165641067697443
NPAS3,0.012190924360597002,0.6221755123489228,1.91396336333267
ADAM22,0.012195995927922169,0.9636363636363636,1.9137827293116771
APOA1,0.012195995927922169,0.9636363636363636,1.9137827293116771
OR3A1,0.012195995927922169,0.9636363636363636,1.9137827293116771
TGM4,0.012195995927922169,0.9636363636363636,1.9137827293116771
CYP4F11,0.012195995927922169,0.9636363636363636,1.9137827293116771
PRG4,0.012195995927922169,0.9636363636363636,1.9137827293116771
TGM4_1,0.012195995927922169,0.9636363636363636,1.9137827293116771
PHC2,0.012198874601811729,0.6122963741460852,1.9136802329946982
KRR1,0.012198874601811729,0.6122963741460852,1.9136802329946982
RASSF7_1,0.012198874601811729,0.6122963741460852,1.9136802329946982
RASSF7,0.012198874601811729,0.6122963741460852,1.9136802329946982
REXO4,0.012276750318206624,0.7453494482396217,1.9109165766511924
REXO4_1,0.012276750318206624,0.7453494482396217,1.9109165766511924
CAND1,0.01228008749541882,0.6121912769311614,1.9107985388428792
G6PC3,0.01228008749541882,0.6121912769311614,1.9107985388428792
ATP7B,0.012285671280979736,0.5911718339464004,1.9106011089714006
CD180,0.012342508599120687,0.666106148187073,1.9085965615320195
GLS2,0.01242718328115503,0.5756174461376774,1.9056272964649204
PRLR,0.012428819031793471,0.8475039411455596,1.90557013542445
CORO1B,0.012443951550522954,0.6119810825013137,1.9050416884490216
TBCD_1,0.012526518153024472,0.6118759852863899,1.9021696278937643
TBCD,0.012526518153024472,0.6118759852863899,1.9021696278937643
RAD9A,0.012609749128022135,0.6117708880714661,1.8992935536647813
PLEKHA8P1,0.012609749128022135,0.6117708880714661,1.8992935536647813
POLR3E_1,0.012609749128022135,0.6117708880714661,1.8992935536647813
POLR3E,0.012609749128022135,0.6117708880714661,1.8992935536647813
HLA-DQB2_6,0.012616193901537988,0.6218602207041514,1.899071644843956
HLA-DQB2_2,0.012616193901537988,0.6218602207041514,1.899071644843956
HLA-DQB2_1,0.012616193901537988,0.6218602207041514,1.899071644843956
HLA-DQB2_5,0.012616193901537988,0.6218602207041514,1.899071644843956
HLA-DQB2_4,0.012616193901537988,0.6218602207041514,1.899071644843956
HLA-DQB2_3,0.012616193901537988,0.6218602207041514,1.899071644843956
HLA-DQB2,0.012616193901537988,0.6218602207041514,1.899071644843956
HLA-DQB2_7,0.012616193901537988,0.6218602207041514,1.899071644843956
H2BC9,0.01266597239427883,0.5589069889647924,1.8973614628605269
ELOVL6,0.012667687771760345,0.609143457698371,1.8973026494896315
EPHB6_1,0.012675243246498468,0.9657383079348397,1.8970436975095484
EPHB6,0.012675243246498468,0.9657383079348397,1.8970436975095484
H1-2,0.012735355079511844,0.6115606936416185,1.8949889417939798
SLC35A2,0.012777272773964229,0.6115606936416185,1.8935618336277398
SLC35A2_1,0.012777272773964229,0.6115606936416185,1.8935618336277398
SNRNP25,0.012777499347191853,0.6115606936416185,1.893554132561024
EDF1,0.012777499347191853,0.6115606936416185,1.893554132561024
QKI,0.012862112710075747,0.6114555964266947,1.890687689034896
HLA-B_1,0.012862112710075747,0.6114555964266947,1.890687689034896
HLA-B_2,0.012862112710075747,0.6114555964266947,1.890687689034896
HLA-B,0.012862112710075747,0.6114555964266947,1.890687689034896
HLA-B_3,0.012862112710075747,0.6114555964266947,1.890687689034896
HLA-B_4,0.012862112710075747,0.6114555964266947,1.890687689034896
HLA-B_5,0.012862112710075747,0.6114555964266947,1.890687689034896
TUSC2,0.01294722146594492,0.6113504992117709,1.8878234232028512
ST6GAL1,0.01294722146594492,0.6113504992117709,1.8878234232028512
ZNF250,0.012957604089087027,0.6064109301103521,1.8874752937649464
TIMM9,0.013032828043758162,0.6112454019968471,1.8849613348221226
VWA8,0.013032828043758162,0.6112454019968471,1.8849613348221226
THEMIS2,0.013040852515347737,0.6582238570677876,1.8846940166862214
ZBTB11,0.013118934881182532,0.6111403047819233,1.882101423649581
DTYMK,0.013205521207010028,0.6110352075669995,1.8792444530059937
MRGBP,0.013205544424603833,0.6110352075669995,1.8792436894417353
SRPRA,0.01329265912913712,0.6109301103520757,1.876388131954728
BRF1,0.013305122719432724,0.9274829217025748,1.875981115390934
GPC5,0.013305122719432724,0.9274829217025748,1.875981115390934
SLC8B1,0.013380281458636805,0.6108250131371519,1.873534750944339
BTF3,0.013468413885706928,0.6107199159222281,1.8706835461659814
TSC1,0.013468413885706928,0.6107199159222281,1.8706835461659814
PDHB,0.013468413885706928,0.6107199159222281,1.8706835461659814
CDX1,0.013468413885706928,0.6107199159222281,1.8706835461659814
RFC5,0.013557035218739336,0.6106148187073043,1.867835275728712
PARP6,0.013646218966782074,0.6105097214923805,1.8649876643251866
COL5A3,0.013646218966782074,0.6105097214923805,1.8649876643251866
HECA,0.013646218966782074,0.6105097214923805,1.8649876643251866
INPP5E,0.013646218966782074,0.6105097214923805,1.8649876643251866
FOXJ3,0.013646218966782074,0.6105097214923805,1.8649876643251866
GSK3A,0.013646218966782074,0.6105097214923805,1.8649876643251866
WWP1,0.013826094328561998,0.6102995270625329,1.8593004844683247
CD48,0.013826094328561998,0.6102995270625329,1.8593004844683247
BACE2,0.01387114823598478,0.6104046242774566,1.8578875870945735
BTN3A2,0.013871364925646662,0.6102995270625329,1.8578808027687344
KRT23,0.013879669117832552,0.6158696794534945,1.857620887052081
KRT23_1,0.013879669117832552,0.6158696794534945,1.857620887052081
TNFAIP3,0.013916814639470585,0.610194429847609,1.856460157168504
PAPSS1,0.01400806006786423,0.6100893326326853,1.8536220046254923
RNF111,0.01400806006786423,0.6100893326326853,1.8536220046254923
METRN,0.014078087195326806,0.6044140830267998,1.851456349238467
CCR5,0.01409983314786595,0.6099842354177614,1.8507860265921279
WNT7B,0.014159840448188481,0.8079873883342091,1.84894164020993
MED13,0.01428497244332241,0.6097740409879138,1.8451205930638466
SLC25A37,0.014368846838145183,0.8250131371518654,1.8425780844702213
GLT8D1,0.014378343771186594,0.60966894377299,1.8422911370727533
USP25,0.014378343771186594,0.6096689437729901,1.8422911370727533
KLK6,0.01438970303317068,0.813452443510247,1.841948168703151
BLZF1,0.014499319815069979,0.5327377824487651,1.8386523706954054
KRT5,0.0145503010673254,0.6658959537572254,1.8371280203876705
TOP3A_1,0.014561212187585246,0.6089332632685234,1.8368024694964729
TOP3A,0.014561212187585246,0.6089332632685234,1.8368024694964729
EMC3,0.014566702634586016,0.6094587493431424,1.8366387453934319
CNOT2,0.014566702634586016,0.6094587493431424,1.8366387453934319
MRS2,0.014614105924591848,0.6093536521282186,1.8352277491668643
IMPDH1,0.014661695335666674,0.6093536521282186,1.8338158092067913
INTS14,0.014661695335666674,0.6093536521282186,1.8338158092067913
TIMM17A,0.014661695335666674,0.6093536521282186,1.8338158092067913
UBAP1,0.014661695335666674,0.6093536521282186,1.8338158092067913
RNF34,0.014757233674820638,0.6092485549132948,1.8309950457892665
ATP1A1,0.014757233674820638,0.6092485549132948,1.8309950457892665
SNX11,0.014757233674820638,0.6092485549132948,1.8309950457892665
APH1B,0.014757233674820638,0.6092485549132948,1.8309950457892665
CDK17,0.014757233674820638,0.6092485549132948,1.8309950457892665
SEMA4D,0.014853294939205654,0.609143457698371,1.8281771951558305
TULP3,0.014853320257016288,0.609143457698371,1.828176454890716
ARAP1,0.014853320257016288,0.609143457698371,1.828176454890716
SPOCK2,0.014856654955411185,0.6135575407251708,1.8280789629805112
SIRT6,0.014949957696114534,0.6090383604834472,1.8253600362606228
FLCN,0.01497028683350998,0.553757225433526,1.8247698784133133
SLC22A5,0.015046637432281889,0.6089332632685234,1.8225605437757255
ALAD,0.015046893022637581,0.6089332632685234,1.8225531666764334
NUDCD3,0.015047148614876582,0.6089332632685234,1.822545789648093
MFAP5,0.015110757014356881,0.6069364161849711,1.8207137779559754
RARA,0.015115631919026942,0.6070415133998949,1.8205736921375184
CD1A,0.015144382035110216,0.609143457698371,1.8197484433094782
CLEC1B,0.015191901187090557,0.8575932737782449,1.8183878730499274
LDOC1,0.0152432014269831,0.6087230688386758,1.816923811470266
RNF187_1,0.0152432014269831,0.6087230688386758,1.816923811470266
RNF187,0.0152432014269831,0.6087230688386758,1.816923811470266
RINT1,0.015341964912013051,0.608617971623752,1.8141190148462156
SNRPB2,0.01534206861041828,0.608617971623752,1.814116079401295
P4HA2,0.01534206861041828,0.608617971623752,1.814116079401295
CCNI,0.01534206861041828,0.608617971623752,1.814116079401295
VCPKMT,0.015437202317317149,0.6085128744088282,1.8114314040160495
TMEM223,0.015441499853712954,0.6085128744088282,1.8113105183425395
HERPUD1,0.015441499853712954,0.6085128744088282,1.8113105183425395
CBFA2T3,0.015526011647066846,0.6346820809248555,1.8089400923800627
PTX3,0.015530989426753395,0.8926957435627956,1.8088008759590457
TRIM24,0.01564206519831384,0.6083026799789806,1.8057059082441584
ZDHHC24,0.01564206519831384,0.6083026799789806,1.8057059082441584
CH25H,0.015642146461603453,0.8192327903310562,1.8057036520135303
PLA2G12A,0.015844892365406645,0.608092485549133,1.800110706632641
ELP1,0.015844918907123043,0.608092485549133,1.800109979148285
SETD3,0.015844918907123043,0.608092485549133,1.800109979148285
CCL2,0.01589375774891572,0.6084077771939044,1.798773410742236
SH3BGRL3,0.01589596581412554,0.608092485549133,1.7987130798912334
ZNF205,0.015941017916875678,0.5362059905412506,1.7974839500937692
CREB3,0.015947210639263847,0.6079873883342092,1.7973152693412329
SHFL,0.01599854718101322,0.6079873883342091,1.7959194535888539
FUT1,0.01603832022339959,0.5726747241198109,1.7948411195874006
FANCI,0.016042420992685758,0.6078822911192854,1.7947300908882662
MFAP3,0.016050082569776275,0.6078822911192854,1.7945227290219772
HLA-A_2,0.016050082569776275,0.6078822911192854,1.7945227290219772
HLA-A_1,0.016050082569776275,0.6078822911192854,1.7945227290219772
HLA-A_7,0.016050082569776275,0.6078822911192854,1.7945227290219772
HLA-A,0.016050082569776275,0.6078822911192854,1.7945227290219772
HLA-A_5,0.016050082569776275,0.6078822911192854,1.7945227290219772
HLA-A_6,0.016050082569776275,0.6078822911192854,1.7945227290219772
HLA-A_3,0.016050082569776275,0.6078822911192854,1.7945227290219772
HLA-A_4,0.016050082569776275,0.6078822911192854,1.7945227290219772
KLK7,0.01606010066706621,0.6899632159747766,1.7942517368273039
TBL3,0.016153537419787676,0.6077771939043616,1.7917323579354443
ACADS,0.016153537419787676,0.6077771939043616,1.7917323579354443
IRF1,0.016153537419787676,0.6077771939043615,1.7917323579354443
TBL3_1,0.016153537419787676,0.6077771939043616,1.7917323579354443
HUWE1,0.016257577919405897,0.6076720966894378,1.7889441558261736
AGGF1,0.016257577919405897,0.6076720966894378,1.7889441558261736
POLR3B,0.016361663429175458,0.6073568050446663,1.786172545323136
SACM1L,0.016362206807724673,0.607566999474514,1.786158122438323
CCT6A,0.016362206807724673,0.607566999474514,1.786158122438323
CFAP45,0.0164641514695063,0.6067262217551235,1.783460647072157
RUSC1,0.01646742683282928,0.6074619022595901,1.7833742575156633
CHMP4A,0.01646742683282928,0.6074619022595901,1.7833742575156633
CHMP4A_1,0.01646742683282928,0.6074619022595901,1.7833742575156633
HCK,0.01656076527156522,0.6094587493431425,1.78091959837609
RAN,0.016573240751801752,0.6073568050446663,1.7805925608015796
CRYBB2,0.016658961010175243,0.9455596426694692,1.7783520882604726
TMEM30B,0.01667954112882857,0.6071466106148187,1.7778159014176387
LITAF,0.016679623780223085,0.6072517078297426,1.7778137493826787
LAMTOR2,0.016679651330725978,0.6072517078297425,1.777813032039071
GZMK,0.016679651330725978,0.6072517078297426,1.777813032039071
LSM8,0.016679651330725978,0.6072517078297425,1.777813032039071
FASTK,0.016679651330725978,0.6072517078297425,1.777813032039071
TSPAN31,0.01678666134469276,0.6071466106148187,1.7750356709707478
ICA1,0.01678666134469276,0.6071466106148187,1.7750356709707478
MAP4K3,0.0168942735778045,0.6070415133998949,1.7722604773388329
ENTPD6,0.0168942735778045,0.6070415133998949,1.7722604773388329
RHOT2,0.0168942735778045,0.6070415133998949,1.7722604773388329
RMDN3,0.017002490823179842,0.6069364161849711,1.7694874508851604
FANCG,0.017002490823179842,0.6069364161849711,1.7694874508851604
RPS6KA4,0.017002490823179842,0.6069364161849711,1.7694874508851604
NCK2,0.017002490823179842,0.6069364161849711,1.7694874508851604
SDC4,0.017002490823179842,0.6069364161849711,1.7694874508851604
KLHL20,0.017107948239676127,0.6058854440357331,1.766802072376943
INE1,0.017133524334480853,0.945664739884393,1.7661532942682363
GDF11,0.017133524334480853,0.945664739884393,1.7661532942682363
TNFRSF1B,0.017163594402643857,0.6071466106148187,1.7653917569437785
S100B,0.017206195817729163,0.8377299001576458,1.7643151388527605
PTPN7,0.017217368370863493,0.6077771939043615,1.7640332285706755
TM9SF3,0.01722075156830361,0.6067262217551235,1.7639478984779322
G3BP1,0.01722075156830361,0.6067262217551235,1.7639478984779322
NEK2,0.017276005851799687,0.5957961114030478,1.7625566575185028
TNRC6B,0.017330800699409645,0.6066211245401997,1.7611813720060943
WWTR1,0.017330800699409645,0.6066211245401997,1.7611813720060943
DHX40,0.017330800699409645,0.6066211245401997,1.7611813720060943
NUMA1,0.017330800699409645,0.6066211245401997,1.7611813720060943
NUP133,0.01744146610550244,0.6065160273252759,1.7584170116759354
SPRY2,0.017460105320013016,0.6201786652653705,1.7579531409418732
LIN7B,0.017478492156701136,0.6011560693641619,1.757496036019112
PWWP3A,0.017549320465915643,0.6056752496058855,1.7557396953586537
ORC3,0.017552750624844984,0.6064109301103521,1.7556548172273347
TUBB2B,0.017581166632057433,0.9052023121387284,1.7549523098621147
FOXC1,0.01765833980873567,0.6078822911192854,1.7530501300788224
EFHC1,0.01766121119224435,0.6063058328954283,1.7529795161564676
MCC,0.017664657104740467,0.6063058328954283,1.7528947883997796
SKP1,0.017664657104740467,0.6063058328954283,1.7528947883997796
ADAM8,0.017676562021387513,0.5586967945349448,1.7526021986176084
MIOS,0.017777188401535703,0.6062007356805045,1.7501369249323635
DYNC2I1,0.017777188401535703,0.6062007356805045,1.7501369249323635
LRBA,0.017777188401535703,0.6062007356805045,1.7501369249323635
DNAAF11,0.017833173846602872,0.581187598528639,1.7487713566900247
DOK4,0.017919112887716217,0.6694692590646347,1.7466834945347278
TRIM36,0.01795862025666412,0.5627955859169732,1.7457270328098713
PHLDA2,0.017975999926816696,0.6023121387283237,1.7453069423570131
PHLDA2_1,0.017975999926816696,0.6023121387283237,1.7453069423570131
CD247,0.018004020462923206,0.6059905412506569,1.7446305021249395
SUN1,0.018004136916449674,0.6059905412506569,1.7446276930323545
DIABLO,0.018004136916449674,0.6059905412506569,1.7446276930323545
GAK,0.018004136916449674,0.6059905412506569,1.7446276930323545
KATNB1,0.0181675921930758,0.5574356279558592,1.7407026272628157
RPS6KA3,0.0181883971312329,0.608617971623752,1.7402055718399159
BGN,0.018233619201350526,0.6057803468208093,1.7391271194321627
ACTL8,0.018233619201350526,0.6057803468208092,1.7391271194321627
LARP4,0.01833279318602111,0.603783499737257,1.7367713608501216
ZNF500,0.018345776262269048,0.6052548607461902,1.736463907277482
ZNF764,0.01834928823109486,0.6056752496058855,1.7363807773684665
HMGCR,0.01846565843288521,0.6055701523909617,1.7336352020303032
KANSL2,0.01846565843288521,0.6055701523909617,1.7336352020303032
IL2RB,0.01846565843288521,0.6055701523909616,1.7336352020303032
BCL11B,0.018556471599990586,0.7683657383079349,1.7315045987168176
GAPVD1,0.01858264418597787,0.6054650551760379,1.7308924887452943
POLR2H,0.01858264418597787,0.6054650551760379,1.7308924887452943
MRPL16,0.01858264418597787,0.6054650551760379,1.7308924887452943
STOML1,0.01858264418597787,0.6054650551760379,1.7308924887452943
ECI1,0.01870027793265984,0.6053599579611141,1.728151938718928
PLD3,0.01871947561950298,0.6092485549132948,1.7277063211292154
RAPGEFL1,0.01875777505922949,0.6040987913820284,1.7268186764475846
KMT2A,0.0188168796854596,0.6058854440357331,1.7254523919469313
HARS2,0.018937501167303236,0.6051497635312664,1.7226773273838065
CD3D,0.01894366198499266,0.6095638465580662,1.7225360640789094
ENO2,0.01903429682582746,0.5743562795585917,1.720463162469457
TTI1,0.01905709655818986,0.6050446663163426,1.7199432655448932
MED17,0.01905709655818986,0.6050446663163427,1.7199432655448932
SRSF6,0.01917735174851872,0.6049395691014188,1.7172113659043016
WAC,0.019298269712426968,0.6048344718864951,1.7144816281959494
HDGFL3,0.019298269712426968,0.604834471886495,1.7144816281959494
NDUFB1,0.019298269712426968,0.604834471886495,1.7144816281959494
TCERG1,0.019298269712426968,0.604834471886495,1.7144816281959494
IL1R2,0.01931062464763072,0.9832895428271151,1.714203677715608
FXYD1,0.01931062464763072,0.9832895428271151,1.714203677715608
FBLN5,0.019417271656234365,0.605359957961114,1.7118117933715993
TMBIM6,0.019419853433123337,0.6047293746715712,1.711754052153347
HHLA3,0.01942257465236574,0.877982133473463,1.7116932006277752
IRAG2,0.019431628244855503,0.64088281660536,1.7114908068048331
SULT1A2,0.019542105902888313,0.6046242774566474,1.7090286375096049
PDHX,0.019542105902888313,0.6046242774566474,1.7090286375096049
FBXO28,0.019542105902888313,0.6046242774566474,1.7090286375096049
TRIM37,0.019542105902888313,0.6046242774566474,1.7090286375096049
PIGG,0.019542105902888313,0.6046242774566474,1.7090286375096049
METTL17,0.019542105902888313,0.6046242774566474,1.7090286375096049
OAZ1,0.019665030123074762,0.6045191802417236,1.7063053839974265
ZNF7,0.019665030123074762,0.6045191802417236,1.7063053839974265
GNA14,0.019725618094320437,0.6004203888596952,1.7049693794621685
PVRIG,0.019751426135668184,0.6189174986862849,1.7044015410253537
COA7,0.019788629104108026,0.6044140830267998,1.70358429134911
RGS13,0.019853817840838856,1.0,1.7021559670984612
TCF7L1_1,0.01991115362613983,0.6049395691014188,1.700903576790652
TCF7L1,0.01991115362613983,0.6049395691014188,1.700903576790652
AEBP1,0.019912905865485723,0.604308985811876,1.700865359296549
CALCOCO1,0.019912905865485723,0.604308985811876,1.700865359296549
APOL3,0.019912905865485723,0.604308985811876,1.700865359296549
RBMS1,0.019912905865485723,0.604308985811876,1.700865359296549
ADGRL2,0.020010058937963468,0.6942722017866527,1.698751632183648
OGFRL1,0.020100566973084634,0.6042038885969522,1.6967916923402433
IRF6,0.020163504852625514,0.6040987913820284,1.6954339759042287
RALGAPB,0.020163504852625514,0.6040987913820284,1.6954339759042287
C11orf24,0.020163504852625514,0.6040987913820284,1.6954339759042287
NUCB2,0.020163504852625514,0.6040987913820284,1.6954339759042287
NIF3L1,0.020163504852625514,0.6040987913820284,1.6954339759042287
NCBP3,0.02017277766003562,0.5737256962690489,1.6952342981496098
SEMA3B,0.020177731467461775,0.5889647924330005,1.6951276620110867
TRMT61B,0.020289833162741633,0.6039936941671046,1.6927215240262192
ZNF688,0.020289833162741633,0.6039936941671046,1.6927215240262192
GFPT1,0.020289833162741633,0.6039936941671046,1.6927215240262192
AKAP5,0.020345774781422608,0.7124540199684708,1.6915257672562758
NCKIPSD,0.020416851421908824,0.6038885969521808,1.6900112316674616
DHX35,0.020432808278502253,0.5897004729374672,1.6896719399734623
SPSB3,0.020544562694978893,0.603783499737257,1.687303098557809
SLC22A18_1,0.020672970055871584,0.6036784025223332,1.6845971244267024
SLC22A18,0.020672970055871584,0.6036784025223332,1.6845971244267024
ARID1A,0.020672970055871584,0.6036784025223332,1.6845971244267024
AIM2,0.02080026912986293,0.6042038885969522,1.6819310457652081
PRODH2,0.0208020765875729,0.6035733053074094,1.6818933090031736
ADCY2,0.020850653814993247,0.9253809774040987,1.6808803222829423
MYC,0.02086656953155129,0.6036784025223332,1.680548943171028
LARS2,0.020866860660618776,0.6034682080924856,1.6805428839639631
RALYL,0.02088259519776691,0.8407777193904362,1.6802155300935102
NDUFAF1,0.020931852963046758,0.6034682080924856,1.6791923246471494
POLG2,0.02093188538213364,0.6034682080924856,1.6791916520158414
CFLAR,0.02093188538213364,0.6034682080924856,1.6791916520158414
RNF146,0.020967074746358495,0.687651077246453,1.6784621565700857
TBXT,0.02099702160622237,0.6034682080924856,1.6778423048717317
NGDN,0.02106125988089316,0.6033631108775618,1.6765156529532892
KIF3B,0.021062399540667326,0.6033631108775618,1.676492153192913
ITM2C,0.021062399540667326,0.6033631108775617,1.676492153192913
NCOA6,0.021193622173348147,0.603258013662638,1.673794812262183
ANTKMT,0.0212402132204148,0.5987388334209144,1.672841127892603
KLHDC4,0.021294894283393487,0.5009984235417762,1.6717245116011652
TMF1,0.02132013654436677,0.6023121387283237,1.6712100182066694
KLHL3,0.02132279713541306,0.6031529164477142,1.6711558249365637
LINC01963,0.021324899419551045,0.6031529164477141,1.67111300853732
USP3,0.021325556399408807,0.6031529164477142,1.67109962895103
UGT2B17,0.021422026293092096,0.8084077771939043,1.6691394519781284
STK39,0.021455433970747385,0.6030478192327904,1.668462696736305
CNNM4,0.021458073373774478,0.6030478192327904,1.6684092740149958
SOX10,0.021458205347137667,0.6030478192327904,1.6684066029864213
DYNC1H1,0.021458205347137667,0.6030478192327904,1.6684066029864213
BAIAP3,0.021458205347137667,0.6030478192327904,1.6684066029864213
RASL11B,0.021583130856001654,0.598423541776143,1.6658855561841488
OXLD1,0.02159153901589601,0.6029427220178665,1.6657164006352088
KLF6,0.02159157215387637,0.6029427220178665,1.6657157340949054
MAML1_1,0.02159157215387637,0.6029427220178665,1.6657157340949054
MAML1,0.02159157215387637,0.6029427220178665,1.6657157340949054
DUSP12,0.02159157215387637,0.6029427220178665,1.6657157340949054
CPEB1_1,0.021684450270236768,0.7335785601681555,1.6638515833205654
CPEB1,0.021684450270236768,0.7335785601681555,1.6638515833205654
TMEM127,0.02172565996601656,0.6028376248029427,1.6630270220026178
SPOCK1,0.0218585999752419,0.6027325275880189,1.6603776576881566
LSM4,0.02186047193899693,0.6027325275880189,1.660340466435276
SULT2B1,0.02186047193899693,0.6027325275880189,1.660340466435276
IFITM1,0.021996011237299794,0.6026274303730952,1.6576560671181797
MTARC1,0.021996011237299794,0.6026274303730951,1.6576560671181797
SMYD3,0.021996011237299794,0.6026274303730951,1.6576560671181797
PNKP,0.022131100825489653,0.6025223331581713,1.6549969832464735
UBE2I,0.022132281034447334,0.6025223331581713,1.6549738237762117
SYNM,0.022269284512998012,0.6024172359432476,1.6522937361338341
CLBA1,0.02240699085017054,0.6023121387283237,1.6496164631844616
PGAP3,0.02240702486454224,0.6023121387283237,1.6496158039150923
ADA2,0.02240702486454224,0.6023121387283237,1.6496158039150923
PSMA2,0.02240702486454224,0.6023121387283237,1.6496158039150923
NME1,0.02240702486454224,0.6023121387283237,1.6496158039150923
TSN,0.02240702486454224,0.6023121387283237,1.6496158039150923
PA2G4,0.02246057999607522,0.6159747766684183,1.6485790332106822
B3GNT2,0.022490053695171503,0.6119810825013137,1.6480095076818044
PARPBP,0.022513850284032612,0.5461902259590121,1.6475502262737536
SLC46A3,0.022545471127808848,0.6022070415133999,1.6469406849052122
FXYD3,0.022545505289698474,0.6022070415133999,1.6469400268436072
GGNBP2,0.022545505289698474,0.6022070415133999,1.6469400268436072
SMOX,0.022545505289698474,0.6022070415133999,1.6469400268436072
GGNBP2_1,0.022545505289698474,0.6022070415133999,1.6469400268436072
CIAO1,0.022545505289698474,0.6022070415133999,1.6469400268436072
PPWD1,0.0226847289981083,0.6021019442984761,1.6442664046425828
ZNF232,0.0226847289981083,0.6021019442984761,1.6442664046425828
ZNF329,0.022751732404110152,0.6016815554387809,1.642985528901355
MTX2,0.022754586205068917,0.6019968470835523,1.6429310577840095
ZC3H7A,0.022824699208432043,0.6019968470835523,1.641594937034799
SEC22A,0.022824699208432043,0.6019968470835523,1.641594937034799
REXO2,0.022824699208432043,0.6019968470835523,1.641594937034799
WDR62,0.02283797383076962,0.518759852863899,1.6413424290229262
GPM6B,0.022926445551204523,0.6447714135575408,1.6396632717923252
COA1,0.022965384541414335,0.6018917498686285,1.6389262781878775
SEMA3F,0.022965419148343765,0.6018917498686285,1.6389256237426129
JTB,0.022965419148343765,0.6018917498686285,1.6389256237426129
KIR3DL2_7,0.023079011682189975,0.8251182343667893,1.636782793010303
KIR3DL2_8,0.023079011682189975,0.8251182343667893,1.636782793010303
KIR3DL2_9,0.023079011682189975,0.8251182343667893,1.636782793010303
KIR3DL2_11,0.023079011682189975,0.8251182343667893,1.636782793010303
KIR3DL2_12,0.023079011682189975,0.8251182343667893,1.636782793010303
KIR3DL2_24,0.023079011682189975,0.8251182343667893,1.636782793010303
KIR3DL2_22,0.023079011682189975,0.8251182343667893,1.636782793010303
KIR3DL2_21,0.023079011682189975,0.8251182343667893,1.636782793010303
KIR3DL2_18,0.023079011682189975,0.8251182343667893,1.636782793010303
KIR3DL2_28,0.023079011682189975,0.8251182343667893,1.636782793010303
KIR3DL2_4,0.023079011682189975,0.8251182343667893,1.636782793010303
KIR3DL2_6,0.023079011682189975,0.8251182343667893,1.636782793010303
KIR3DL2_2,0.023079011682189975,0.8251182343667893,1.636782793010303
KIR3DL2_3,0.023079011682189975,0.8251182343667893,1.636782793010303
KIR3DL2_1,0.023079011682189975,0.8251182343667893,1.636782793010303
KIR3DL2,0.023079011682189975,0.8251182343667893,1.636782793010303
KIR3DL2_5,0.023079011682189975,0.8251182343667893,1.636782793010303
KIR3DL2_10,0.023079011682189975,0.8251182343667893,1.636782793010303
KIR3DL2_16,0.023079011682189975,0.8251182343667893,1.636782793010303
KIR3DL2_17,0.023079011682189975,0.8251182343667893,1.636782793010303
KIR3DL2_19,0.023079011682189975,0.8251182343667893,1.636782793010303
KIR3DL2_20,0.023079011682189975,0.8251182343667893,1.636782793010303
KIR3DL2_14,0.023079011682189975,0.8251182343667893,1.636782793010303
KIR3DL2_15,0.023079011682189975,0.8251182343667893,1.636782793010303
KIR3DL2_13,0.023079011682189975,0.8251182343667893,1.636782793010303
KIR3DL2_35,0.023079011682189975,0.8251182343667893,1.636782793010303
KIR3DL2_33,0.023079011682189975,0.8251182343667893,1.636782793010303
KIR3DL2_34,0.023079011682189975,0.8251182343667893,1.636782793010303
KIR3DL2_36,0.023079011682189975,0.8251182343667893,1.636782793010303
KIR3DL2_29,0.023079011682189975,0.8251182343667893,1.636782793010303
KIR3DL2_32,0.023079011682189975,0.8251182343667893,1.636782793010303
KIR3DL2_31,0.023079011682189975,0.8251182343667893,1.636782793010303
KIR3DL2_30,0.023079011682189975,0.8251182343667893,1.636782793010303
KIR3DL2_27,0.023079011682189975,0.8251182343667893,1.636782793010303
KIR3DL2_26,0.023079011682189975,0.8251182343667893,1.636782793010303
KIR3DL2_25,0.023079011682189975,0.8251182343667893,1.636782793010303
KIR3DL2_23,0.023079011682189975,0.8251182343667893,1.636782793010303
MINDY1,0.023106892054525933,0.6017866526537047,1.63625846448796
LMAN2L,0.023106892054525933,0.6017866526537047,1.63625846448796
SRGN,0.023106892054525933,0.6017866526537047,1.63625846448796
NIT1,0.023106892054525933,0.6017866526537047,1.63625846448796
GGCT,0.023106892054525933,0.6017866526537047,1.63625846448796
NOL11,0.023106892054525933,0.6017866526537047,1.63625846448796
TENT5A,0.02324912117266426,0.6016815554387809,1.6335934589923504
TMEM123,0.02324912117266426,0.6016815554387809,1.6335934589923504
CYP20A1,0.0233578021086312,0.5847609038360484,1.6315680253011204
NEK3,0.023363510625384318,0.5993694167104572,1.6314618991161745
XDH,0.023391759201363032,0.6017866526537047,1.6309371153984284
UNC119B,0.0233921097574419,0.6015764582238571,1.6309306069768703
CDV3,0.0233921097574419,0.6015764582238571,1.6309306069768703
TNFRSF11B,0.023504676413277022,0.9384130320546505,1.6288457233268474
PFDN1,0.023535861072533717,0.6014713610089333,1.62826990816218
CARS1_1,0.023535861072533717,0.6014713610089333,1.62826990816218
CARS1,0.023535861072533717,0.6014713610089333,1.62826990816218
LMCD1,0.023535861072533717,0.6014713610089333,1.62826990816218
PRDM1,0.02359385491871069,0.6303730951129796,1.6272010954370684
SGSH,0.023640474052774495,0.5736205990541251,1.6263438189735284
BACH2,0.023642795265964685,0.8275354703100368,1.6263011785176058
CEP97,0.02365859692176701,0.5350499211770888,1.6260110148730378
LAMTOR3,0.023680378390600186,0.6013662637940095,1.6256113622685133
COMMD8,0.023680378390600186,0.6013662637940095,1.6256113622685133
ZNF79,0.02373790023138998,0.6229111928533894,1.6245576997981037
NOL3,0.023825629485107,0.6012611665790857,1.6229556162595442
CD47,0.023825664993280992,0.6012611665790857,1.6229549690156784
NFKB1,0.023825664993280992,0.6012611665790857,1.6229549690156784
SERPINB5,0.02387362937286505,0.7399894902785076,1.6220815526400683
PROCR,0.02394093923938451,0.5760378349973726,1.6208588155636776
HYAL1,0.023959318433741085,0.9671045717288492,1.6205255404010648
UBD,0.02397047608855749,0.6015764582238571,1.6203233401599173
UBD_1,0.02397047608855749,0.6015764582238571,1.6203233401599173
UBD_4,0.02397047608855749,0.6015764582238571,1.6203233401599173
UBD_2,0.02397047608855749,0.6015764582238571,1.6203233401599173
UBD_6,0.02397047608855749,0.6015764582238571,1.6203233401599173
UBD_5,0.02397047608855749,0.6015764582238571,1.6203233401599173
UBD_3,0.02397047608855749,0.6015764582238571,1.6203233401599173
BIN1,0.02397158153200029,0.6012611665790857,1.6203033123175103
PLCG2,0.023971688511363182,0.6011560693641618,1.6203013741707406
PREPL,0.02397172417118868,0.6011560693641619,1.6203007281230533
CTTN_1,0.02397172417118868,0.6011560693641619,1.6203007281230533
CTTN,0.02397172417118868,0.6011560693641619,1.6203007281230533
ID4,0.024033582355116746,0.6594850236468733,1.6191814900740424
COX7A1,0.02411852341201291,0.6010509721492381,1.6176492841622563
SNRNP35,0.02411855922390162,0.6010509721492381,1.617648639309591
IFNAR2,0.02411855922390162,0.6010509721492381,1.617648639309591
PRPS2,0.02411855922390162,0.6010509721492381,1.617648639309591
RREB1,0.02411855922390162,0.6010509721492381,1.617648639309591
LILRA4_3,0.02411855922390162,0.6010509721492381,1.617648639309591
LILRA4_2,0.02411855922390162,0.6010509721492381,1.617648639309591
LILRA4_1,0.02411855922390162,0.6010509721492381,1.617648639309591
LILRA4,0.02411855922390162,0.6010509721492381,1.617648639309591
SPATA20,0.024266137495593924,0.6009458749343143,1.6149993459526137
SPDEF,0.02426617345995731,0.6009458749343143,1.6149987022938117
KNTC1,0.02426617345995731,0.6009458749343143,1.6149987022938117
SIGIRR,0.024414425727961507,0.6008407777193905,1.6123534866618816
DMXL1,0.024414570196844884,0.6008407777193905,1.6123509167938077
MSL3,0.024414570196844884,0.6008407777193905,1.6123509167938077
SEC23IP,0.024414570196844884,0.6008407777193905,1.6123509167938077
BORCS8,0.02455055152862782,0.6001050972149238,1.6099387469972581
RANGAP1,0.024563716490452005,0.6007356805044666,1.60970592380179
POLR2E,0.02456375276099767,0.6007356805044666,1.609705282527241
NDUFS1_1,0.02456375276099767,0.6007356805044667,1.609705282527241
NDUFS1,0.02456375276099767,0.6007356805044667,1.609705282527241
DHX38,0.02456375276099767,0.6007356805044666,1.609705282527241
VAPB,0.024713724487785624,0.6006305832895428,1.607061799211341
SMARCC1,0.024713724487785624,0.6006305832895429,1.607061799211341
PROM1,0.024719650368712952,0.6846032580136626,1.606957676140361
ANXA9,0.02484376900819834,0.5716237519705728,1.604782517380568
OCEL1,0.024858453545293736,0.600525486074619,1.6045258924938828
SAR1A,0.024864488721507216,0.600525486074619,1.6044204665629058
ZNF224,0.024996889639574492,0.8592748292170258,1.602114027184233
PLPP3,0.025016048815381345,0.6004203888596953,1.6017812842982992
LDHB,0.025016048815381345,0.6004203888596953,1.6017812842982992
NCOR2,0.025016048815381345,0.6004203888596952,1.6017812842982992
CLCF1,0.025162321893576086,0.6003152916447714,1.5992492861583651
C3orf14,0.02516826058032572,0.6003152916447714,1.5991467982168268
CGRRF1,0.025168371243707358,0.6003152916447714,1.5991448886533837
HIF1AN,0.0251684081315388,0.6003152916447714,1.5991442521334536
CNGA1,0.025242824962838046,0.6993168681029953,1.5978620441537599
ARHGEF40,0.025321570041013677,0.6002101944298476,1.5965093697838648
TMEM104,0.02550278591816131,0.5507094062007356,1.5934123747504758
SLC34A2,0.025561771166887074,0.6126116657908565,1.5924090573463494
HRAS_1,0.025630315168514772,0.6,1.5912460533902675
HRAS,0.025630315168514772,0.6,1.5912460533902675
DCTN5,0.025630315168514772,0.6,1.5912460533902675
ECM1,0.025630315168514772,0.6,1.5912460533902675
NUCB1,0.025630315168514772,0.6,1.5912460533902675
CD69,0.025754665258528063,0.6736731476615869,1.58914409040848
SOX9,0.025775177601473524,0.6015764582238571,1.5887983335682403
CCL5,0.025785154943444123,0.6001050972149238,1.588630254566337
CCL5_1,0.025785154943444123,0.6001050972149238,1.588630254566337
PKIG,0.025785905173044077,0.5998949027850762,1.5886176187750731
DARS2,0.025785905173044077,0.5998949027850762,1.5886176187750731
HAUS3,0.02594231134387788,0.5997898055701524,1.5859913328327637
GRIP2,0.02594231134387788,0.5997898055701524,1.5859913328327637
PSMD4,0.02594231134387788,0.5997898055701524,1.5859913328327637
CDR2,0.02594231134387788,0.5997898055701524,1.5859913328327637
TPRA1,0.025945942171024645,0.6338413032054651,1.585930554213699
SPAG5,0.026049381704963948,0.5797162375197057,1.5842025804377418
PEX11A,0.026078357450185406,0.5983184445612191,1.5837197661910953
FYB1,0.026098213197012447,0.6001050972149238,1.5833892254295867
HSDL2,0.026099499270413207,0.5996847083552286,1.5833678246993637
MCF2L,0.026099499270413207,0.5996847083552286,1.5833678246993637
YTHDF3,0.02609953709642807,0.5996847083552286,1.5833671952766513
SMUG1,0.026103525493877885,0.5907514450867052,1.5833008336908931
PGD,0.026133251064287925,0.6090383604834472,1.5828065592182097
MYL4,0.026210640703534946,0.7737256962690489,1.5815223628531379
CNPY2,0.026257585854952584,0.5995796111403048,1.5807452058196096
CCNC,0.026257585854952584,0.5995796111403048,1.5807452058196096
CIT,0.026257585854952584,0.5995796111403048,1.5807452058196096
CNNM2,0.0263905287946601,0.5980031529164477,1.578551907608593
TBC1D2,0.02640419314795748,0.5939043615344194,1.5783270990235687
MFAP2,0.026414325129418437,0.6001050972149238,1.5781604808056888
CNN3,0.026416308484670914,0.5995796111403048,1.5781278724425751
ARFGEF2,0.02657616613112402,0.5993694167104572,1.5755076700520378
KATNBL1,0.026644241218103656,0.5949553336836574,1.574396643202495
SLC4A7,0.02672824387720396,0.5987388334209144,1.573029574707521
PHF10,0.026736704541422494,0.5992643194955334,1.5728921231650543
NDE1,0.026736704541422494,0.5992643194955334,1.5728921231650543
NDE1_1,0.026736704541422494,0.5992643194955334,1.5728921231650543
CCNB1,0.026866572803731236,0.5969521807672097,1.5707877301934596
ADAM12,0.026895917107216498,0.5991592222806096,1.5703136423911428
MINPP1,0.026898079742976356,0.5991592222806096,1.570278723224233
RPAP1,0.026898079742976356,0.5991592222806096,1.570278723224233
MSANTD2,0.026907980053987878,0.5742511823436679,1.5701189029175173
ZNF208,0.026927090830267685,0.9821334734629532,1.5698105646950347
IL7R,0.026968015105260347,0.600525486074619,1.5691510172310261
DMTF1,0.02706029520411308,0.5990541250656858,1.5676674699402422
SRI,0.02706029520411308,0.5990541250656858,1.5676674699402422
TOR1AIP2,0.02706029520411308,0.5990541250656858,1.5676674699402422
TRAF1,0.0270743139128858,0.8461376773515502,1.5674425399703467
RAD50,0.027095889505227917,0.594114555964267,1.5670965873764036
PSMB5,0.027223354401940167,0.598949027850762,1.565058363023306
MAN2A2,0.027223354401940167,0.598949027850762,1.565058363023306
PERP,0.027223354401940167,0.5989490278507619,1.565058363023306
ADGRG2,0.027239710311168546,0.9838150289017341,1.5647975153690157
WDR55,0.027387260822333226,0.5988439306358382,1.5624514021832034
TRAPPC9,0.027387260822333226,0.5988439306358382,1.5624514021832034
SLC39A6,0.027387260822333226,0.5988439306358382,1.5624514021832034
CES2,0.02755201795992362,0.5987388334209144,1.5598465871292708
MYO9B,0.02771762931808645,0.5986337362059906,1.5572439175703952
SKIC3,0.02771762931808645,0.5986337362059906,1.5572439175703952
ADAM28,0.02787934847167301,0.599474513925381,1.5547173797298195
DPP3,0.027884098408927388,0.5985286389910668,1.5546433932150199
RALGAPA1,0.027884098408927388,0.5985286389910668,1.5546433932150199
MARCKSL1,0.027884098408927388,0.5985286389910667,1.5546433932150199
TPD52,0.027884098408927388,0.5985286389910668,1.5546433932150199
CLCA2,0.027938610557827932,0.8672622175512349,1.5537951960054022
STUB1,0.02805142875327016,0.598423541776143,1.5520450137711388
PIGT,0.02805142875327016,0.598423541776143,1.5520450137711388
ZNF444,0.02805142875327016,0.598423541776143,1.5520450137711388
PCYOX1L,0.02805142875327016,0.598423541776143,1.5520450137711388
GLG1,0.02805142875327016,0.598423541776143,1.5520450137711388
SUGCT,0.028107350478498046,0.5894902785076196,1.5511800909560594
DAGLA,0.02819028066577864,0.6707304256437204,1.549900600219489
MB,0.028219623880643165,0.5983184445612191,1.5494487789462978
EPHB4,0.028219623880643165,0.5983184445612191,1.5494487789462978
KRI1,0.028219623880643165,0.5983184445612191,1.5494487789462978
PDIA6,0.028219623880643165,0.5983184445612191,1.5494487789462978
GJA5,0.028233170528419914,0.9834997372569627,1.549240348715262
RCC1,0.02835599485844794,0.6013662637940095,1.5473551110669341
MTARC2,0.028387284828451747,0.5982133473462953,1.5468761446496273
PELI1,0.028388647257502963,0.5982133473462954,1.5468553014719884
HLA-DPB1_5,0.028388687329265905,0.5982133473462954,1.5468546884475958
HLA-DPB1,0.028388687329265905,0.5982133473462954,1.5468546884475958
HLA-DPB1_1,0.028388687329265905,0.5982133473462954,1.5468546884475958
HLA-DPB1_3,0.028388687329265905,0.5982133473462954,1.5468546884475958
HLA-DPB1_6,0.028388687329265905,0.5982133473462954,1.5468546884475958
HLA-DPB1_4,0.028388687329265905,0.5982133473462954,1.5468546884475958
HLA-DPB1_7,0.028388687329265905,0.5982133473462954,1.5468546884475958
HLA-DPB1_2,0.028388687329265905,0.5982133473462954,1.5468546884475958
BTN3A3,0.028402462756532718,0.6036784025223332,1.5466440009670241
JAG2,0.028558622646035585,0.5981082501313715,1.5442627419816786
AP3M2,0.028558622646035585,0.5981082501313715,1.5442627419816786
POFUT1,0.02859227771570339,0.563951655281135,1.5437512465321992
BBS10,0.02872939298751896,0.5980031529164477,1.5416735499550045
MCCC2_2,0.028729433386512793,0.5980031529164477,1.5416729392547448
MCCC2,0.028729433386512793,0.5980031529164477,1.5416729392547448
PSMG1,0.028729433386512793,0.5980031529164478,1.5416729392547448
MCCC2_1,0.028729433386512793,0.5980031529164477,1.5416729392547448
LTF,0.028838677373345167,0.6033631108775617,1.540024661519518
LST1_2,0.028901123114907563,0.5978980557015239,1.5390852799725385
SRPK2,0.028901123114907563,0.5978980557015239,1.5390852799725385
RETREG3,0.028901123114907563,0.5978980557015239,1.5390852799725385
LST1_1,0.028901123114907563,0.5978980557015239,1.5390852799725385
CENPX,0.028901123114907563,0.5978980557015239,1.5390852799725385
LST1_3,0.028901123114907563,0.5978980557015239,1.5390852799725385
LST1_5,0.028901123114907563,0.5978980557015239,1.5390852799725385
LST1,0.028901123114907563,0.5978980557015239,1.5390852799725385
LST1_7,0.028901123114907563,0.5978980557015239,1.5390852799725385
SDR39U1,0.028901123114907563,0.5978980557015239,1.5390852799725385
POSTN,0.028901123114907563,0.5978980557015239,1.5390852799725385
LST1_6,0.028901123114907563,0.5978980557015239,1.5390852799725385
LST1_4,0.028901123114907563,0.5978980557015239,1.5390852799725385
EP300,0.028901123114907563,0.5978980557015239,1.5390852799725385
PIGQ,0.028991299562006367,0.5930635838150289,1.5377323165539933
GPR171,0.02904407797444855,0.860746190225959,1.536942405965686
ADCY9,0.029055166127375784,0.5965317919075145,1.5367766370726925
TMEM62,0.029071414674577033,0.5977929584866001,1.5365338340564167
ERBIN,0.029073695404064615,0.5977929584866001,1.5364997638403544
TAGLN3,0.029235459229981164,0.5993694167104572,1.5340900798844934
TCF20_2,0.029247153835448753,0.5976878612716763,1.5339163905630324
TCF20,0.029247153835448753,0.5976878612716763,1.5339163905630324
DECR2,0.029247153835448753,0.5976878612716763,1.5339163905630324
DECR2_1,0.029247153835448753,0.5976878612716763,1.5339163905630324
TCF20_1,0.029247153835448753,0.5976878612716763,1.5339163905630324
NAMPT,0.029247153835448753,0.5976878612716763,1.5339163905630324
MYT1,0.029257696415736827,0.8401471361008933,1.5337598707369313
MYT1_1,0.029257696415736827,0.8401471361008933,1.5337598707369313
SPIB,0.02928481522774285,0.6084077771939044,1.5333575118041907
NCF4_1,0.029313564635113386,0.6257488176563322,1.5329313665759428
NCF4,0.029313564635113386,0.6257488176563322,1.5329313665759428
ORAI3,0.029421501999129775,0.5975827640567525,1.5313351598449592
PIM2,0.029421501999129775,0.5975827640567525,1.5313351598449592
PIM2_1,0.029421501999129775,0.5975827640567525,1.5313351598449592
CBX3,0.029421501999129775,0.5975827640567525,1.5313351598449592
B4GAT1,0.029421501999129775,0.5975827640567525,1.5313351598449592
RAPGEF6,0.029421501999129775,0.5975827640567525,1.5313351598449592
YEATS4,0.029421501999129775,0.5975827640567525,1.5313351598449592
INVS,0.029589741963581714,0.5924330005254861,1.5288588220742847
EPS8L1,0.029594434977380703,0.5974776668418287,1.5287899472463826
GFI1,0.02959657859785925,0.5975827640567525,1.5287584910340521
TCIRG1,0.02959674349376706,0.5974776668418287,1.528756071390068
RLN2,0.029759975959288015,0.6202837624802943,1.5263674239579053
CD82,0.02977288192659429,0.5973725696269049,1.5261791249018348
ABITRAM,0.02977288192659429,0.5973725696269049,1.5261791249018348
NIPA2,0.02977288192659429,0.5973725696269049,1.5261791249018348
PHACTR4,0.02986087389095347,0.5974776668418287,1.5248974866155034
TAF12,0.02994493423000914,0.5982133473462954,1.5236766364477128
TOMM22,0.029949697334162997,0.7429322122963742,1.5236075621483611
TBX2,0.030075408768187106,0.5174986862848134,1.5217884612595518
ADGB,0.030114800636536425,1.0,1.5212200075635889
STX16,0.03012786407852796,0.5971623751970573,1.5210316566369708
KRT15,0.03014316318429311,0.603258013662638,1.5208111753325593
GAB1,0.030252980350046067,0.7061481870730426,1.5192318347033766
MIR22HG_1,0.03030667316373166,0.5970572779821335,1.518461734563809
MIR22HG,0.03030667316373166,0.5970572779821335,1.518461734563809
PPIL2,0.030306715054828234,0.5970572779821335,1.5184611342650096
SPAG16,0.030453510332508305,0.5932737782448765,1.5163626396429246
MAP4K1,0.030462927332059204,0.5995796111403048,1.5162283655083753
CDH1,0.03048412221579173,0.5963215974776669,1.5159263058848504
MICU2,0.030486477483672864,0.5969521807672097,1.515892752669047
MRPL23_1,0.030486477483672864,0.5969521807672097,1.515892752669047
MRPL23,0.030486477483672864,0.5969521807672097,1.515892752669047
KHDRBS1,0.03066715501492305,0.5968470835522859,1.51332651155027
COPS7A,0.03066715501492305,0.5968470835522859,1.51332651155027
GREM1_2,0.030727815010632063,0.5887545980031529,1.5124683203997515
GREM1,0.030727815010632063,0.5887545980031529,1.5124683203997515
GREM1_1,0.030727815010632063,0.5887545980031529,1.5124683203997515
BAZ2B,0.030848751306914803,0.5967419863373621,1.5107624106094086
DDX27,0.030848751306914803,0.5967419863373621,1.5107624106094086
NCKAP1L,0.030848751306914803,0.5967419863373621,1.5107624106094086
RCBTB1,0.030848751306914803,0.5967419863373621,1.5107624106094086
FUT8,0.030848751306914803,0.5967419863373621,1.5107624106094086
HSD17B14,0.031026162421426633,0.5959012086179716,1.5082719383141927
RBM10,0.031031270026441765,0.5966368891224383,1.5082004495467292
MTCH1,0.031031270026441765,0.5966368891224383,1.5082004495467292
DFFA,0.031031270026441765,0.5966368891224383,1.5082004495467292
RASSF2,0.031031270026441765,0.5966368891224383,1.5082004495467292
ANAPC5,0.031031270026441765,0.5966368891224383,1.5082004495467292
SLC66A1,0.031062299929646663,0.6337362059905413,1.5077663911774908
EGFL7,0.03121064754886337,0.5887545980031529,1.5056972206335875
COX6C,0.031214714848737238,0.5965317919075145,1.505640628062039
GINS1,0.031214714848737238,0.5965317919075145,1.505640628062039
HSPA4,0.031214714848737238,0.5965317919075145,1.505640628062039
MED7,0.031214714848737238,0.5965317919075145,1.505640628062039
TUBA4A,0.031214714848737238,0.5965317919075144,1.505640628062039
MAGEH1,0.031214714848737238,0.5965317919075145,1.505640628062039
IL16,0.03127730478397206,0.608617971623752,1.5047706778589836
MRC2,0.03139908945745642,0.5964266946925907,1.50308294585468
CDC25C,0.03146735891178943,0.7281135049921177,1.502139706345426
PCSK6,0.031473175861394344,0.5184445612191277,1.5020594315549043
ERBB4,0.03150531968571932,0.5438780872306884,1.5016161092232887
HCFC1,0.03158439754465775,0.5963215974776668,1.5005274026235333
SNAPC1,0.03162797599961322,0.5869679453494483,1.4999285994318743
GORASP2,0.03177064281078458,0.5962165002627431,1.4979739980670157
UNC50,0.03177064281078458,0.5962165002627431,1.4979739980670157
POF1B,0.031875353458248296,0.7201261166579085,1.4965449907425932
OPLAH,0.03188583441531104,0.7614293221229638,1.4964022135450465
TNFAIP8,0.03195765530552169,0.5961114030478192,1.4954250918495369
MLX,0.03195782896464629,0.5961114030478193,1.4954227318830777
RUFY1_1,0.03195782896464629,0.5961114030478193,1.4954227318830777
SEPHS2,0.03195782896464629,0.5961114030478193,1.4954227318830777
LUZP1,0.03195782896464629,0.5961114030478192,1.4954227318830777
MAPKAPK2,0.03195782896464629,0.5961114030478193,1.4954227318830777
RUFY1,0.03195782896464629,0.5961114030478193,1.4954227318830777
CEACAM3,0.03213009556664152,0.5981082501313715,1.4930879826961214
RNF121,0.032140729524624295,0.5955859169732002,1.4929442699210544
SASH3,0.0321435189325196,0.5963215974776668,1.4929065803007653
AGBL5,0.03217482533545356,0.6958486600105097,1.4924838020321103
PIM1,0.03230528765883657,0.5990541250656858,1.4907263874797423
MTSS1,0.0323346012368905,0.5959012086179716,1.490332490575405
GSDME,0.032334995054884096,0.5959012086179716,1.490327201135195
CISH,0.032335038812526445,0.5959012086179716,1.4903266134224173
WSB2,0.032335038812526445,0.5959012086179716,1.4903266134224173
RND3,0.032335038812526445,0.5959012086179716,1.4903266134224173
ETS2,0.03250392358906169,0.6272201786652654,1.4880642116294627
H2BC6,0.03251538048864659,0.6128218602207042,1.4879111595969465
REEP4,0.032525069965819775,0.5957961114030478,1.4877817605392656
OXCT1,0.032525069965819775,0.5957961114030479,1.4877817605392656
CD24,0.03271605692535807,0.595691014188124,1.4852390448158337
H4C8,0.032741590876333694,0.8750394114555964,1.4849002225408272
ELMO1,0.03275274107876331,0.6254335260115607,1.4847523480213225
APLP2,0.032908003441487726,0.5955859169732003,1.4826984659477367
LYZ,0.032908003441487726,0.5955859169732003,1.4826984659477367
TAF6,0.032908003441487726,0.5955859169732002,1.4826984659477367
RER1,0.032908003441487726,0.5955859169732002,1.4826984659477367
PRDM4,0.032908003441487726,0.5955859169732002,1.4826984659477367
DUT,0.032908003441487726,0.5955859169732002,1.4826984659477367
TCF7L2,0.032908003441487726,0.5955859169732003,1.4826984659477367
ANOS1,0.03299772292552924,0.5911718339464004,1.481516028455385
CLEC10A,0.03300817097105456,0.7506043089858119,1.481378539867977
E2F8,0.033080832482850916,0.5648975302154493,1.4804235699127417
IPO9,0.033100913272802124,0.5954808197582764,1.480160023630119
SAYSD1,0.033100913272802124,0.5954808197582764,1.480160023630119
PCSK7,0.033100913272802124,0.5954808197582764,1.480160023630119
TRAK2,0.033100913272802124,0.5954808197582764,1.480160023630119
CLN6,0.03319016765620073,0.5210719915922228,1.4789905537987196
NBR2,0.03327611063814729,0.5472411981082501,1.4778674404071803
DCUN1D2,0.033278549146500684,0.5932737782448765,1.4778356160172472
SUOX,0.03329479018612062,0.5953757225433526,1.4776237175576552
FKBP4,0.03329479018612062,0.5953757225433526,1.4776237175576552
FAXDC2,0.03329479018612062,0.5953757225433526,1.4776237175576552
CDH3,0.033392047769634794,0.5953757225433526,1.4763569469898707
MIPEP,0.03344623944124832,0.5935890698896479,1.4756527054514912
TAF9,0.033489637956467457,0.5952706253284288,1.475089547424549
KRAS,0.033489637956467457,0.5952706253284288,1.475089547424549
TAF9_1,0.033489637956467457,0.5952706253284288,1.475089547424549
SLAMF7,0.033489637956467457,0.5952706253284288,1.475089547424549
IL12RB1,0.033489637956467457,0.5952706253284288,1.475089547424549
RAB17,0.03355691108084252,0.5944298476090384,1.4742180228816542
ZNF280B,0.03356091436046717,0.6140830267997899,1.4741662154149753
ZNF280B_1,0.03356091436046717,0.6140830267997899,1.4741662154149753
PML,0.03365265202459005,0.9091960063058329,1.4729807051618033
SEPTIN7,0.03368546036705051,0.595165528113505,1.4725575129245294
LTBP2,0.03368546036705051,0.595165528113505,1.4725575129245294
DNA2,0.03368546036705051,0.595165528113505,1.4725575129245294
DSN1,0.03388180976859111,0.5950604308985812,1.470033400244482
ARPP19,0.033882261209239276,0.5950604308985812,1.4700276137508554
KLHDC3,0.033882261209239276,0.5950604308985812,1.4700276137508554
MAP3K9,0.03393673632908475,0.7765633210719916,1.4693299257903507
NAA50,0.03408004428254308,0.5949553336836574,1.4674998495963114
KLRD1,0.03423855302813554,0.8925906463478718,1.4654845975338688
NDUFAB1,0.03427881339458887,0.5948502364687336,1.4649742201532054
UBE2J1,0.03427881339458887,0.5948502364687336,1.4649742201532054
IL18RAP,0.03435879878315972,0.8884918549658434,1.4639620279305638
ZSCAN16,0.03442719879900674,0.5827640567524961,1.4630983126315285
URGCP,0.034478572361098365,0.5947451392538098,1.462450725113372
COL18A1,0.034478572361098365,0.5947451392538098,1.462450725113372
THOC2,0.034478572361098365,0.5947451392538098,1.462450725113372
NMI,0.034478572361098365,0.5947451392538098,1.462450725113372
TPBG,0.034478572361098365,0.5947451392538098,1.462450725113372
TPBG_1,0.034478572361098365,0.5947451392538098,1.462450725113372
JOSD1,0.034478572361098365,0.5947451392538098,1.462450725113372
HERC4,0.03449749222633602,0.652128218602207,1.4622124745455474
C21orf91,0.03452305392127455,0.9213872832369943,1.4618907934176204
NDUFA3_1,0.034679325005865604,0.594640042038886,1.4599293641681672
NDUFA3_4,0.034679325005865604,0.594640042038886,1.4599293641681672
NDUFA3_9,0.034679325005865604,0.594640042038886,1.4599293641681672
NDUFA3_2,0.034679325005865604,0.594640042038886,1.4599293641681672
SERINC5,0.034679325005865604,0.594640042038886,1.4599293641681672
NDUFA3_7,0.034679325005865604,0.594640042038886,1.4599293641681672
NDUFA3_8,0.034679325005865604,0.594640042038886,1.4599293641681672
NDUFA3,0.034679325005865604,0.594640042038886,1.4599293641681672
MRPL58,0.034679325005865604,0.594640042038886,1.4599293641681672
NDUFA3_6,0.034679325005865604,0.594640042038886,1.4599293641681672
NDUFA3_3,0.034679325005865604,0.594640042038886,1.4599293641681672
NDUFA3_5,0.034679325005865604,0.594640042038886,1.4599293641681672
MSX2,0.034705494961188854,0.8146085128744088,1.4596017574169244
INHBA,0.03476693855673192,0.5940094587493432,1.4588335499395368
ASF1A,0.03488107516073322,0.5945349448239622,1.4574101370084729
ST6GALNAC2,0.03488107516073322,0.5945349448239622,1.4574101370084729
RHBDF1,0.03488107516073322,0.5945349448239622,1.4574101370084729
ACOX2,0.03515817168111703,0.566684182869154,1.453973717484713
FZD7,0.03526648360032024,0.5968470835522859,1.4526378414130408
CLCA1,0.03526724974129783,0.5105622700998423,1.4526284067558015
STAT5A,0.035285960185653456,0.5947451392538098,1.452398060243247
IARS2,0.03528758336824472,0.5943247503941146,1.4523780828067423
ZNF93,0.03528758336824472,0.5943247503941145,1.4523780828067423
NOP10_1,0.03528758336824472,0.5943247503941146,1.4523780828067423
MRPS17,0.03528758336824472,0.5943247503941146,1.4523780828067423
NOP10,0.03528758336824472,0.5943247503941146,1.4523780828067423
KCNK5,0.03540069112976959,0.78066211245402,1.450988259134799
CCDC15,0.03545770426359532,0.6860746190225959,1.4502893865559796
TBC1D12,0.03549216290664746,0.5942196531791908,1.4498675337659757
ARSF,0.03549234912460622,0.5942196531791908,1.4498652551440734
SRGAP2,0.03559390189781595,0.5309511297950604,1.4486244008749052
FANCC,0.035695510806243724,0.5935890698896479,1.4473863988644937
DDRGK1,0.03569812779845513,0.594114555964267,1.447354560025647
PPA2,0.03590492326152118,0.5940094587493432,1.4448459971399452
TEK,0.03590492326152118,0.5940094587493432,1.4448459971399452
TTC27,0.03590492326152118,0.5940094587493432,1.4448459971399452
ENO1,0.03590492326152118,0.5940094587493432,1.4448459971399452
SNRNP40,0.03590492326152118,0.5940094587493432,1.4448459971399452
HERC5,0.03600705850866861,0.5944298476090384,1.443612355597115
CRYL1,0.03607431992277281,0.5916973200210195,1.4428018475268047
E4F1,0.036112739393437995,0.5939043615344194,1.4423395661749665
KRT38,0.03613783982588227,0.8586442459274829,1.442037811369392
FAM174B,0.036295112320452204,0.5930635838150289,1.4401518552717836
NDUFAF4,0.03632158008171762,0.5937992643194956,1.4398352668182288
DDX31,0.03632158008171762,0.5937992643194955,1.4398352668182288
RUVBL2,0.03632158008171762,0.5937992643194955,1.4398352668182288
SFMBT1,0.03653144922172523,0.5936941671045717,1.437333098756765
MRPL4,0.03653144922172523,0.5936941671045717,1.437333098756765
VEGFC,0.03674216020623499,0.5934839726747241,1.4348353135155674
TM4SF1,0.03674235071665323,0.593589069889648,1.4348330616771228
INSIG2,0.03674235071665323,0.5935890698896479,1.4348330616771228
PPFIA2,0.03677046401596314,0.5235943247503941,1.4345008896225493
CD79B,0.036872335341013,0.9185496584340515,1.4332993551089308
DACH1,0.03689925479197373,0.5189700472937467,1.4329824046539947
SF3B2,0.03695428847749506,0.5934839726747241,1.4323351552653658
KHDC4,0.03695428847749506,0.5934839726747241,1.4323351552653658
AP5M1,0.03695428847749506,0.5934839726747241,1.4323351552653658
BRINP2,0.03703886861005838,0.8588544403573305,1.4313422877544915
NF2,0.037085926840784836,1.0,1.4307908627541537
AK5,0.03715957545781232,0.818812401471361,1.4299292563948296
FOXN3,0.037167266423018985,0.5933788754598004,1.429839379207069
NHERF1,0.037167266423018985,0.5933788754598003,1.429839379207069
KLK1,0.037185941432826365,0.9518654755648975,1.4296212190465791
OR2B6,0.03726590509141871,0.8074619022595901,1.4286883264279524
SCRG1,0.037364010837221254,0.8378349973725696,1.4275465106277467
VEZF1,0.037381288479741016,0.5932737782448765,1.4273457331873232
HCLS1,0.037381288479741016,0.5932737782448765,1.4273457331873232
CPLX2,0.03743468512083744,0.9276931161324224,1.42672581555739
NIPSNAP1,0.037596358581898325,0.5931686810299527,1.424854216890728
RBM6,0.037596358581898325,0.5931686810299527,1.424854216890728
SHROOM2,0.03768753159901214,0.568260641093011,1.4238023063825502
H3C8,0.037735285116656116,0.7171833946400421,1.423252364259501
RAPGEF3,0.03781199535486683,0.5930635838150289,1.42237040413064
AOC3,0.037812286544605965,0.5930635838150289,1.422367059646733
TESK1,0.03781248067142145,0.5930635838150289,1.4223648300013971
REV1,0.03781248067142145,0.5930635838150289,1.4223648300013971
AP1G2,0.03781248067142145,0.5930635838150289,1.4223648300013971
TKT,0.03781248067142145,0.5930635838150289,1.4223648300013971
MNDA,0.03785176670810756,0.6024172359432476,1.4219138452609756
DCPS,0.03796488382031155,0.5982133473462954,1.420617924806868
ZNF638,0.03802965869790704,0.5929584866001051,1.4198775722029526
CTSC,0.03802965869790704,0.5929584866001051,1.4198775722029526
DKK3,0.03802965869790704,0.5929584866001051,1.4198775722029526
RITA1,0.03802965869790704,0.5929584866001051,1.4198775722029526
SURF1,0.03802965869790704,0.5929584866001051,1.4198775722029526
SURF1_1,0.03802965869790704,0.5929584866001051,1.4198775722029526
ATP10A,0.038192165772559315,0.5897004729374672,1.4180257132841285
ACE,0.03824691870495522,0.5931686810299527,1.4174035472642994
PRDM12,0.038369829799879795,0.8315291644771414,1.4160101272321493
FAM114A2,0.03846719839831412,0.5927482921702575,1.4149094426107571
HTT,0.03846719839831412,0.5927482921702575,1.4149094426107571
AMD1,0.03846719839831412,0.5927482921702575,1.4149094426107571
TIMM10,0.03846719839831412,0.5927482921702575,1.4149094426107571
COQ6,0.03849246097941721,0.5841303205465055,1.4146243218070924
NPIPB15,0.03852053400227884,0.644561219127693,1.414307700970257
TOMM6,0.03868756800950569,0.5926431949553337,1.4124285701817951
NAGK,0.03868756800950569,0.5926431949553337,1.4124285701817951
DUSP5,0.03868756800950569,0.5926431949553337,1.4124285701817951
RAB26,0.03886866790294427,0.5916973200210195,1.4104003431432135
GSTZ1,0.0389090094321425,0.5925380977404099,1.4099498255732952
TMEM208,0.0389090094321425,0.5925380977404099,1.4099498255732952
CLCN2,0.038973820121321646,0.9660535995796111,1.4092270236068711
KCNJ3,0.03900656768378856,0.8266946925906463,1.4088622630071483
HLA-DMB_1,0.03913152665372589,0.5924330005254861,1.407473208466417
HLA-DMB,0.03913152665372589,0.5924330005254861,1.407473208466417
STX8,0.03913152665372589,0.5924330005254861,1.407473208466417
HLA-DMB_6,0.03913152665372589,0.5924330005254861,1.407473208466417
HLA-DMB_3,0.03913152665372589,0.5924330005254861,1.407473208466417
SPCS1,0.03913152665372589,0.5924330005254861,1.407473208466417
HLA-DMB_2,0.03913152665372589,0.5924330005254861,1.407473208466417
HLA-DMB_4,0.03913152665372589,0.5924330005254861,1.407473208466417
HLA-DMB_7,0.03913152665372589,0.5924330005254861,1.407473208466417
HLA-DMB_5,0.03913152665372589,0.5924330005254861,1.407473208466417
CLDN5,0.03932125501872014,0.590856542301629,1.4053726292171504
ZNF701,0.03935512366925082,0.5923279033105623,1.404998718541828
ARHGAP25,0.039578804554729716,0.5922228060956385,1.4025373274394977
CORO7,0.039579804481176255,0.5922228060956385,1.402526355479698
CORO7_1,0.039579804481176255,0.5922228060956385,1.402526355479698
EVL,0.039579804481176255,0.5922228060956385,1.402526355479698
CX3CL1,0.03968792381862675,0.6237519705727799,1.401341619603744
PLA2G15,0.03969215036890193,0.5386232264844981,1.40129537204143
MRPS16,0.039805573099395114,0.5921177088807147,1.4000561189597005
ABHD11,0.039805573099395114,0.5921177088807147,1.4000561189597005
CDK5RAP3,0.039805573099395114,0.5921177088807147,1.4000561189597005
TAX1BP1,0.039805573099395114,0.5921177088807147,1.4000561189597005
PHF20,0.039805573099395114,0.5921177088807147,1.4000561189597005
NELL2,0.0400241233467369,0.5911718339464004,1.39767817170958
LTBP1,0.04002961306422672,0.5926431949553337,1.3976186078684987
PLEKHA5,0.040031929881033455,0.5920126116657909,1.3975934726857877
BRAP,0.04003223207694945,0.5919075144508671,1.3975901942646924
BLVRB,0.04003243354120366,0.5920126116657909,1.3975880086610124
GMEB2,0.04003243354120366,0.5920126116657909,1.3975880086610124
DYRK4,0.04003243354120366,0.5920126116657909,1.3975880086610124
FJX1,0.040092340092951845,0.6085128744088282,1.396938594290851
BUD31,0.040260389831271066,0.5919075144508671,1.395122024262311
PSMA6,0.040260389831271066,0.5919075144508671,1.395122024262311
ATG101,0.040260389831271066,0.5919075144508671,1.395122024262311
RIPOR2,0.040346017414420475,0.8903836048344719,1.394199328359603
CCL19,0.0404549483571957,0.5943247503941145,1.3930283488901236
ITGA5,0.04048944600160815,0.5918024172359433,1.3926581654417756
PIK3IP1,0.04048944600160815,0.5918024172359433,1.3926581654417756
DNAJA3,0.040719606091536145,0.5916973200210195,1.3901964318770854
DNAJA3_1,0.040719606091536145,0.5916973200210195,1.3901964318770854
NDUFC1,0.040719606091536145,0.5916973200210195,1.3901964318770854
HIP1,0.04073400039404888,0.734419337887546,1.3900429367407268
FAAP100,0.04080620117413443,0.5427220178665265,1.3892738336977577
APP,0.04095087414765519,0.5915922228060957,1.3877368232454168
NEK7,0.04095087414765519,0.5915922228060957,1.3877368232454168
SFXN3,0.04095087414765519,0.5915922228060957,1.3877368232454168
HTRA1,0.04095087414765519,0.5915922228060957,1.3877368232454168
SYP,0.04096837543220166,0.5780346820809249,1.3875512573018964
SYBU,0.0411089476260955,0.5840252233315817,1.386063640855982
MRNIP,0.04118145887262105,0.5914871255911718,1.3852982723584306
MRNIP_1,0.04118145887262105,0.5914871255911718,1.3852982723584306
CYB561,0.041183254223812055,0.5914871255911718,1.3852793392234475
PPP1R3C,0.04137474528863523,0.589805570152391,1.3832646668133413
NTRK2,0.04138469171889471,0.7485023646873358,1.383160275581276
HSD17B4,0.04141675038106822,0.591382028376248,1.3828239794873494
CIB1,0.04141675038106822,0.591382028376248,1.3828239794873494
HMGCL,0.041651366687666926,0.5912769311613242,1.3803707437127934
CYB5R1,0.041651366687666926,0.5912769311613242,1.3803707437127934
ARHGEF2,0.041651366687666926,0.5912769311613242,1.3803707437127934
LSAMP,0.04167711071440667,0.8212296374146085,1.3801023963372185
GRB10,0.04188529220032638,0.5915922228060957,1.3779384504842842
AHCYL1,0.041887107219000665,0.5911718339464005,1.3779196315749447
MOAP1,0.041887107219000665,0.5911718339464004,1.3779196315749447
MOAP1_1,0.041887107219000665,0.5911718339464004,1.3779196315749447
EMC6,0.041887107219000665,0.5911718339464004,1.3779196315749447
SMAD5,0.041894347784550964,0.6,1.3778445663311614
PLPP2,0.04210390393970584,0.6413032054650551,1.375677633834957
NDUFAF3,0.04212392401168569,0.5910667367314766,1.3754711793373553
ATG12,0.04212397605757769,0.5910667367314766,1.3754706427484626
LAG3,0.04216936829466645,0.9834997372569627,1.375002904752161
PRSS53,0.042171781025009396,0.5726747241198108,1.3749780572018726
F12,0.04222621858528904,0.5885444035733053,1.3744178084892127
C8orf33,0.04223845516207307,0.5902259590120862,1.374291974159283
C8orf33_1,0.04223845516207307,0.5902259590120862,1.374291974159283
ADPGK,0.04236197729298843,0.5909616395165528,1.3730237769075027
ATP6V1G1,0.04236197729298843,0.5909616395165528,1.3730237769075027
CSGALNACT2,0.04236197729298843,0.5909616395165528,1.3730237769075027
RPRD2,0.04236197729298843,0.5909616395165528,1.3730237769075027
FYCO1,0.04260090533082135,0.590856542301629,1.3705811714136624
TTC13,0.04260111502187199,0.590856542301629,1.3705790337257104
ORC4,0.04260111502187199,0.590856542301629,1.3705790337257104
ABHD4,0.04260111502187199,0.590856542301629,1.3705790337257104
CLDN10,0.04266764833320047,0.9833946400420389,1.3699012930220842
C2orf42,0.04270609203125031,0.5902259590120862,1.369510168374524
TBC1D13,0.04284139334788149,0.5907514450867052,1.3681364128762263
PLD2,0.04284139334788149,0.5907514450867052,1.3681364128762263
ASAH1,0.04284139334788149,0.5907514450867052,1.3681364128762263
CHPF2,0.04284139334788149,0.5907514450867052,1.3681364128762263
PTAFR,0.04284139334788149,0.5907514450867052,1.3681364128762263
SLC25A15,0.04284139334788149,0.5907514450867052,1.3681364128762263
RDH16,0.04284139334788149,0.5907514450867052,1.3681364128762263
MIS12,0.04284139334788149,0.5907514450867052,1.3681364128762263
ACSL5,0.043063597796529345,0.5918024172359433,1.3658896893776653
KLHL18,0.043079859550329135,0.59033105622701,1.3657257212658034
HLA-DPA1_3,0.04308281638165017,0.5906463478717814,1.365695914031679
HLA-DPA1_2,0.04308281638165017,0.5906463478717814,1.365695914031679
HLA-DPA1,0.04308281638165017,0.5906463478717814,1.365695914031679
HLA-DPA1_4,0.04308281638165017,0.5906463478717814,1.365695914031679
HLA-DPA1_7,0.04308281638165017,0.5906463478717814,1.365695914031679
THY1,0.04308281638165017,0.5906463478717814,1.365695914031679
PIK3R4,0.04308281638165017,0.5906463478717814,1.365695914031679
HLA-DPA1_1,0.04308281638165017,0.5906463478717814,1.365695914031679
HLA-DPA1_5,0.04308281638165017,0.5906463478717814,1.365695914031679
HLA-DPA1_6,0.04308281638165017,0.5906463478717814,1.365695914031679
RAD51,0.04310524668705639,0.567735155018392,1.3654698651395605
SERBP1,0.04332538824075593,0.5905412506568576,1.36325753686419
HSD17B8,0.04332538824075593,0.5905412506568576,1.36325753686419
HSD17B8_5,0.04332538824075593,0.5905412506568576,1.36325753686419
PANK3,0.04332538824075593,0.5905412506568576,1.36325753686419
HSD17B8_4,0.04332538824075593,0.5905412506568576,1.36325753686419
HSD17B8_3,0.04332538824075593,0.5905412506568576,1.36325753686419
HSD17B8_1,0.04332538824075593,0.5905412506568576,1.36325753686419
HSD17B8_2,0.04332538824075593,0.5905412506568576,1.36325753686419
ZHX3,0.04356273150400007,0.5900157645822386,1.3608848965948137
CASZ1,0.04356911304968669,0.5904361534419338,1.36082128104537
TRIM22,0.04356911304968669,0.5904361534419338,1.36082128104537
CLK4,0.04356911304968669,0.5904361534419338,1.36082128104537
MANSC1,0.04356911304968669,0.5904361534419338,1.36082128104537
C5orf15,0.04356911304968669,0.5904361534419338,1.36082128104537
TAB2,0.04356911304968669,0.5904361534419338,1.36082128104537
MANSC1_1,0.04356911304968669,0.5904361534419338,1.36082128104537
ICAM2,0.043743024750673175,0.5947451392538098,1.3590911895858122
PRKAR2B,0.043813781457481334,0.5904361534419338,1.3583892623377862
ENTR1,0.043813994939804916,0.59033105622701,1.3583871462463155
WBP1L,0.043813994939804916,0.59033105622701,1.3583871462463155
FSTL3,0.04392925579014331,0.5739358906988965,1.3572461540980272
ZDHHC17,0.04406003804931141,0.5902259590120862,1.3559551321376149
PRCC,0.044307246523209935,0.5901208617971624,1.3535252383893395
CST7,0.044307246523209935,0.5901208617971624,1.3535252383893395
ITM2A,0.044307246523209935,0.5901208617971624,1.3535252383893395
BBC3,0.044307246523209935,0.5901208617971624,1.3535252383893395
DYNC2LI1,0.044307246523209935,0.5901208617971624,1.3535252383893395
NGRN,0.044307246523209935,0.5901208617971624,1.3535252383893395
ITCH,0.0445222504864736,0.5844456121912769,1.3514228913015076
PEX1,0.044549151447264755,0.589280084077772,1.351160563799502
TRAPPC12_1,0.044555624513270005,0.5900157645822386,1.3510974646710496
TRAPPC12,0.044555624513270005,0.5900157645822386,1.3510974646710496
PABPC3,0.044555624513270005,0.5900157645822386,1.3510974646710496
DNAJC9,0.044585506319419495,0.5858118759852864,1.350806297083542
FGL2,0.04462789645595367,0.5933788754598004,1.3503935832267298
NECAP1,0.04480517617799094,0.5899106673673148,1.348671810651788
TOMM7,0.04480517617799094,0.5899106673673148,1.348671810651788
BMPR1B,0.04489399773620301,0.6719915922228061,1.347811719671456
ORC2,0.045019427959957864,0.5409353652128219,1.346600027669841
PRC1,0.045054004272631905,0.589805570152391,1.3462666041027742
TLE5,0.045055905682564276,0.589805570152391,1.3462482760000827
PRKCZ,0.045055905682564276,0.589805570152391,1.3462482760000827
NONO,0.045055905682564276,0.589805570152391,1.3462482760000827
VSNL1,0.0451198107732368,0.6154492905937993,1.3456327303968643
TAC3,0.04530776268055481,0.5897004729374671,1.3438273829649174
CCND3,0.04530781719883648,0.5897004729374671,1.3438268603839456
EIF3I,0.04530781719883648,0.5897004729374671,1.3438268603839456
ARFGAP1,0.04530781719883648,0.5897004729374672,1.3438268603839456
DALRD3,0.04530781719883648,0.5897004729374672,1.3438268603839456
KLHL24,0.045499798395564534,0.7062532842879663,1.3419905276481146
KIF3A,0.045500139659704154,0.6872306883867578,1.3419872703023212
IL27RA_1,0.045548878899581015,0.590856542301629,1.3415223079054175
IL27RA,0.045548878899581015,0.590856542301629,1.3415223079054175
RGR,0.045551887838289666,0.5904361534419338,1.341493619552403
DDX50,0.04556091490527153,0.5895953757225434,1.3414075634708695
POP5,0.04556091490527153,0.5895953757225434,1.3414075634708695
HROB,0.04574045042479814,0.5495533368365738,1.3396995630340105
TIMM17B_1,0.04581520298691254,0.5894902785076196,1.3389903849278297
CRYZ,0.04581520298691254,0.5894902785076196,1.3389903849278297
FBXO21,0.04581520298691254,0.5894902785076196,1.3389903849278297
TIMM17B,0.04581520298691254,0.5894902785076196,1.3389903849278297
MPP2,0.04585162943573774,0.5744613767735155,1.3386452261362642
KRT17,0.04593282299727793,0.6529689963215974,1.3378768623446595
AKIRIN1,0.045938174799677,0.5902259590120862,1.3378262640425072
SREBF1,0.046070685635343625,0.5893851812926958,1.3365753244212817
CLTC,0.046070685635343625,0.5893851812926958,1.3365753244212817
N4BP2L2,0.046070685635343625,0.5893851812926958,1.3365753244212817
FN1,0.046070685635343625,0.5893851812926958,1.3365753244212817
C1QA,0.046070685635343625,0.5893851812926958,1.3365753244212817
TERT,0.04631507765864939,0.6417235943247503,1.334277603410193
CRYM,0.04632681415454478,0.589280084077772,1.3341675647369373
COQ10B,0.04632736704865125,0.589280084077772,1.33416238161716
CTRB2_1,0.04632736704865125,0.5892800840777719,1.33416238161716
CTRB2,0.04632736704865125,0.5892800840777719,1.33416238161716
ATP6V0B,0.04632736704865125,0.589280084077772,1.33416238161716
OR10J1,0.046337759983631564,0.9325275880189174,1.334064964293595
OR10J1_1,0.046337759983631564,0.9325275880189174,1.334064964293595
SLC25A23,0.046487656288188586,0.6732527588018917,1.3326623485634084
GNLY,0.04649634553166828,0.9197057277982134,1.3325811799659664
CCNE2,0.04658449171384936,0.5918024172359433,1.331758638762035
DCXR,0.04658525143138511,0.5891749868628481,1.3317515561808784
TPCN1,0.04658525143138511,0.5891749868628481,1.3317515561808784
EPOR,0.04658525143138511,0.5891749868628481,1.3317515561808784
PPIP5K1,0.04662480723686578,0.5771939043615344,1.331382950703654
MMP28_1,0.04679350407846711,0.8098791382028376,1.329814431940502
MMP28,0.04679350407846711,0.8098791382028376,1.329814431940502
RHBDL1,0.046799617590746384,0.8410930110352075,1.3297576956204742
NSUN3,0.04684378622666763,0.5888596952180767,1.3293480096096222
KIF21B,0.04684428731767342,0.5890698896479243,1.3293433639583558
C3orf52,0.046965348256923056,0.5719390436153442,1.3282224529398978
CHI3L1,0.04710352853852872,0.5891749868628482,1.3269465585311127
GLRX2,0.04710464595541043,0.5889647924330005,1.3269362560708782
LILRB1_2,0.047181026130386695,0.5912769311613242,1.3262326179667752
LILRB1_4,0.047181026130386695,0.5912769311613242,1.3262326179667752
LILRB1_1,0.047181026130386695,0.5912769311613242,1.3262326179667752
LILRB1,0.047181026130386695,0.5912769311613242,1.3262326179667752
LILRB1_3,0.047181026130386695,0.5912769311613242,1.3262326179667752
PGAP6,0.04723519706153368,0.5888596952180767,1.3257342684615137
NDOR1,0.04726613606559991,0.5592222806095639,1.3254498991562988
PAX5,0.04727234352635053,0.7639516552811351,1.3253928670151827
TMEM8B,0.047342994823352205,0.5454545454545454,1.324744272935929
MX2,0.047366164537762184,0.5888596952180767,1.324531780725373
CBX8,0.047597399380443585,0.5873883342091435,1.3224167755479368
SLA,0.04762890297158044,0.588754598003153,1.3221294214041321
PLVAP,0.04762890297158044,0.588754598003153,1.3221294214041321
OSER1,0.04762890297158044,0.5887545980031529,1.3221294214041321
CPSF6,0.04762890297158044,0.5887545980031529,1.3221294214041321
MADD,0.04762890297158044,0.5887545980031529,1.3221294214041321
WNT5B,0.047823165822979886,0.7203363110877562,1.3203616776150227
TMA16,0.04785611093801651,0.5500788229111928,1.3200625975484526
ZNF587B,0.047890889573207425,0.5886495007882291,1.3197470958630697
LOXL2,0.04802779489390064,0.5843405149763531,1.3185073527196747
IFIT2,0.04807083019454624,0.5940094587493432,1.3181183774387144
ENPP4,0.04808272285415882,0.5851812926957436,1.318010946848633
GRK2,0.04811183397484001,0.5858118759852864,1.3177480879119825
ARHGAP4,0.04815692334038414,0.5888596952180767,1.317341267160861
RPL3,0.048158056344918335,0.5885444035733053,1.3173310494850894
DZANK1,0.04841765835898503,0.5884393063583815,1.3149962183301152
YIPF4,0.04842447977560362,0.5884393063583815,1.3149350362112942
YKT6,0.04842447977560362,0.5884393063583815,1.3149350362112942
HAX1,0.04842447977560362,0.5884393063583815,1.3149350362112942
BCAM,0.04842447977560362,0.5884393063583815,1.3149350362112942
POLB,0.04842447977560362,0.5884393063583815,1.3149350362112942
TCN2,0.04842831664784793,0.6816605359957961,1.3149006266226013
KIF5C_1,0.04859641677845229,0.5243300052548607,1.3133957519458517
KIF5C,0.04859641677845229,0.5243300052548607,1.3133957519458517
SCN1B,0.04869214004000391,0.5883342091434577,1.3125411376097738
CTSS,0.04869214004000391,0.5883342091434577,1.3125411376097738
KLHL36,0.0487006861553056,0.5671045717288492,1.3124649198661933
NHERF2,0.048862949717749106,0.8415133998949028,1.311020319444566
GNA12,0.04896104139902993,0.5882291119285339,1.3101493533412083
FBXO34,0.04896104139902993,0.5882291119285339,1.3101493533412083
YARS2,0.04896104139902993,0.5882291119285339,1.3101493533412083
ODC1,0.04896104139902993,0.5882291119285339,1.3101493533412083
PSEN2,0.048974405135099965,0.5735155018392013,1.3100308304350647
CWH43,0.049045413511961976,0.9821334734629532,1.309401599488499
CCDC106,0.049161024905358126,0.5057277982133473,1.3083790715524335
RBKS,0.04919902691787084,0.5873883342091435,1.3080434868338255
WRAP53,0.04923118811964751,0.5881240147136101,1.3077596830657505
ATP5MC1,0.04923118811964751,0.5881240147136101,1.3077596830657505
SCP2,0.04923118811964751,0.5881240147136101,1.3077596830657505
RIOX2,0.04923118811964751,0.5881240147136101,1.3077596830657505
TSTD2,0.04923118811964751,0.5881240147136101,1.3077596830657505
DGKD,0.04923118811964751,0.5881240147136101,1.3077596830657505
RXYLT1,0.04923118811964751,0.5881240147136101,1.3077596830657505
GPX3,0.04945991182699839,0.599474513925381,1.3057466621979763
BAZ1A,0.04950258447483549,0.5880189174986863,1.3053721264430185
P3H1,0.04950258447483549,0.5880189174986863,1.3053721264430185
GADD45G,0.04962949014656465,0.557015239096164,1.304260186371706
EFNA1,0.04977523474354245,0.5879138202837625,1.3029866831320998
GATB,0.04995979926686113,0.5836048344718865,1.301379315243252
CLIC2,0.05014435538797958,0.5985286389910667,1.2997779472262707
TLR2,0.05017297704850958,0.5929584866001051,1.2995301290423844
SPA17,0.05018581750183262,0.5738307934839727,1.29941899701696
PCGF2_1,0.050324314166896644,0.5877036258539149,1.2982221350793854
SAR1B,0.050324314166896644,0.5877036258539149,1.2982221350793854
PCGF2,0.050324314166896644,0.5877036258539149,1.2982221350793854
IMPA2,0.050531823602030755,0.6278507619548082,1.2964350285773563
SPATA7,0.05053416069588002,0.5858118759852864,1.2964149429477616
CXCL9,0.05060051822789459,0.5877036258539149,1.2958450352874245
KANK2,0.05060069348862981,0.5875985286389911,1.295843531060965
CERS4,0.05068649211001206,0.5826589595375723,1.2951077642112219
PSTPIP2,0.05084639948400661,0.6297425118234367,1.2937397947489089
APOL6,0.050877288375823095,0.5878087230688387,1.2934760434838386
SNX13,0.05087846073904298,0.5874934314240673,1.2934660361696253
SARS1,0.05087846073904298,0.5874934314240672,1.2934660361696253
HEY1,0.05087846073904298,0.5874934314240673,1.2934660361696253
FBL_1,0.05115744496547023,0.5873883342091435,1.2910911542853902
TRAPPC11,0.05115744496547023,0.5873883342091435,1.2910911542853902
FBL,0.05115744496547023,0.5873883342091435,1.2910911542853902
WDR11,0.05115744496547023,0.5873883342091435,1.2910911542853902
UBXN8,0.051396361981100765,0.5840252233315817,1.2890676208383762
RING1_1,0.05143770890202839,0.5872832369942197,1.2887183836562632
RING1,0.05143770890202839,0.5872832369942197,1.2887183836562632
MSL1,0.05143770890202839,0.5872832369942197,1.2887183836562632
NNAT,0.05143770890202839,0.5872832369942196,1.2887183836562632
RING1_5,0.05143770890202839,0.5872832369942197,1.2887183836562632
RING1_4,0.05143770890202839,0.5872832369942197,1.2887183836562632
RING1_3,0.05143770890202839,0.5872832369942197,1.2887183836562632
RING1_2,0.05143770890202839,0.5872832369942197,1.2887183836562632
COL5A2,0.05143770890202839,0.5872832369942197,1.2887183836562632
CENPQ,0.05158771774061909,0.5831844456121913,1.2874536850474128
GET3,0.05167811087322009,0.5971623751970573,1.2866933706385868
SMC5,0.05171925686822489,0.5871781397792959,1.2863477239375811
CCNH,0.05171925686822489,0.5871781397792959,1.2863477239375811
TBC1D9,0.05171925686822489,0.5871781397792959,1.2863477239375811
IDE,0.05171925686822489,0.5871781397792959,1.2863477239375811
ARHGAP19,0.051934713103718846,0.5761429322122964,1.2845422631538863
TK2,0.05200209318918179,0.5870730425643721,1.283979174784139
RB1,0.05200209318918179,0.5870730425643721,1.283979174784139
LSM3,0.05200209318918179,0.5870730425643721,1.283979174784139
NFRKB,0.05200209318918179,0.587073042564372,1.283979174784139
PIGC,0.05200209318918179,0.5870730425643721,1.283979174784139
CYBB,0.05206485446610747,0.5918024172359433,1.2834553412295915
FKTN,0.05214488660542667,0.5765633210719916,1.282788272624348
TCTN1,0.052286222195589524,0.5869679453494483,1.2816127358501925
BET1,0.052286222195589524,0.5869679453494483,1.2816127358501925
DCTN3,0.052286222195589524,0.5869679453494483,1.2816127358501925
RASA1,0.052286222195589524,0.5869679453494483,1.2816127358501925
AK1,0.052286222195589524,0.5869679453494483,1.2816127358501925
CA11,0.052286222195589524,0.5869679453494483,1.2816127358501925
TMOD1,0.05239345503491371,0.8270099842354177,1.2807229614848246
SLC39A7_4,0.0524103893737966,0.5558591697320021,1.2805826137707303
SLC39A7_5,0.0524103893737966,0.5558591697320021,1.2805826137707303
SLC39A7_3,0.0524103893737966,0.5558591697320021,1.2805826137707303
SLC39A7_2,0.0524103893737966,0.5558591697320021,1.2805826137707303
SLC39A7_1,0.0524103893737966,0.5558591697320021,1.2805826137707303
SLC39A7,0.0524103893737966,0.5558591697320021,1.2805826137707303
TMEM53,0.05242871309874932,0.5868628481345244,1.280430802232321
GLCE,0.052455930319584794,0.58066211245402,1.2802054062410362
ITGA1,0.05252310273473401,0.892485549132948,1.27964962643686
CSF1R,0.05257164822366092,0.5868628481345244,1.2792484067894563
UBE3C,0.05257164822366092,0.5868628481345244,1.2792484067894563
FBXO41,0.052712752077717716,0.586547556489753,1.2780843091319285
SLC16A6,0.0527453657503533,0.5151865475564897,1.277815691811546
LSS,0.05285837561508453,0.5867577509196007,1.276886187255101
PSMB7,0.05285837561508453,0.5867577509196006,1.276886187255101
LSS_1,0.05285837561508453,0.5867577509196007,1.276886187255101
ATP6V0E1,0.05285837561508453,0.5867577509196006,1.276886187255101
SIDT2,0.05285837561508453,0.5867577509196006,1.276886187255101
MALT1,0.05301992895518277,0.5975827640567525,1.2755608585416798
SAP30L,0.05314580660160689,0.5866526537046768,1.274530997210847
LSP1_1,0.05314640871697766,0.5866526537046768,1.2745260768997553
GSDMD,0.05314640871697766,0.5866526537046768,1.2745260768997553
GSDMD_1,0.05314640871697766,0.5866526537046768,1.2745260768997553
ZNF136,0.05314640871697766,0.5866526537046768,1.2745260768997553
LSP1,0.05314640871697766,0.5866526537046768,1.2745260768997553
KLRG1,0.05314732422314528,0.8700998423541776,1.2745185957573444
FEZ1,0.053290313152779496,0.5864424592748292,1.2733517276831916
PARG,0.053432368833883075,0.5862322648449816,1.272195571677487
RIC8B,0.053435751881839175,0.586547556489753,1.272168075375503
CKLF,0.053435751881839175,0.586547556489753,1.272168075375503
EIF3J,0.053435751881839175,0.586547556489753,1.272168075375503
CDIPT,0.053435751881839175,0.586547556489753,1.272168075375503
SEC11A,0.053435751881839175,0.586547556489753,1.272168075375503
ANO2,0.05344636502211105,0.9106673673147662,1.272081826554757
ABAT,0.0535595461991716,0.5748817656332107,1.2711631113469326
FAM200C,0.05371085540814793,0.5571203363110877,1.2699379309222079
PGRMC1,0.05372640946750194,0.5864424592748292,1.2698121823338822
HSPH1,0.05372640946750194,0.5864424592748292,1.2698121823338822
CSGALNACT1,0.05387854456058025,0.5905412506568576,1.268584144534911
ZNF480,0.05396198012756217,0.8926957435627956,1.2679121223304615
PTK7,0.05401814258441346,0.5863373620599054,1.2674603531216941
NDUFA6_4,0.05401832502390056,0.5863373620599054,1.2674588863491445
NDUFA6_1,0.05401832502390056,0.5863373620599054,1.2674588863491445
NDUFA6,0.05401832502390056,0.5863373620599054,1.2674588863491445
NDUFA6_3,0.05401832502390056,0.5863373620599054,1.2674588863491445
NDUFA6_2,0.05401832502390056,0.5863373620599054,1.2674588863491445
KDELR2,0.054018385837084855,0.5863373620599054,1.2674583974258857
MAP2K2,0.054018385837084855,0.5863373620599054,1.2674583974258857
SLC25A44,0.054018385837084855,0.5863373620599054,1.2674583974258857
DMAC2,0.054018385837084855,0.5863373620599054,1.2674583974258857
SPI1,0.05406936488065985,0.6676826064109301,1.2670487317827028
CA12,0.054242136232686027,0.5862322648449816,1.2656632148674243
GTPBP6,0.054242136232686027,0.5844456121912769,1.2656632148674243
GTPBP6_1,0.054242136232686027,0.5844456121912769,1.2656632148674243
ARPC2,0.05431168535894464,0.5862322648449816,1.2651067203019586
DHRS9,0.05431168535894464,0.5862322648449816,1.2651067203019586
INPP4B,0.05440273321727522,0.5621650026274304,1.2643792806076706
FARP2,0.05459560526462935,0.5122438255386232,1.2628423149168135
KIF18B,0.054606067544912366,0.5861271676300578,1.2627590980485728
PCTP,0.054606067544912366,0.586022070415134,1.2627590980485728
RUSC2,0.054606312406627215,0.5861271676300578,1.2627571506119974
EXOC1,0.054606312406627215,0.5861271676300578,1.2627571506119974
GBP2,0.054606312406627215,0.5861271676300578,1.2627571506119974
PSMA7,0.05490227135881879,0.586022070415134,1.2604096880053508
WDR7,0.05490227135881879,0.586022070415134,1.2604096880053508
LIPG,0.055018996678472175,0.9663688912243825,1.2594873336296526
H1-3,0.05515393588211219,0.7937992643194955,1.258423490097937
RFK,0.05519956659929664,0.5859169732002102,1.2580643321308163
PREP,0.05524297137255413,0.5975827640567525,1.2577229699196488
NAB1,0.055427225442233274,0.5977929584866001,1.2562768606333448
SHC2,0.055455729244502115,0.5732002101944298,1.2560535793482048
SPATA2,0.05549474058020289,0.585496584340515,1.2557481744490369
KPTN,0.05549820251687946,0.5858118759852864,1.2557210826366412
TNFAIP2,0.05549820251687946,0.5858118759852864,1.2557210826366412
MSL2,0.05549820251687946,0.5858118759852864,1.2557210826366412
EIF2S1,0.05549820251687946,0.5858118759852864,1.2557210826366412
SHC1,0.05549820251687946,0.5858118759852864,1.2557210826366412
CKAP2,0.05549820251687946,0.5858118759852864,1.2557210826366412
DIPK2B,0.05549820251687946,0.5858118759852864,1.2557210826366412
DERL2,0.05549820251687946,0.5858118759852864,1.2557210826366412
SS18L1,0.05549820251687946,0.5858118759852864,1.2557210826366412
ZNF639,0.05550563234770455,0.5795060430898581,1.2556629452842232
SYTL2,0.05551612364060157,0.8427745664739884,1.2555808656848473
ZC3H13,0.05579818350537752,0.5857067787703626,1.2533799391705203
NDUFB8,0.05579818350537752,0.5857067787703626,1.2533799391705203
LRRC23,0.055962668214190284,0.5545980031529164,1.2521015871917494
ZNF226,0.056083939139311687,0.5647924330005255,1.2511614906479118
VRK3,0.056099513963542305,0.5856016815554388,1.2510409013795956
HMBOX1,0.056099513963542305,0.5856016815554388,1.2510409013795956
C3,0.056099513963542305,0.5856016815554388,1.2510409013795956
SPTBN1,0.056099513963542305,0.5856016815554388,1.2510409013795956
EXOSC7,0.056099513963542305,0.5856016815554388,1.2510409013795956
FAM171A1,0.0562485052006238,0.5858118759852864,1.2498890144032053
OR12D2_3,0.056297342164864685,1.0,1.2495121079973197
OR12D2_2,0.056297342164864685,1.0,1.2495121079973197
OR12D2,0.056297342164864685,1.0,1.2495121079973197
OR12D2_1,0.056297342164864685,1.0,1.2495121079973197
OR12D2_4,0.056297342164864685,1.0,1.2495121079973197
OR12D2_5,0.056297342164864685,1.0,1.2495121079973197
KIF22,0.05636544022590585,0.562375197057278,1.2489870967183045
GIMAP4,0.05640213586724721,0.585496584340515,1.2487044496018356
SRP19,0.056402198295015964,0.585496584340515,1.2487039689104562
JUND,0.056402198295015964,0.585496584340515,1.2487039689104562
TMEM33,0.056402198295015964,0.585496584340515,1.2487039689104562
ACYP1,0.056402198295015964,0.585496584340515,1.2487039689104562
MED4,0.056402198295015964,0.585496584340515,1.2487039689104562
PSD3,0.056448343281490856,0.5764582238570678,1.2483487997844507
NUAK2,0.056525599812399005,0.5847609038360484,1.2477548205114313
MORF4L2,0.056706178277673734,0.5853914871255912,1.2463696210766546
MVK,0.05670624090828042,0.5853914871255912,1.2463691414091354
NDRG3,0.05670624090828042,0.5853914871255912,1.2463691414091354
TMEM177,0.056848312227705894,0.5808723068838676,1.245282424574748
PPP1R16B,0.05696202843545633,0.665580662112454,1.2444145537349613
MYG1_1,0.05701139488201614,0.5852863899106674,1.244038333103014
MYG1,0.05701139488201614,0.5852863899106674,1.244038333103014
TCF7,0.05701139488201614,0.5852863899106674,1.244038333103014
RUSF1,0.057011646216606045,0.5852863899106674,1.244036418521111
CHST1,0.05728768009824751,0.5815028901734104,1.241938764430951
FAAH,0.057314888584807946,0.5851812926957436,1.2417325474860441
ROGDI,0.05731841863800006,0.5851812926957436,1.2417057998913041
MRPS33,0.05731841863800006,0.5851812926957436,1.2417057998913041
TSPAN14,0.05731841863800006,0.5851812926957436,1.2417057998913041
ANKLE2,0.05731841863800006,0.5851812926957436,1.2417057998913041
C5AR1,0.0573698865855865,0.5787703625853915,1.241316008672599
KRT14,0.05752990661379662,0.6158696794534945,1.240106330948353
CD1B,0.05762630963354395,0.5850761954808197,1.2393791915778543
MCM3AP,0.05762656259515461,0.5850761954808198,1.2393772851640787
ADAP1,0.05762656259515461,0.5850761954808198,1.2393772851640787
FA2H,0.05771698101561174,0.735995796111403,1.238696393492448
PGGT1B,0.057768018712111936,0.5017341040462429,1.2383125273374596
ZFR,0.05777893331038805,0.585496584340515,1.2382304801742132
CCDC68,0.05791245444624665,0.945664739884393,1.2372280284033188
MARK2,0.05791245444624665,0.945664739884393,1.2372280284033188
POFUT2,0.05793608251539452,0.584971098265896,1.2370508739832395
ALCAM,0.05793608251539452,0.584971098265896,1.2370508739832395
AGPAT2,0.05824698283062462,0.5848660010509722,1.2347265659920317
BTN2A2,0.058402314522568104,0.584971098265896,1.2335699411673737
SERPINA5,0.05868561690720298,0.5821334734629532,1.2314683257241097
TSNAXIP1,0.058741739365122704,0.8244876510772464,1.231053197998937
N6AMT1,0.058746094659718855,0.5211770888071466,1.2310209992538201
TF,0.05875039543239282,0.7619548081975828,1.2309892059323415
ARHGAP15,0.05879253515608992,0.6128218602207042,1.230677812466771
HLA-C_6,0.05887294239625693,0.5846558066211245,1.2300842581486882
HLA-C_2,0.05887294239625693,0.5846558066211245,1.2300842581486882
HLA-C_3,0.05887294239625693,0.5846558066211245,1.2300842581486882
HLA-C_1,0.05887294239625693,0.5846558066211245,1.2300842581486882
ELOC,0.05887294239625693,0.5846558066211245,1.2300842581486882
HLA-C_4,0.05887294239625693,0.5846558066211245,1.2300842581486882
HLA-C_5,0.05887294239625693,0.5846558066211245,1.2300842581486882
HLA-C,0.05887294239625693,0.5846558066211245,1.2300842581486882
OXSM,0.05887294239625693,0.5846558066211245,1.2300842581486882
TRMT1L,0.05902087093331886,0.5751970572779821,1.2289943861823192
CCL8,0.05913557663331317,0.5867577509196007,1.2281511640099212
NFU1,0.05918801053289078,0.5845507094062007,1.2277662575802366
MED27,0.05918801053289078,0.5845507094062007,1.2277662575802366
FBXW2,0.05918801053289078,0.5845507094062007,1.2277662575802366
RHOD,0.05918801053289078,0.5845507094062007,1.2277662575802366
MFAP1,0.05950447683687055,0.5844456121912769,1.2254503587687826
FOSL2,0.05956738238809102,0.6099842354177614,1.224991483993574
RNGTT,0.05966097581570252,0.5848660010509721,1.2243096475896253
IL10RA,0.05979880626468207,0.585496584340515,1.2233074855406194
RGS3,0.05982234576220034,0.5843405149763531,1.2231365613547593
CD2BP2,0.05982234576220034,0.5843405149763531,1.2231365613547593
ARL8B,0.05982234576220034,0.5843405149763531,1.2231365613547593
PTK2,0.05982234576220034,0.5843405149763531,1.2231365613547593
MFSD5,0.05982234576220034,0.5843405149763531,1.2231365613547593
TJP2,0.05982234576220034,0.5843405149763531,1.2231365613547593
MSX1,0.05995689375616393,0.5746715712033631,1.2221608751483404
USP7,0.06014162176714155,0.5842354177614293,1.220824864978034
METTL4,0.06031264604660621,0.577404098791382,1.219591617670128
ARMC9,0.06036209491364844,0.5812926957435628,1.2192356961056994
OR7A10,0.06040046351692801,0.9458749343142406,1.2189597285631115
TRPA1,0.06043387998563236,0.8066211245401997,1.2187195222126272
NR2F6,0.06046230931415789,0.5841303205465055,1.218515269277908
PCK2_1,0.06046230931415789,0.5841303205465055,1.218515269277908
PCK2,0.06046230931415789,0.5841303205465055,1.218515269277908
MAP3K5,0.06076064917382153,0.5859169732002102,1.2163775947318585
COX7A2,0.060784412869860166,0.5840252233315817,1.2162077738931147
STN1,0.060784412869860166,0.5840252233315817,1.2162077738931147
HDAC2,0.060784412869860166,0.5840252233315817,1.2162077738931147
GPRC5B,0.06094486670641953,0.6044140830267998,1.2150628684699012
FGF6,0.06098283705375333,0.9482921702574881,1.2147923751800656
TSSC4,0.06103328138736523,0.5807672096689438,1.214433280049701
FPGT,0.061106627064743735,0.5836048344718865,1.2139116876039642
NAA60,0.06110793690495062,0.5839201261166579,1.2139023784618197
XPO7,0.06110793690495062,0.5839201261166579,1.2139023784618197
TRAP1,0.06110793690495062,0.5839201261166579,1.2139023784618197
ZCCHC14,0.061251473173456736,0.5824487651077247,1.2128834615200144
TREM2,0.06143262310247198,0.5838150289017341,1.2116009404087866
SNAPC4,0.06143288589416681,0.5838150289017341,1.2115990826216194
SEPTIN8,0.06143288589416681,0.5838150289017341,1.2115990826216194
RNPEP,0.06143288589416681,0.5838150289017341,1.2115990826216194
COLGALT1,0.06143288589416681,0.5838150289017341,1.2115990826216194
NFKBIB_1,0.06159583034509031,0.5838150289017341,1.2104486858779326
NFKBIB,0.06159583034509031,0.5838150289017341,1.2104486858779326
TRMT11,0.06175860527696959,0.5837099316868103,1.209302520433905
GPS2,0.06175926431622554,0.5837099316868103,1.2092978860095394
NCOA4,0.06175926431622554,0.5837099316868103,1.2092978860095394
MARK3,0.06175926431622554,0.5837099316868103,1.2092978860095394
GPS2_1,0.06175926431622554,0.5837099316868103,1.2092978860095394
QARS1,0.06175926431622554,0.5837099316868103,1.2092978860095394
DNAJC22,0.06179780960500305,0.6355228586442458,1.20902691800696
SLC39A4,0.06192233089518637,0.5834997372569627,1.208152704200736
SLC39A4_1,0.06192233089518637,0.5834997372569627,1.208152704200736
POLE2,0.06208701054359981,0.5836048344718865,1.2069992506979743
BRMS1,0.06208707665376603,0.5836048344718865,1.206998788262034
H2BC7,0.06208707665376603,0.5836048344718865,1.206998788262034
NEMP1,0.062214362272148965,0.5224382553862322,1.2061093462493127
SHANK2,0.062277011547925705,0.5571203363110877,1.205672235849981
TK1,0.06236221572990552,0.5826589595375723,1.205078462723474
CYCS,0.06241632739329309,0.5834997372569627,1.2047017890149854
PRKACA_1,0.06241632739329309,0.5834997372569627,1.2047017890149854
TNPO1,0.06241632739329309,0.5834997372569627,1.2047017890149854
PRKACA,0.06241632739329309,0.5834997372569627,1.2047017890149854
HMMR,0.06243325450616338,0.5658434051497635,1.2045840256769378
NPFFR1,0.06269395201034249,0.5244351024697845,1.2027743528730035
BRCA1,0.06272687341096726,0.5383079348397267,1.2025463591102739
LAT,0.06274329574373477,0.5837099316868103,1.2024326726684738
CABIN1,0.06274702102511959,0.5833946400420389,1.202406887903703
EMP2,0.06274702102511959,0.5833946400420389,1.202406887903703
CABIN1_1,0.06274702102511959,0.5833946400420389,1.202406887903703
TRAF2,0.06274702102511959,0.5833946400420389,1.202406887903703
IMP4,0.06274702102511959,0.5833946400420389,1.202406887903703
SERPINA1,0.06274702102511959,0.5833946400420389,1.202406887903703
SERPINA1_1,0.06274702102511959,0.5833946400420389,1.202406887903703
ADRA2C,0.06284834889686206,0.5721492380451918,1.2017061272763667
TNFRSF17,0.06307203695458204,0.9178139779295849,1.2001631429427875
POLR1E,0.06307909531349165,0.5832895428271151,1.2001145439920873
BUB1B,0.06307916204330903,0.5832895428271151,1.2001140845629215
AKAP9,0.06307916204330903,0.5832895428271151,1.2001140845629215
USE1,0.06307916204330903,0.5832895428271151,1.2001140845629215
MLXIPL,0.06307916204330903,0.5832895428271151,1.2001140845629215
BCL2A1,0.0632029618388168,0.6878612716763006,1.1992625691841625
ISYNA1,0.06339802905243783,0.5826589595375723,1.197924243458262
NELFE,0.06341275494561739,0.5831844456121913,1.1978233786268004
NELFE_2,0.06341275494561739,0.5831844456121913,1.1978233786268004
SYF2,0.06341275494561739,0.5831844456121913,1.1978233786268004
SF1,0.06341275494561739,0.5831844456121913,1.1978233786268004
NELFE_5,0.06341275494561739,0.5831844456121913,1.1978233786268004
NELFE_4,0.06341275494561739,0.5831844456121913,1.1978233786268004
NELFE_1,0.06341275494561739,0.5831844456121913,1.1978233786268004
NELFE_3,0.06341275494561739,0.5831844456121913,1.1978233786268004
COPB2,0.06341275494561739,0.5831844456121913,1.1978233786268004
PXN,0.06341275494561739,0.5831844456121913,1.1978233786268004
PMAIP1,0.06343491959229187,0.5712033631108776,1.1976716062923514
AASS,0.06356934573766801,0.9048870204939569,1.1967522583506143
TMPO,0.06374646135969071,0.5830793483972675,1.1955439184173655
MIER2,0.06374713279619143,0.5828691539674199,1.1955393440515842
SHARPIN,0.06374780423343507,0.5830793483972675,1.1955347697289225
PARN_1,0.06374780423343507,0.5830793483972675,1.1955347697289225
PARN,0.06374780423343507,0.5830793483972675,1.1955347697289225
AIMP1,0.06374780423343507,0.5830793483972675,1.1955347697289225
ILF3,0.06374780423343507,0.5830793483972675,1.1955347697289225
ABCG1,0.0640829673936797,0.5826589595375723,1.193257386236197
ST14,0.06408431441172777,0.5829742511823437,1.1932482575022942
ADD3,0.06408431441172777,0.5829742511823437,1.1932482575022942
INA,0.0643739785641431,0.8470835522858644,1.1912896489406652
PTPN4,0.06442228998897793,0.5828691539674198,1.1909638415793438
HADHA,0.06442228998897793,0.5828691539674198,1.1909638415793438
PEX12,0.06442228998897793,0.5828691539674199,1.1909638415793438
COIL,0.06476038016099017,0.5825538623226485,1.188690610484821
SERPINB6,0.06476173547712522,0.5827640567524961,1.1886815215919195
ALMS1,0.06476173547712522,0.5827640567524961,1.1886815215919195
NUDT15,0.06476173547712522,0.5827640567524961,1.1886815215919195
TXNIP,0.06476173547712522,0.5827640567524961,1.1886815215919195
CENPF,0.06507172813899445,0.5813977929584866,1.1866076593601478
ATM,0.06509376894825053,0.6073568050446663,1.1864605819526584
CSNK1D,0.06509449861420409,0.582238570677877,1.186455713773625
THEM6,0.06510265539150684,0.5826589595375723,1.18640129717129
STRADA,0.06510265539150684,0.5826589595375723,1.18640129717129
EP400,0.06510265539150684,0.5826589595375723,1.18640129717129
XPO1,0.06510265539150684,0.5826589595375723,1.18640129717129
ADCK2,0.06510265539150684,0.5826589595375723,1.18640129717129
CREM,0.06540687373728905,0.5844456121912769,1.1843766084141496
KRBOX4,0.06543932703778932,0.5825538623226485,1.1841611754931731
LONP1,0.06544505425079766,0.5825538623226485,1.1841231679481428
CNIH1,0.06544505425079766,0.5825538623226485,1.1841231679481428
TMEM106B,0.06544505425079766,0.5825538623226485,1.1841231679481428
FKBP6,0.06546135094510461,0.6328954282711508,1.1840150362728936
OGN_1,0.06561435019372318,0.8567524960588544,1.1830011678135097
OGN,0.06561435019372318,0.8567524960588544,1.1830011678135097
BBS9,0.06572393764690193,0.5762480294272202,1.1822764250438453
PNPO,0.06578893657694994,0.5824487651077247,1.1818471335525815
NDUFA13,0.06578893657694994,0.5824487651077247,1.1818471335525815
HSPA12A,0.06579225727673996,0.5272727272727272,1.1818252130705897
CRLF1,0.06583646477648367,0.9830793483972675,1.1815334974994012
RENBP,0.06605655922753113,0.5912769311613242,1.180084051707487
GRAMD1C,0.06612931700652021,0.5697320021019443,1.17960596273124
CD2,0.0661343068951322,0.5823436678928009,1.1795731936141298
BIRC2,0.0661343068951322,0.5823436678928009,1.1795731936141298
MKRN1,0.0661343068951322,0.5823436678928008,1.1795731936141298
UBXN2B,0.0661343068951322,0.5823436678928008,1.1795731936141298
SNRPA,0.0661343068951322,0.5823436678928009,1.1795731936141298
ACVRL1,0.06614592753058479,0.7357856016815554,1.1794968892760227
CD96,0.06629331979545884,0.6993168681029953,1.1785302321101176
COPS6,0.06648116973366881,0.582238570677877,1.1773013477617247
GNAI3,0.06648116973366881,0.582238570677877,1.1773013477617247
POLR2C,0.06648116973366881,0.582238570677877,1.1773013477617247
ALDH2,0.06648116973366881,0.582238570677877,1.1773013477617247
SETD1B,0.06648116973366881,0.582238570677877,1.1773013477617247
ZC3H3_1,0.06656195095129418,0.740830267997898,1.1767739572256817
ZC3H3,0.06656195095129418,0.740830267997898,1.1767739572256817
EPS8L2,0.0668256648400183,0.5821334734629532,1.1750567118095099
MBOAT7_6,0.06682952962397835,0.5821334734629532,1.1750315956237185
MBOAT7_8,0.06682952962397835,0.5821334734629532,1.1750315956237185
MBOAT7_3,0.06682952962397835,0.5821334734629532,1.1750315956237185
MBOAT7_7,0.06682952962397835,0.5821334734629532,1.1750315956237185
MBOAT7_4,0.06682952962397835,0.5821334734629532,1.1750315956237185
FAM32A,0.06682952962397835,0.5821334734629533,1.1750315956237185
MBOAT7_5,0.06682952962397835,0.5821334734629532,1.1750315956237185
MBOAT7_2,0.06682952962397835,0.5821334734629532,1.1750315956237185
MBOAT7_9,0.06682952962397835,0.5821334734629532,1.1750315956237185
MBOAT7_1,0.06682952962397835,0.5821334734629532,1.1750315956237185
MBOAT7,0.06682952962397835,0.5821334734629532,1.1750315956237185
MARCHF5,0.06682952962397835,0.5821334734629533,1.1750315956237185
PTPRT,0.06689062747104782,0.5971623751970573,1.1746347301060378
SLC16A1,0.06689499358606928,0.7162375197057278,1.174606383567047
SLC16A1_1,0.06689499358606928,0.7162375197057278,1.174606383567047
HCRTR1,0.06694121567335996,0.9662637940094587,1.17430640498335
PLCL2_1,0.06695384451095394,0.7322122963741461,1.1742244806093123
PLCL2,0.06695384451095394,0.7322122963741461,1.1742244806093123
SULT4A1,0.06710048120087506,0.5851812926957436,1.1732743653431483
WDR73,0.06717939110051206,0.5820283762480294,1.1727639368278773
WDR73_1,0.06717939110051206,0.5820283762480294,1.1727639368278773
RIOX1,0.06717939110051206,0.5820283762480294,1.1727639368278773
IQCB1,0.06717939110051206,0.5820283762480294,1.1727639368278773
LETM1,0.06717939110051206,0.5820283762480294,1.1727639368278773
CXCL10,0.06717939110051206,0.5820283762480294,1.1727639368278773
FSCN3,0.06753048097515281,0.5819232790331056,1.170500157075154
ABRAXAS2,0.06753075870069163,0.5819232790331056,1.1704983710013808
DAP3,0.06753075870069163,0.5819232790331056,1.1704983710013808
MED13L,0.06753075870069163,0.5819232790331056,1.1704983710013808
APMAP,0.06753075870069163,0.5819232790331056,1.1704983710013808
RMI1,0.06753075870069163,0.5819232790331056,1.1704983710013808
UAP1,0.06753075870069163,0.5819232790331056,1.1704983710013808
EXOSC5,0.06788356732464498,0.5818181818181818,1.1682353433033863
CD59,0.06823803043615458,0.581713084603258,1.165973516762193
SLC43A3,0.06823803043615458,0.581713084603258,1.165973516762193
RP2,0.0684042545189262,0.5805570152390962,1.1649168857560424
NUSAP1,0.06841334842048419,0.5813977929584866,1.1648591529616275
ABHD5,0.06843850054888663,0.5119285338938518,1.164699514187602
UGGT1,0.06856844284660706,0.5800315291644771,1.1638757130226631
LRRC1,0.06859394366057184,0.5816079873883342,1.163714227600915
PINK1,0.06859394366057184,0.5816079873883342,1.163714227600915
IFNGR1,0.06859394366057184,0.5816079873883342,1.163714227600915
TMEM258,0.06859394366057184,0.5816079873883342,1.163714227600915
KMO,0.06865236470333849,0.5471361008933263,1.1633444990692636
TRAF3IP3,0.06874069184888733,0.7167630057803468,1.1627861011682141
DLAT,0.06895138118677667,0.5815028901734104,1.1614570299118046
ITGBL1,0.06900605264156284,0.5803468208092486,1.1611128148635057
EFNA5,0.06913716383719243,0.8072517078297425,1.1602884401699634
DDR2,0.0692193450343191,0.6010509721492381,1.1597725143936217
REEP5,0.06931034756610223,0.5813977929584866,1.1592019233190898
VAMP5,0.06938345662020888,0.631739358906989,1.1587440678019996
BRIP1,0.06943924122174172,1.0,1.1583950334394417
RHCG,0.06943924122174172,1.0,1.1583950334394417
TFF2,0.06943924122174172,1.0,1.1583950334394417
POLR2I,0.06967084735247345,0.5812926957435628,1.156948907446404
FTO,0.06967084735247345,0.5812926957435628,1.156948907446404
VIM,0.06967084735247345,0.5812926957435628,1.156948907446404
VMP1,0.06967084735247345,0.5812926957435628,1.156948907446404
RTN4,0.06967084735247345,0.5812926957435628,1.156948907446404
HSPG2,0.06967084735247345,0.5812926957435628,1.156948907446404
SDS,0.06983886141433583,0.5126642143983184,1.1559028495645411
OGDH,0.07003260151982532,0.5812926957435628,1.154699740498796
SLC17A9,0.07003260151982532,0.5810825013137152,1.154699740498796
RPL28,0.07003288510234253,0.581187598528639,1.1546979819167875
ANKRD40,0.07003288510234253,0.581187598528639,1.1546979819167875
FAM111A,0.07003288510234253,0.581187598528639,1.1546979819167875
EN1,0.07028997962268349,0.9184445612191277,1.1531065825868803
GUCY1A1,0.07039646537462416,0.5810825013137152,1.1524491463526858
GZMA,0.0704946574078289,0.6389910667367315,1.151843795720937
TXLNA,0.0706226251303699,0.6074619022595902,1.1510561432095603
WASF1,0.07075759909641734,0.5816079873883342,1.1502269117270891
TARS1,0.0707615927306309,0.5809774040987914,1.1502024003759463
SRP14,0.0707615927306309,0.5809774040987914,1.1502024003759463
HS3ST2,0.07084975365072159,0.5782448765107725,1.149661655484527
ERCC3,0.07094402379187029,0.5807672096689438,1.149084182920079
MYOG,0.07110223698439681,0.5792958486600105,1.1481167354910933
GALT,0.07112798563450803,0.5808723068838676,1.1479594904755681
ZC3HAV1,0.0711282717340077,0.5808723068838676,1.14795774360782
SH3YL1,0.0711282717340077,0.5808723068838676,1.14795774360782
BACE1,0.0711282717340077,0.5808723068838676,1.14795774360782
PADI3,0.07149650695066605,0.5807672096689438,1.1457151756689599
SMC1A,0.07149650695066605,0.5807672096689438,1.1457151756689599
CNBP,0.07149650695066605,0.5807672096689438,1.1457151756689599
ELOB,0.07149650695066605,0.5807672096689438,1.1457151756689599
PADI3_1,0.07149650695066605,0.5807672096689438,1.1457151756689599
ORC5,0.07157424304646592,0.5754072517078297,1.145243236285494
COL21A1,0.07171764321063875,0.7708880714661062,1.1443739906858759
ESPL1,0.07173045076760172,0.5609038360483447,1.144296439968035
MTMR11,0.07186601516918727,0.58066211245402,1.1434764352602875
THG1L,0.07186623100382909,0.58066211245402,1.1434751309490219
GALNT7,0.07186630294871839,0.58066211245402,1.1434746961794182
ID2,0.07186630294871839,0.5806621124540199,1.1434746961794182
RCAN1,0.07219725814010794,0.5833946400420389,1.1414792954668183
UXS1,0.07223622119847163,0.5808723068838676,1.141244980794993
RAD23B,0.07223766429841162,0.5805570152390962,1.1412363047586471
NDST1,0.07223766429841162,0.5805570152390962,1.1412363047586471
BSG,0.07234620036950662,0.5888596952180767,1.1405842731405076
IRX5,0.0726065431228431,0.5804519180241724,1.1390242399872281
ADISSP,0.0726105955720602,0.5804519180241723,1.1390000010254988
HEATR3,0.0726105955720602,0.5804519180241724,1.1390000010254988
EIF4E2,0.0726105955720602,0.5804519180241724,1.1390000010254988
TRIM8,0.0726105955720602,0.5804519180241724,1.1390000010254988
CAMSAP1,0.07270351254020449,0.5211770888071466,1.1384446064727731
RBM12,0.07279757888933475,0.5803468208092486,1.1378830642650788
BCOR,0.07292570377343323,0.5728849185496584,1.1371193710037102
IFIT3,0.07298502876837418,0.5803468208092486,1.136766216456232
PDPK1,0.0729851013439798,0.5803468208092486,1.1367657845982209
NCAPH2,0.0731235240463751,0.5782448765107725,1.1359428867898846
RALGPS1,0.07321428866293017,0.527377824487651,1.1354041527956162
KIR2DL3_14,0.07329465409767463,0.5792958486600105,1.1349277004004488
KIR2DL3_20,0.07329465409767463,0.5792958486600105,1.1349277004004488
KIR2DL3_19,0.07329465409767463,0.5792958486600105,1.1349277004004488
KIR2DL3_18,0.07329465409767463,0.5792958486600105,1.1349277004004488
KIR2DL3_13,0.07329465409767463,0.5792958486600105,1.1349277004004488
KIR2DL3_29,0.07329465409767463,0.5792958486600105,1.1349277004004488
KIR2DL3_10,0.07329465409767463,0.5792958486600105,1.1349277004004488
KIR2DL3_11,0.07329465409767463,0.5792958486600105,1.1349277004004488
KIR2DL3_12,0.07329465409767463,0.5792958486600105,1.1349277004004488
KIR2DL3_6,0.07329465409767463,0.5792958486600105,1.1349277004004488
KIR2DL3_7,0.07329465409767463,0.5792958486600105,1.1349277004004488
KIR2DL3_8,0.07329465409767463,0.5792958486600105,1.1349277004004488
KIR2DL3_30,0.07329465409767463,0.5792958486600105,1.1349277004004488
KIR2DL3_25,0.07329465409767463,0.5792958486600105,1.1349277004004488
KIR2DL3_28,0.07329465409767463,0.5792958486600105,1.1349277004004488
KIR2DL3_27,0.07329465409767463,0.5792958486600105,1.1349277004004488
KIR2DL3_26,0.07329465409767463,0.5792958486600105,1.1349277004004488
KIR2DL3_23,0.07329465409767463,0.5792958486600105,1.1349277004004488
KIR2DL3_24,0.07329465409767463,0.5792958486600105,1.1349277004004488
KIR2DL3_22,0.07329465409767463,0.5792958486600105,1.1349277004004488
KIR2DL3_17,0.07329465409767463,0.5792958486600105,1.1349277004004488
KIR2DL3_9,0.07329465409767463,0.5792958486600105,1.1349277004004488
KIR2DL3_3,0.07329465409767463,0.5792958486600105,1.1349277004004488
KIR2DL3_5,0.07329465409767463,0.5792958486600105,1.1349277004004488
KIR2DL3_4,0.07329465409767463,0.5792958486600105,1.1349277004004488
KIR2DL3_2,0.07329465409767463,0.5792958486600105,1.1349277004004488
KIR2DL3_1,0.07329465409767463,0.5792958486600105,1.1349277004004488
KIR2DL3,0.07329465409767463,0.5792958486600105,1.1349277004004488
KIR2DL3_21,0.07329465409767463,0.5792958486600105,1.1349277004004488
KIR2DL3_16,0.07329465409767463,0.5792958486600105,1.1349277004004488
KIR2DL3_15,0.07329465409767463,0.5792958486600105,1.1349277004004488
CLEC7A,0.07335973047074117,0.5804519180241723,1.1345422729662367
PPIF,0.07336118619041947,0.5802417235943247,1.1345336550944582
SH3BP5,0.07336118619041947,0.5802417235943247,1.1345336550944582
DOK1,0.07354974930591582,0.580136626379401,1.1334188032252743
PANK4_1,0.07362587403418201,0.5504992117708881,1.1329695365380286
PANK4,0.07362587403418201,0.5504992117708881,1.1329695365380286
MED25,0.07363848220489778,0.5713084603258014,1.1328951715101023
ATPAF2,0.0737158678224329,0.5120336311087756,1.1324390173516719
SPAG8,0.07373812472448811,0.5803468208092486,1.1323079113754513
HERC1,0.07373885468949433,0.580136626379401,1.1323036121312513
JADE1,0.07373885468949433,0.580136626379401,1.1323036121312513
ZMYM2,0.07373885468949433,0.580136626379401,1.1323036121312513
R3HDM4,0.07373885468949433,0.580136626379401,1.1323036121312513
BOLA1,0.07394974444768566,0.5777193904361534,1.1310633224804993
GP1BA,0.07398846718767653,0.5850761954808197,1.130835969824274
GDF15,0.07400397797531533,0.5391487125591172,1.1307449347785492
UNC45A,0.07411737935033921,0.5798213347346295,1.1300799449090975
IDH3G,0.0741181114211175,0.5800315291644771,1.1300756553250346
UBE2C,0.0741181114211175,0.5800315291644771,1.1300756553250346
PDGFB,0.0741181114211175,0.5800315291644771,1.1300756553250346
S100A13,0.0741181114211175,0.5800315291644771,1.1300756553250346
TASOR,0.0741181114211175,0.5800315291644771,1.1300756553250346
TRAPPC2,0.0741181114211175,0.5800315291644771,1.1300756553250346
STAT4,0.07430826349342172,0.5800315291644771,1.1289628875847788
HAMP,0.07439794393704667,0.5596426694692591,1.1284390664586048
ITGAL,0.07449896096693198,0.5799264319495534,1.127849784291636
DYNLL1,0.07449896096693198,0.5799264319495533,1.127849784291636
RIN2,0.07449896096693198,0.5799264319495533,1.127849784291636
IFT81,0.07466895700483205,0.5792958486600105,1.1268599149662355
PDE6B,0.07480514784747716,0.7974776668418286,1.1260685143704976
SPOUT1,0.07482921012239871,0.649500788229112,1.1259288390519102
CHMP2B,0.07488140791024196,0.5798213347346295,1.1256259986462749
SUMO3,0.07488140791024196,0.5798213347346295,1.1256259986462749
MEA1,0.07488140791024196,0.5798213347346295,1.1256259986462749
LIF,0.07523857954523261,0.5816079873883342,1.1235594122376944
SMAD3,0.07525659614562837,0.5792958486600105,1.1234554287028602
WDR26,0.07526545683594371,0.5797162375197057,1.1234042980035637
TBL1X,0.07528386026207362,0.5911718339464005,1.1232981200864505
FZD9,0.07537361810385783,0.9650026274303731,1.1227806371120992
PAK3,0.07545198734463017,0.8938518129269575,1.1223293167705672
ELOVL2,0.07557556125594503,0.5194955333683657,1.1216186188844521
ACOT13,0.07565081612994776,0.5796111403047819,1.1211863823953094
GSE1,0.07565111233045674,0.5796111403047819,1.1211846819775038
ATF1,0.07565111233045674,0.5796111403047819,1.1211846819775038
ZMYND8,0.07565111233045674,0.5796111403047819,1.1211846819775038
VASH1,0.07579381249598145,0.5009984235417762,1.1203662469871432
KRT6B,0.07591909677003199,0.6624277456647398,1.119648967468599
CEMIP,0.0759525352194888,0.6163951655281135,1.1194577252447955
RTF1,0.07603837898165418,0.5795060430898581,1.118967150181485
CHMP2A,0.07603837898165418,0.5795060430898581,1.118967150181485
CAPZB,0.07603837898165418,0.5795060430898581,1.118967150181485
MYO1A,0.07604367211950633,0.8153441933788754,1.1189369193877072
OASL,0.07620944200536044,0.5869679453494483,1.1179912182038105
SMCO4,0.07642577193839145,0.5796111403047819,1.116760165988976
SAFB2,0.07642726137879252,0.5794009458749343,1.1167517022282867
VPS4A,0.07642726137879252,0.5794009458749343,1.1167517022282867
SKIC8,0.07642726137879252,0.5794009458749343,1.1167517022282867
KIF11,0.07644736707541384,0.5736205990541251,1.1166374675349815
ADGRE5,0.07663263763499113,0.6482396216500264,1.1155862261122695
CASP1,0.07680133389256379,0.5802417235943247,1.1146312370368578
H1-10,0.07681701728166326,0.5795060430898581,1.114542560009471
IRF8,0.0768177641124418,0.5792958486600105,1.1145383377300744
CTSL,0.0768177641124418,0.5792958486600105,1.1145383377300744
EVI2B,0.0768177641124418,0.5792958486600105,1.1145383377300744
EVI2B_1,0.0768177641124418,0.5792958486600105,1.1145383377300744
FLNA,0.0768177641124418,0.5792958486600105,1.1145383377300744
AMHR2,0.07683311647887574,0.7636363636363637,1.1144515507487966
DENND1A,0.07687731987007165,0.9516552811350499,1.1142017656351375
ACSS3,0.07710996857908987,0.6067262217551235,1.112889473842185
GPRC5C_1,0.07711213256072527,0.5727798213347346,1.1128772861560323
GPRC5C,0.07711213256072527,0.5727798213347346,1.1128772861560323
MAT2B,0.07720989177441491,0.5791907514450867,1.1123270562984
DMXL2,0.07720989177441491,0.5791907514450867,1.1123270562984
DVL2,0.07720989177441491,0.5791907514450867,1.1123270562984
GPRIN2,0.07720989177441491,0.5791907514450867,1.1123270562984
GPBP1L1,0.07720989177441491,0.5791907514450867,1.1123270562984
APOC1,0.07720989177441491,0.5791907514450867,1.1123270562984
DAP,0.07760364895769677,0.5790856542301629,1.1101178575442001
SLC25A38,0.07760364895769677,0.5790856542301629,1.1101178575442001
MX1,0.07760364895769677,0.5790856542301629,1.1101178575442001
DGCR5,0.07761253772527595,0.9833946400420389,1.1100681160475523
MSH4,0.07785138155972252,0.9818181818181818,1.108733675986805
CDK5R2,0.07785138155972252,0.9818181818181818,1.108733675986805
UPK3B,0.07785138155972252,0.9818181818181818,1.108733675986805
CTRL,0.07785138155972252,0.9818181818181818,1.108733675986805
NDUFB2-AS1,0.07785138155972252,0.9818181818181818,1.108733675986805
UPK3B_1,0.07785138155972252,0.9818181818181818,1.108733675986805
ZNF154,0.07785138155972252,0.9818181818181818,1.108733675986805
GPR32,0.07785138155972252,0.9818181818181818,1.108733675986805
UNC5C,0.07785138155972252,0.9818181818181818,1.108733675986805
ADCY10,0.07785138155972252,0.9818181818181818,1.108733675986805
IMPG2,0.07785138155972252,0.9818181818181818,1.108733675986805
RIMS1,0.07785138155972252,0.9818181818181818,1.108733675986805
ZNF132,0.07785138155972252,0.9818181818181818,1.108733675986805
PTPN21,0.07785138155972252,0.9818181818181818,1.108733675986805
AGBL3,0.07785138155972252,0.9818181818181818,1.108733675986805
ASCL3,0.07785138155972252,0.9818181818181818,1.108733675986805
RORB,0.07785138155972252,0.9818181818181818,1.108733675986805
GUCY2C,0.07785138155972252,0.9818181818181818,1.108733675986805
ATF6B,0.07785138155972252,0.9818181818181818,1.108733675986805
OPN1SW,0.07785138155972252,0.9818181818181818,1.108733675986805
PSD,0.07785138155972252,0.9818181818181818,1.108733675986805
TRHDE,0.07785138155972252,0.9818181818181818,1.108733675986805
SLC30A4,0.07785138155972252,0.9818181818181818,1.108733675986805
EPHA3,0.07785138155972252,0.9818181818181818,1.108733675986805
VTN,0.07785138155972252,0.9818181818181818,1.108733675986805
POU1F1,0.07785138155972252,0.9818181818181818,1.108733675986805
MBNL3,0.07785138155972252,0.9818181818181818,1.108733675986805
SYT5,0.07785138155972252,0.9818181818181818,1.108733675986805
ATF6B_1,0.07785138155972252,0.9818181818181818,1.108733675986805
ATF6B_2,0.07785138155972252,0.9818181818181818,1.108733675986805
ATF6B_3,0.07785138155972252,0.9818181818181818,1.108733675986805
CRH,0.07785138155972252,0.9818181818181818,1.108733675986805
ZC2HC1C,0.07785138155972252,0.9818181818181818,1.108733675986805
HSD3B2,0.07785138155972252,0.9818181818181818,1.108733675986805
CCIN,0.07785138155972252,0.9818181818181818,1.108733675986805
SLC35F5,0.07785138155972252,0.9818181818181818,1.108733675986805
ZBBX,0.07785138155972252,0.9818181818181818,1.108733675986805
RNF14,0.07799904025637311,0.5789805570152391,1.1079107410777955
HIVEP1,0.07799904025637311,0.5789805570152391,1.1079107410777955
TIPRL,0.07799904025637311,0.5789805570152391,1.1079107410777955
CDH19,0.07817837335353443,0.9665790856542301,1.1069133701142269
KIAA1549L,0.07817837335353443,0.9665790856542301,1.1069133701142269
ZNHIT2,0.07831318572832491,0.5603783499737257,1.1061651088624291
WDR41,0.07839607026555921,0.5788754598003153,1.1057057065088896
COG4,0.07839607026555921,0.5788754598003153,1.1057057065088896
RBM22,0.07839607026555921,0.5788754598003153,1.1057057065088896
SRSF4,0.07839607026555921,0.5788754598003153,1.1057057065088896
ATF3,0.07876028249083829,0.5808723068838676,1.103692734839757
POLL,0.07879209271555263,0.5787703625853915,1.1035173645194916
C2CD5,0.07879474358132778,0.5787703625853915,1.1035027534465671
THYN1,0.07879474358132778,0.5787703625853915,1.1035027534465671
FOXO3,0.07879474358132778,0.5787703625853915,1.1035027534465671
DCTPP1,0.07879474358132778,0.5787703625853915,1.1035027534465671
FBXO3,0.07879474358132778,0.5787703625853915,1.1035027534465671
DNAJC10,0.07879474358132778,0.5787703625853915,1.1035027534465671
CDK20,0.07884593493180972,0.5534419337887546,1.1032206927243393
NCAPG,0.07896018874449787,0.5780346820809249,1.1025918222103048
SNCA,0.07898090600809522,0.5907514450867052,1.1024778886792481
SNX24,0.07898571782212624,0.5693116132422491,1.102451430630939
ATP12A,0.078993939468713,0.5788754598003153,1.1024062271432338
RNF139_1,0.07919506480063705,0.5786652653704677,1.101301881499294
LUC7L3,0.07919506480063705,0.5786652653704677,1.101301881499294
RNF139,0.07919506480063705,0.5786652653704677,1.101301881499294
TIAM1,0.07949574468989248,0.5836048344718865,1.0996561179744697
FANCF,0.07959673387438229,0.5785601681555439,1.09910475248136
NOP2,0.07959703852125823,0.5785601681555439,1.0991030902749162
RARS1,0.07959703852125823,0.5785601681555439,1.0991030902749162
SLC5A2,0.07959703852125823,0.5785601681555439,1.0991030902749162
TBC1D4,0.07959703852125823,0.5785601681555439,1.0991030902749162
LPGAT1,0.07959703852125823,0.5785601681555439,1.0991030902749162
CSPP1,0.07959703852125823,0.5785601681555439,1.0991030902749162
DDX54,0.07959703852125823,0.5785601681555439,1.0991030902749162
ADAMDEC1,0.07962303371013514,0.6486600105097216,1.0989612794212045
CACNA1A,0.07971018269049626,0.9512348922753547,1.09848619549453
LMNA,0.08000066934170265,0.5784550709406201,1.0969063793806577
COPS5,0.08000066934170265,0.5784550709406201,1.0969063793806577
SRM,0.08000066934170265,0.5784550709406201,1.0969063793806577
LAMC1,0.08000066934170265,0.5784550709406201,1.0969063793806577
NUP188,0.08010015016504676,0.5156069364161849,1.0963666697361112
RERGL,0.08032359272866826,0.9830793483972675,1.0951568745598586
KCNK10,0.08032359272866826,0.9830793483972675,1.0951568745598586
ZNF557,0.08038495310294146,0.92790331056227,1.0948252372706102
POLR3C,0.08040596186114896,0.5783499737256963,1.0947117484231201
EPM2A,0.08074603210532315,0.7719390436153442,1.0928788098897695
IGF2R,0.08076069965442773,0.5807672096689438,1.0927999272873261
SLF2,0.08081023282177925,0.5782448765107725,1.09253364198964
THTPA,0.08081292067936958,0.5782448765107725,1.0925191970082815
CRNKL1,0.08081292067936958,0.5782448765107725,1.0925191970082815
RNF39_2,0.08090890715708345,0.5869679453494483,1.0920036648372544
RNF39_4,0.08090890715708345,0.5869679453494483,1.0920036648372544
RNF39_1,0.08090890715708345,0.5869679453494483,1.0920036648372544
RNF39_7,0.08090890715708345,0.5869679453494483,1.0920036648372544
RNF39,0.08090890715708345,0.5869679453494483,1.0920036648372544
RNF39_5,0.08090890715708345,0.5869679453494483,1.0920036648372544
RNF39_6,0.08090890715708345,0.5869679453494483,1.0920036648372544
RNF39_3,0.08090890715708345,0.5869679453494483,1.0920036648372544
HMOX1,0.08103016139323892,0.5497635312664214,1.0913532960784071
FZD10,0.08111924698992293,0.8928008407777194,1.0908760894412022
TECPR2,0.08122155039665695,0.5781397792958487,1.090328724741495
GAS2L1,0.08122155039665695,0.5781397792958487,1.090328724741495
TSPYL2,0.08122155039665695,0.5781397792958487,1.090328724741495
EIF3G,0.08122155039665695,0.5781397792958487,1.090328724741495
TET1,0.08124419193273265,0.9829742511823437,1.0902076765241642
DCAF10,0.08163108342505032,0.5780346820809249,1.0881444394138662
ILRUN,0.08163185561374943,0.5780346820809248,1.088140331227489
HDDC2,0.08163185561374943,0.5780346820809248,1.088140331227489
CHPT1,0.08163185561374943,0.5780346820809248,1.088140331227489
ENOPH1,0.08163185561374943,0.5780346820809249,1.088140331227489
PAH,0.08166694249140774,0.928008407777194,1.0879537035515292
UBE3A,0.08204384093175736,0.5779295848660011,1.085954016070364
ZFC3H1,0.08204384093175736,0.5779295848660011,1.085954016070364
FLII,0.08204384093175736,0.5779295848660011,1.085954016070364
ALG8,0.08204384093175736,0.5779295848660011,1.085954016070364
FLII_1,0.08204384093175736,0.5779295848660011,1.085954016070364
DR1,0.08204384093175736,0.5779295848660011,1.085954016070364
PDZK1IP1,0.08213497520582408,0.6192327903310562,1.0854718696237555
TRPV5_1,0.08231763492980712,0.9335785601681555,1.0845071157928694
TRPV5,0.08231763492980712,0.9335785601681555,1.0845071157928694
AGPS,0.08239374587851182,0.5651077246452969,1.0841057523020736
KAZN,0.08244810542938519,0.5892800840777719,1.083819319534527
ISG20,0.08245720038467788,0.5779295848660011,1.0837714146004647
AP2M1,0.08245751095208761,0.5778244876510772,1.0837697788735945
H2BC5,0.08245751095208761,0.5778244876510773,1.0837697788735945
SDF2,0.08245751095208761,0.5778244876510773,1.0837697788735945
CCDC181,0.08257903901039496,0.9636363636363636,1.0831301754079266
IL17B,0.08257903901039496,0.9636363636363636,1.0831301754079266
YOD1,0.08257903901039496,0.9636363636363636,1.0831301754079266
C14orf93,0.08257903901039496,0.9636363636363636,1.0831301754079266
BSN,0.08257903901039496,0.9636363636363636,1.0831301754079266
ENDOG,0.08265844836576139,0.577404098791382,1.0827127513953765
IKBKE,0.08271529543604764,0.5729900157645822,1.0824141747369236
DDB2,0.08283744701594814,0.5764582238570678,1.081773294181908
TJP1_1,0.08287287027636975,0.5777193904361534,1.0815876192400236
PPP2R2A,0.08287287027636975,0.5777193904361535,1.0815876192400236
TJP1,0.08287287027636975,0.5777193904361534,1.0815876192400236
TSPAN1,0.08287287027636975,0.5777193904361534,1.0815876192400236
BTG1,0.08287287027636975,0.5777193904361535,1.0815876192400236
ATP5PF,0.08287287027636975,0.5777193904361534,1.0815876192400236
FTH1,0.08287287027636975,0.5777193904361534,1.0815876192400236
HSPA5,0.08287287027636975,0.5777193904361535,1.0815876192400236
PFKFB2,0.08294311942492759,0.5746715712033631,1.0812196351938852
AMFR,0.08302817269047015,0.576878612716763,1.08077452005794
FOSL1,0.08304504269195802,0.8715712033631109,1.0806862873039198
KCNQ4,0.08311107947629186,0.982764056752496,1.0803410768816422
TESMIN,0.08314977946773887,0.5683657383079348,1.0801388982913784
SLC15A3,0.08327274923699148,0.5788754598003153,1.0794970969395752
TSHZ2,0.08328992350637976,0.5776142932212296,1.079407536771866
NEAT1,0.08329758524086772,0.6623226484498161,1.0793675884103437
VASH1-AS1,0.0834459307381789,0.5767735155018392,1.078594836948114
COPZ1,0.08370867524396494,0.5775091960063058,1.0772295310707056
RDX,0.08370867524396494,0.5775091960063059,1.0772295310707056
CENPS,0.08370867524396494,0.5775091960063058,1.0772295310707056
MRTFA,0.08391861110906,0.5775091960063059,1.0761417125249693
TCL1A,0.08407982512919501,0.8922753547031004,1.0753082002327237
CST8,0.08412589804808637,0.6780872306883867,1.0750702866283333
MRPS35,0.08412913009096797,0.577404098791382,1.075053601737493
MRM2,0.08412913009096797,0.577404098791382,1.075053601737493
CCDC51,0.08412913009096797,0.577404098791382,1.075053601737493
CHFR,0.08412913009096797,0.577404098791382,1.075053601737493
ATP6V0D1,0.08412913009096797,0.577404098791382,1.075053601737493
USP46,0.08428655386685299,0.5753021544929059,1.0742417023289308
RAB27B,0.08433760304403598,0.7133998949027851,1.0739787462135113
NDRG1,0.08455129264915058,0.5772990015764583,1.0728797483725463
SLC38A10,0.08455129264915058,0.5772990015764582,1.0728797483725463
ATP1B3,0.08455129264915058,0.5772990015764583,1.0728797483725463
RPS6KA1,0.08455129264915058,0.5772990015764583,1.0728797483725463
RPS6KA1_1,0.08455129264915058,0.5772990015764583,1.0728797483725463
MARS1,0.08455129264915058,0.5772990015764582,1.0728797483725463
DNAI7,0.08470347547656239,0.9637414608512874,1.0720987697244662
ENTPD3,0.08490385264513761,0.5341040462427745,1.0710726025173927
SERPINB1,0.08497508860927332,0.5771939043615344,1.070708373876431
SYNJ2,0.08497516752011697,0.5771939043615344,1.0707079705755507
HAUS4,0.08497516752011697,0.5771939043615344,1.0707079705755507
ILVBL,0.08518695834499912,0.5769837099316868,1.0696268882419508
TROAP,0.08539799002380812,0.5770888071466106,1.0685523509953228
CSAD,0.08540044281598214,0.5770888071466106,1.0685398774135833
TAF11,0.08540075930523748,0.5770888071466106,1.068538267945553
SMARCA2,0.08540075930523748,0.5770888071466106,1.068538267945553
SNX3,0.08540075930523748,0.5770888071466106,1.068538267945553
EIF2B5,0.08540075930523748,0.5770888071466106,1.068538267945553
FAM149A,0.08575694194296417,0.9330530740935365,1.0667307141365596
CXCL6,0.08575832674648014,1.0,1.066723701203774
MAGEA4,0.08575832674648014,1.0,1.066723701203774
EPHX3,0.08575832674648014,1.0,1.066723701203774
LGR5,0.08575832674648014,1.0,1.066723701203774
SF3A3,0.08582807260557088,0.5769837099316868,1.0663706400809658
DPM3,0.08582807260557088,0.5769837099316868,1.0663706400809658
MTHFD1,0.08582807260557088,0.5769837099316868,1.0663706400809658
ZNF587,0.08582807260557088,0.5769837099316868,1.0663706400809658
PDE12,0.08593414938796703,0.5687861271676301,1.0658342175012514
SYNJ1,0.08607674723942316,0.7603783499737257,1.0651141529539478
HUS1,0.08619341932518958,0.5565948502364687,1.0645258903220816
FAP,0.08625043022153706,0.576878612716763,1.0642387299662992
CRABP2,0.08625711202178722,0.576878612716763,1.0642050865795634
NOP53,0.08625711202178722,0.576878612716763,1.0642050865795634
TBC1D30,0.0863456851329578,0.5221229637414608,1.0637593601204673
TDRD12,0.08639479017566615,0.9502890173410404,1.063512445787064
CDC42EP3,0.08644459236320495,0.6486600105097216,1.0632621693105377
TIMM8A,0.08658019942335425,0.6276405675249606,1.0625814181952742
SGK1,0.08668788215408998,0.5767735155018392,1.062041607038482
ACOX1,0.08674243053883085,0.5465055176037835,1.061768413005639
SKP2,0.08682714871253351,0.9025748817656332,1.0613444603932465
ACTL6B,0.08687190823219254,0.9638465580662112,1.0611206386503687
TJP3,0.08689074037946697,0.5762480294272202,1.0610265022206924
FAM204A,0.08696170048387153,0.9284287966368892,1.0606719764707344
LRRC42,0.0871203876021382,0.5766684182869154,1.0598802010542174
SELP,0.08727763388118148,0.7322122963741461,1.0590970360938143
HAP1,0.08732010153214083,0.5828691539674198,1.0588857679832504
RGL1,0.08755463296496785,0.5765633210719916,1.057720868222626
SLPI,0.08755463296496785,0.5765633210719916,1.057720868222626
HCFC1R1,0.08755463296496785,0.5765633210719916,1.057720868222626
INPP1,0.08755463296496785,0.5765633210719916,1.057720868222626
ZBTB16,0.08787306546730525,0.7603783499737257,1.0561442228952762
MPI,0.08792502348911778,0.5748817656332107,1.0558875069894915
DNAAF8,0.0879901820863053,0.6190225959012086,1.055565783572705
KRT19,0.08799030127839996,0.5764582238570678,1.0555651952748666
EXOSC8,0.08799062284091369,0.5764582238570678,1.05556360813892
LRRC59,0.08799062284091369,0.5764582238570678,1.05556360813892
TMEM176B,0.08799062284091369,0.5764582238570678,1.05556360813892
LIPT1,0.08820251171518731,0.5760378349973726,1.0545190474247077
CHMP6,0.0884053096050722,0.5753021544929059,1.053521650564578
ENTPD7,0.08841868958608039,0.5754072517078297,1.053455925867054
SSR4,0.08842836182752972,0.576353126642144,1.0534084203976701
RNF10,0.08842836182752972,0.576353126642144,1.0534084203976701
APOBEC3G,0.08842836182752972,0.576353126642144,1.0534084203976701
BCS1L,0.08842836182752972,0.576353126642144,1.0534084203976701
SCGN,0.08849161009220248,0.6738833420914345,1.0530979028997363
SPON1,0.08882259883859941,0.5755123489227535,1.051476524060887
SMARCAL1,0.08886785452151026,0.5762480294272202,1.0512553045928037
ZNF544,0.08886785452151026,0.5762480294272202,1.0512553045928037
PFN1,0.08886785452151026,0.5762480294272202,1.0512553045928037
TELO2,0.08886785452151026,0.5762480294272202,1.0512553045928037
UQCC1,0.08886785452151026,0.5762480294272202,1.0512553045928037
CLEC4A,0.08910705354402064,0.5927482921702575,1.0500879166814223
FOLR1,0.08915958781634406,0.6641093011035207,1.0498319479251006
PRPF39,0.08930910551861047,0.5761429322122964,1.049104260317601
PITPNB,0.08930910551861047,0.5761429322122964,1.049104260317601
BRD8,0.08930910551861047,0.5761429322122964,1.049104260317601
POLA1,0.08930910551861047,0.5761429322122964,1.049104260317601
RABL3,0.08930910551861047,0.5761429322122964,1.049104260317601
E2F3,0.08930910551861047,0.5761429322122964,1.049104260317601
MED24,0.08930910551861047,0.5761429322122964,1.049104260317601
AGPAT5_1,0.08930910551861047,0.5761429322122964,1.049104260317601
DNAJB4,0.08930910551861047,0.5761429322122964,1.049104260317601
AGPAT5,0.08930910551861047,0.5761429322122964,1.049104260317601
EMILIN1,0.08948597895998538,0.5712033631108776,1.048245006441959
CCL16,0.08950763737870054,0.8261692065160273,1.0481399062493035
CCL16_1,0.08950763737870054,0.8261692065160273,1.0481399062493035
THOC5,0.08953031068685927,0.5761429322122964,1.0480299084217048
CLCN6,0.08961530667850057,0.5694167104571729,1.0476178046430429
FPR3,0.08965465425329815,0.9651077246452969,1.047427159932725
PACS1,0.08975203817814079,0.5760378349973726,1.0469556802485964
NDUFA9,0.08975211941356634,0.5760378349973726,1.0469552871646977
B2M,0.08975211941356634,0.5760378349973725,1.0469552871646977
GLS,0.08975211941356634,0.5760378349973725,1.0469552871646977
B2M_1,0.08975211941356634,0.5760378349973725,1.0469552871646977
PDLIM1,0.08975211941356634,0.5760378349973725,1.0469552871646977
TPM2,0.0901789825061003,0.5754072517078297,1.0448946691678265
THAP4,0.09019690080001459,0.5759327377824488,1.044808384726081
TCEAL4,0.09019690080001459,0.5759327377824488,1.044808384726081
CHCHD7,0.09019690080001459,0.5759327377824488,1.044808384726081
ABCA2,0.09033243860670243,0.5416710457172884,1.044156265433039
CTIF_1,0.09051515314173644,0.6137677351550184,1.0432787094693547
CTIF,0.09051515314173644,0.6137677351550184,1.0432787094693547
RNF103,0.09064345427041229,0.575827640567525,1.0426635525930903
HSPBP1,0.09064345427041229,0.575827640567525,1.0426635525930903
THAP3,0.09070180321612767,0.5570152390961639,1.042384078771996
DNAH3,0.09073577549182316,0.6202837624802943,1.0422214446346831
ACOX3,0.09099845241714508,0.5732002101944298,1.040965993529558
BAG3,0.09109178441595611,0.5757225433526012,1.0405207903564149
CREB3L2,0.09109178441595611,0.5757225433526012,1.0405207903564149
CACNG4,0.09109178441595611,0.5757225433526012,1.0405207903564149
GNB2,0.09109178441595611,0.5757225433526012,1.0405207903564149
SLC22A17,0.09132327281219739,0.5379926431949553,1.0394185328058918
SNAPC3,0.09135310495972608,0.5714135575407252,1.0392766870201562
ASIC1,0.09142292423714918,0.5198108250131371,1.0389448915596309
PSMB9_7,0.09149593088965219,0.5775091960063059,1.0385982199386448
PSMB9_6,0.09149593088965219,0.5775091960063059,1.0385982199386448
PSMB9_2,0.09149593088965219,0.5775091960063059,1.0385982199386448
PSMB9_1,0.09149593088965219,0.5775091960063059,1.0385982199386448
PSMB9,0.09149593088965219,0.5775091960063059,1.0385982199386448
PSMB9_4,0.09149593088965219,0.5775091960063059,1.0385982199386448
PSMB9_5,0.09149593088965219,0.5775091960063059,1.0385982199386448
PSMB9_3,0.09149593088965219,0.5775091960063059,1.0385982199386448
TUBB4B,0.09154189582650117,0.5756174461376774,1.038380097606094
MPZL2,0.0915518997876413,0.6285864424592749,1.038332639251647
EDAR,0.0916238653272506,0.5700472937467157,1.0379913906336546
MGMT,0.09165831231383496,0.5745664739884393,1.0378281435950123
CRELD1,0.09179421517538626,0.5950604308985812,1.0371846869531076
ATP6V1B1,0.0919570861035661,0.8351024697845507,1.036414798920723
DELE1,0.09199379309047999,0.5755123489227535,1.0362414739315144
HDAC1,0.09199379309047999,0.5755123489227536,1.0362414739315144
DNTTIP2,0.09199379309047999,0.5755123489227536,1.0362414739315144
HAUS5,0.09199379309047999,0.5755123489227535,1.0362414739315144
EIF4ENIF1,0.09199379309047999,0.5755123489227536,1.0362414739315144
WDR5B,0.09220681753711564,0.5749868628481345,1.0352369671319552
POMT2,0.09231231018138497,0.5661586967945349,1.0347403803678001
DAZL,0.09244286073765867,0.5759327377824488,1.0341266233037523
SOS1,0.09244286073765867,0.5760378349973725,1.0341266233037523
ZNF512B,0.09244748079482061,0.5754072517078297,1.0341049189214109
PER1,0.09244748079482061,0.5754072517078297,1.0341049189214109
BMS1,0.09244748079482061,0.5754072517078297,1.0341049189214109
GCN1,0.09244748079482061,0.5754072517078297,1.0341049189214109
ABCA11P,0.0925301558075992,0.9288491854965844,1.0337167065418893
SBNO1,0.09262557423554864,0.5388334209143457,1.0332690865801508
GABRR2,0.09276808444939962,0.5673147661586968,1.0326014109744202
HYOU1,0.09290296352486488,0.575302154492906,1.031970432163863
HNRNPD,0.09290296352486488,0.575302154492906,1.031970432163863
HYOU1_1,0.09290296352486488,0.575302154492906,1.031970432163863
MARCO,0.09309313521183646,0.8634787178139779,1.0310823431812757
OIP5,0.09310696748481373,0.5437729900157646,1.0310178181917589
LIN28A,0.09321697316134625,0.6245927482921703,1.0305050031055019
CHML,0.09336016294210288,0.5751970572779821,1.0298383989850257
OPN3,0.09336016294210288,0.5751970572779821,1.0298383989850257
ZNF281,0.09336024586428616,0.5751970572779821,1.029838013246296
JAM3,0.09336024586428616,0.5751970572779821,1.029838013246296
SATB2,0.09349977625463991,0.6573830793483972,1.0291894283947711
DNMT3A,0.09354536264739287,0.8490803993694167,1.0289777370422912
CYTH4,0.09355178542253241,0.5775091960063059,1.0289479196363982
STX3,0.09363597942322775,0.5601681555438781,1.0285572424742746
PIBF1,0.0938146769582182,0.5747766684182869,1.027729212544865
SNTB2,0.09381766974046823,0.5748817656332107,1.0277153583364653
SNTB2_1,0.09381766974046823,0.5748817656332107,1.0277153583364653
NQO2,0.09381933239500688,0.5750919600630583,1.0277076617554792
CASKIN2,0.09381933239500688,0.5750919600630584,1.0277076617554792
LMBR1L,0.09381933239500688,0.5750919600630583,1.0277076617554792
RTRAF,0.09381933239500688,0.5750919600630583,1.0277076617554792
INPP5F,0.09381933239500688,0.5750919600630583,1.0277076617554792
MAP2K4,0.09381933239500688,0.5750919600630583,1.0277076617554792
CCSER2,0.09381933239500688,0.5750919600630584,1.0277076617554792
ZNF318,0.09404947042554791,0.5750919600630584,1.026643645535291
LPAR2,0.09427989432466821,0.5749868628481345,1.0255809129342983
R3HCC1,0.09428022769711587,0.5749868628481345,1.0255793772775235
PKD2L1,0.09474210081427935,0.5748817656332107,1.0234569894419923
PICALM,0.0947429363487851,0.5748817656332107,1.023453159397882
CYB561D2,0.0947429363487851,0.5748817656332107,1.023453159397882
SUSD4,0.0947429363487851,0.5748817656332107,1.023453159397882
EHHADH,0.09482264269887268,0.6273252758801892,1.0230879450986452
CD14,0.0949720440586488,0.5750919600630584,1.0224042146881709
SEPTIN2,0.09520746292618645,0.5747766684182869,1.0213290077013484
CLIC4,0.09520746292618645,0.5747766684182869,1.0213290077013484
RABGEF1,0.09520746292618645,0.5747766684182869,1.0213290077013484
ZNF614,0.09529892952861792,0.6789280084077771,1.0209119776662414
ZMYM1,0.09543957067893524,0.5745664739884393,1.020271522944051
CXCL3,0.09553854208512393,0.9511297950604309,1.0198213903210005
CACNA1I,0.09559042348947074,0.8937467157120337,1.0195856143557314
SOX12,0.09566373511465823,0.5742511823436679,1.0192526664494472
IFT74,0.0956691094638458,0.5743562795585917,1.019228268649877
PDXP-DT,0.09590472864681066,0.5743562795585917,1.01815997912143
DTWD1,0.09613188605919107,0.5745664739884393,1.0171325369653204
AHNAK,0.0961419881523711,0.5745664739884393,1.0170869011934738
AAR2,0.0961419881523711,0.5745664739884393,1.0170869011934738
CD63,0.0961419881523711,0.5745664739884393,1.0170869011934738
MANF,0.0961419881523711,0.5745664739884393,1.0170869011934738
UTP20,0.0961419881523711,0.5745664739884393,1.0170869011934738
TNFSF4,0.09614742802294679,0.5497635312664214,1.0170623287981655
C11orf71,0.09619764473310857,0.6199684708355229,1.0168355609344963
C12orf43,0.0964796373671523,0.5640567524960588,1.0155643375602743
PSEN1,0.09655460702361157,0.5729900157645822,1.015226999386416
TSPAN5,0.09660186865801473,0.5755123489227536,1.0150144725491541
CBR4,0.09661165836777244,0.5744613767735155,1.0149704630328817
CCL4_2,0.09661199594274396,0.5744613767735155,1.0149689455484114
CCL4_1,0.09661199594274396,0.5744613767735155,1.0149689455484114
CCL4,0.09661199594274396,0.5744613767735155,1.0149689455484114
ROCK2,0.09661199594274396,0.5744613767735155,1.0149689455484114
ACTMAP,0.09661199594274396,0.5744613767735155,1.0149689455484114
TMEM184C,0.09661199594274396,0.5744613767735155,1.0149689455484114
HOXC13,0.09661199594274396,0.5744613767735155,1.0149689455484114
IGFBP7,0.09661199594274396,0.5744613767735155,1.0149689455484114
SIX3,0.09667404759059932,0.9335785601681555,1.0146900977983124
MYRIP,0.0968133055160024,0.5117183394640042,1.0140649514201576
ITGB2,0.09684473067488694,0.5746715712033631,1.013924004279675
RAB29,0.09707673322580919,0.5743562795585917,1.012884846739318
COX8A,0.09708383994185935,0.5743562795585917,1.0128530544190124
KCNQ1,0.09732028252951441,0.5742511823436679,1.0117966389435313
KCNQ1_1,0.09732028252951441,0.5742511823436679,1.0117966389435313
KLF13,0.09739702656586194,0.6986862848134525,1.0114543014966413
KLF13_1,0.09739702656586194,0.6986862848134525,1.0114543014966413
MID1IP1,0.09755752471462893,0.5742511823436679,1.010739227386756
KMT5B,0.09755752471462893,0.5742511823436679,1.010739227386756
RORC,0.09757537383965134,0.791907514450867,1.0106597761349876
SGMS1,0.09803007902178916,0.5737256962690489,1.0086406472782676
PPP1R13B,0.09803296980064971,0.5741460851287441,1.0086278406906402
RABAC1,0.0980330548234584,0.5741460851287441,1.0086274640324535
SCMH1,0.0980330548234584,0.5741460851287441,1.0086274640324535
PSMA3,0.0980330548234584,0.5741460851287441,1.0086274640324535
CALR,0.0980330548234584,0.5741460851287441,1.0086274640324535
LCP2,0.0982574671805596,0.5751970572779821,1.007634435028023
XIST,0.09851043482816214,0.5740409879138203,1.0065177639362504
SZRD1_1,0.09851043482816214,0.5740409879138203,1.0065177639362504
SZRD1,0.09851043482816214,0.5740409879138203,1.0065177639362504
CYP1B1,0.09897557134337331,0.5747766684182869,1.0044719825734023
AZI2,0.09898958384429511,0.5739358906988965,1.0044105015331415
LAP3,0.0989896692858776,0.5739358906988965,1.004410126677623
SGSM2,0.0989896692858776,0.5739358906988965,1.004410126677623
ZNF83,0.0989896692858776,0.5739358906988965,1.004410126677623
FAM13B,0.0989896692858776,0.5739358906988965,1.004410126677623
AQP1,0.0989896692858776,0.5739358906988965,1.004410126677623
XPOT,0.0989896692858776,0.5739358906988965,1.004410126677623
MOB3B,0.09946596629803793,0.5744613767735155,1.002325493901286
PSMB2,0.09947076275097952,0.5738307934839727,1.002304551835378
TCTA,0.09947076275097952,0.5738307934839727,1.002304551835378
NECAP2,0.09947076275097952,0.5738307934839727,1.002304551835378
CCNT2,0.09947076275097952,0.5738307934839727,1.002304551835378
SSRP1,0.09947076275097952,0.5738307934839727,1.002304551835378
PRRC1,0.09947076275097952,0.5738307934839727,1.002304551835378
NECAP2_1,0.09947076275097952,0.5738307934839727,1.002304551835378
CERK,0.09995200257713248,0.5737256962690489,1.0002085002003345
MC1R,0.0999537197749939,0.5737256962690489,1.000201038987651
PRMT1,0.0999537197749939,0.5737256962690489,1.000201038987651
TOMM70,0.0999537197749939,0.5737256962690489,1.000201038987651
COTL1,0.0999537197749939,0.5737256962690489,1.000201038987651
SLC41A3,0.0999537197749939,0.5737256962690489,1.000201038987651
RGCC,0.0999537197749939,0.5737256962690489,1.000201038987651
TTC26,0.10000349245503633,0.6654755648975302,0.9999848327253479
TCIM,0.1003404222732288,0.5761429322122964,0.9985240756169455
DUS4L_1,0.1003604129114132,0.5646873357856017,0.9984375605421683
DUS4L,0.1003604129114132,0.5646873357856017,0.9984375605421683
IQCG,0.10047334323691344,0.607041513399895,0.9979491464098623
CUL4B,0.10057490059285921,0.5842354177614293,0.9975103880084439
ELP5_1,0.10081407365988954,0.5656332107199159,0.9964788360831084
ELP5,0.10081407365988954,0.5656332107199159,0.9964788360831084
TRIB3,0.10092524269110108,0.5735155018392013,0.9960001975849329
FBN1,0.10092524269110108,0.5735155018392013,0.9960001975849329
SNTA1,0.10092524269110108,0.5735155018392013,0.9960001975849329
H2AJ,0.1009673123860001,0.6116657908565424,0.9958192039211747
BCL2L14_1,0.10101630227193802,0.5789805570152391,0.9956085329953658
BCL2L14,0.10101630227193802,0.5789805570152391,0.9956085329953658
CCHCR1_1,0.10102499273660595,0.5679453494482396,0.9955711721097842
CCHCR1_2,0.10102499273660595,0.5679453494482396,0.9955711721097842
CCHCR1_5,0.10102499273660595,0.5679453494482396,0.9955711721097842
CCHCR1_4,0.10102499273660595,0.5679453494482396,0.9955711721097842
CCHCR1_3,0.10102499273660595,0.5679453494482396,0.9955711721097842
CCHCR1,0.10102499273660595,0.5679453494482396,0.9955711721097842
URB2,0.10106262701591597,0.5645822385706779,0.9954094169261297
OSGEP,0.10139954736170173,0.572569626904887,0.9939639836491719
OSGEP_1,0.10139954736170173,0.572569626904887,0.9939639836491719
KIF16B,0.10141208794679006,0.5734104046242775,0.9939102756170626
CDC37,0.10141295280935311,0.5734104046242774,0.9939065718826782
NOL6,0.10141381767122276,0.5734104046242775,0.9939028681828489
CNN2,0.10141381767122276,0.5734104046242774,0.9939028681828489
HES1,0.10141381767122276,0.5734104046242775,0.9939028681828489
PDE8A,0.10141381767122276,0.5734104046242775,0.9939028681828489
IL36RN,0.10141381767122276,0.5734104046242774,0.9939028681828489
PRR14,0.10141381767122276,0.5734104046242775,0.9939028681828489
PBX1,0.10141381767122276,0.5734104046242775,0.9939028681828489
PNOC,0.10148998430416441,0.7509196006305833,0.9935768146577458
ARTN,0.1017060891090156,0.8725170782974251,0.9926530452357416
CHST15,0.10190427438614061,0.5733053074093537,0.9918075990810947
MBNL1,0.10190427438614061,0.5733053074093537,0.9918075990810947
ENY2,0.10190427438614061,0.5733053074093537,0.9918075990810947
MAP3K12,0.1023101747028744,0.5485023646873358,0.9900811737406128
HAUS6,0.10239487931131193,0.5729900157645822,0.9897217615481497
USP6,0.10239661737183527,0.5732002101944298,0.9897143898544345
LMAN2,0.10239661737183527,0.5732002101944298,0.9897143898544345
SDHAF1,0.10239661737183527,0.5732002101944298,0.9897143898544345
TFB2M,0.10239661737183527,0.5732002101944298,0.9897143898544345
RIPOR1,0.10239661737183527,0.5732002101944298,0.9897143898544345
CLDN17,0.10256769412517805,0.5863373620599054,0.9889894079620295
SPRING1,0.10263618901405583,0.5723594324750394,0.9886994821289714
WIPF1,0.10289085116091612,0.5730951129795061,0.9876232400769552
HMGN3,0.10289085116091612,0.5730951129795061,0.9876232400769552
HNRNPUL1,0.10289085116091612,0.5730951129795061,0.9876232400769552
RFTN1,0.10289085116091612,0.5730951129795061,0.9876232400769552
CAMLG,0.10289085116091612,0.573095112979506,0.9876232400769552
GFRA2,0.10311641045156432,0.8131371518654755,0.9866722134612025
EPB41L2,0.10338610709096967,0.5729900157645822,0.9855378173262777
HDAC11,0.1033869802825335,0.5729900157645822,0.9855341493220646
GDPD2,0.1033869802825335,0.5729900157645822,0.9855341493220646
LARP1,0.1033869802825335,0.5729900157645822,0.9855341493220646
MYL12A,0.1033869802825335,0.5729900157645822,0.9855341493220646
KLF15,0.1033869802825335,0.5729900157645822,0.9855341493220646
NDUFS8,0.1033869802825335,0.5729900157645822,0.9855341493220646
ADAMTS1,0.1033869802825335,0.5729900157645822,0.9855341493220646
SCGB2A2,0.10357343576132515,0.5559642669469259,0.9847516170000262
OSGIN2,0.10362841344330505,0.5721492380451918,0.9845211508669904
BNC2,0.10370300343739398,0.5610089332632685,0.9842086654296847
BMP8A,0.10376830749462448,0.6682080924855491,0.9839352667365322
TPM4,0.10388010774065441,0.5735155018392013,0.9834676086081235
ZC3H7B,0.10388465915442009,0.5729900157645822,0.9834485808016947
TLE1,0.10388500926229016,0.5728849185496585,0.9834471171624908
RAB21,0.10388500926229016,0.5728849185496584,0.9834471171624908
YPEL5,0.10388500926229016,0.5728849185496584,0.9834471171624908
PCDH12,0.10388500926229016,0.5728849185496584,0.9834471171624908
UEVLD,0.1040285862023823,0.5655281135049921,0.9828473037391984
MAP3K20,0.1043450225390974,0.571518654755649,0.9815282627974858
IPP,0.10438459168363114,0.5726747241198108,0.9813636032555757
ARID3A,0.10452478494522306,0.8586442459274829,0.9807807173168829
JAK2,0.1045408497939133,0.6782974251182343,0.9807139739215733
CCDC69,0.10462598930183292,0.6252233315817131,0.9803604224630021
INTS7,0.10484677037104646,0.5714135575407252,0.9794449427058898
ERAL1,0.1048859054589352,0.5726747241198108,0.9792828682666173
CDKN1B,0.10488678488036479,0.5726747241198108,0.9792792269167969
ZC3H14,0.10488678488036479,0.5726747241198108,0.9792792269167969
CTSK,0.10488678488036479,0.5726747241198108,0.9792792269167969
ODF1,0.10512966927741194,0.5581713084603258,0.9782747018110961
AOAH,0.10517173797056904,0.5980031529164478,0.9781009492738991
DOCK2,0.10530511981762508,0.5755123489227536,0.97755051338726
CPS1,0.10534047787025452,0.784971098265896,0.9774047158252831
DUSP7,0.10538810731966826,0.9018392012611666,0.9772083949759776
DNAJC1,0.10539054055135345,0.572569626904887,0.9771983679727227
ECPAS,0.10539054055135345,0.572569626904887,0.9771983679727227
PDS5A,0.10539054055135345,0.572569626904887,0.9771983679727227
CKS2,0.10539054055135345,0.572569626904887,0.9771983679727227
LRRC15,0.10589312166166824,0.5724645296899632,0.9751322487820178
ASS1,0.10589586071943931,0.572569626904887,0.9751210153584252
COX15,0.1058962141456449,0.5724645296899632,0.9751195659080533
KTN1,0.1058962141456449,0.5724645296899632,0.9751195659080533
S100A10,0.1058962141456449,0.5724645296899632,0.9751195659080533
STC1,0.10596498199568684,0.5558591697320021,0.9748376313263708
KIF14,0.1061058483381182,0.5127693116132422,0.9742606780121874
RNF208,0.10610680723196306,1.0,0.9742567532480924
GABRP,0.10620346857296244,0.6498160798738833,0.9738612990973142
CAPN1,0.10636351287854603,0.5748817656332107,0.9732073276156267
THAP1,0.10638432599291318,0.5707829742511823,0.97312235358442
PNPLA6,0.10640381016977199,0.5723594324750394,0.9730428202920998
PLXNB3,0.10640381016977199,0.5723594324750394,0.9730428202920998
VSTM4,0.10670459742277892,0.6576983709931687,0.9718168683699986
RNF43,0.10682731056315822,0.5705727798213347,0.9713177050731091
KDM4B,0.1069133331261855,0.5722543352601156,0.9709681306934856
ZNF331,0.1069133331261855,0.5722543352601156,0.9709681306934856
PRKAG2,0.1069133331261855,0.5722543352601156,0.9709681306934856
CDC27,0.1069133331261855,0.5722543352601156,0.9709681306934856
FGFBP1,0.10694776120649958,0.8632685233841303,0.9708283023111541
ATP7A,0.10697460463137107,0.5395691014188124,0.9707193099548608
CDKN1C_1,0.10709300453408911,0.5875985286389911,0.9702388969689615
CDKN1C,0.10709300453408911,0.5875985286389911,0.9702388969689615
NRAS,0.10737334963455408,0.5474513925380977,0.9691034983654935
MUC1,0.10742300797602107,0.5721492380451918,0.9689026910119265
SALL2,0.10742478751316388,0.5721492380451918,0.9688954966801464
ACTA2,0.10742478751316388,0.5721492380451918,0.9688954966801464
TREM1,0.1079184325569708,0.5605885444035733,0.9669043711271255
ZNF442,0.10793370424889841,0.8466631634261692,0.9668429178411614
ITGAE,0.10793817782472274,0.572044140830268,0.9668249178193289
TINF2_1,0.10793817782472274,0.572044140830268,0.9668249178193289
ENTPD4,0.10793817782472274,0.572044140830268,0.9668249178193289
WARS1,0.10793817782472274,0.572044140830268,0.9668249178193289
TINF2,0.10793817782472274,0.572044140830268,0.9668249178193289
IFNG,0.10837851969366974,0.9821334734629532,0.9650567851677065
ZNF200,0.10843384268173986,0.5714135575407252,0.9648351514130675
SAC3D1,0.10845315099341173,0.5718339464004204,0.9647578254923748
ZNF143,0.10845350855052474,0.5719390436153442,0.9647563936775889
AP1G1,0.10893817087741575,0.5712033631108776,0.9628199210081227
BAZ1B,0.1089707841757884,0.5718339464004204,0.962689923820791
ACTN1,0.1089707841757884,0.5718339464004204,0.962689923820791
SF3B5,0.1089707841757884,0.5718339464004204,0.962689923820791
CDCA4,0.1089707841757884,0.5718339464004204,0.962689923820791
SUPT7L,0.1089707841757884,0.5718339464004204,0.962689923820791
ASAP1,0.10897725069164825,0.585496584340515,0.9626641527955316
IL3RA_1,0.1091997063483004,0.9034156594850237,0.9617785295020161
IL3RA,0.1091997063483004,0.9034156594850237,0.9617785295020161
ATXN3,0.1093061745737696,0.5328428796636889,0.961355304586664
LPCAT3,0.10944857916017624,0.5852863899106674,0.9607898719845868
RAD51AP1,0.1094792329991393,0.57099316868103,0.9606682538761656
NEBL,0.10948686614291941,0.5717288491854966,0.9606379749221392
ARHGEF10_1,0.1094899193802733,0.5717288491854966,0.9606258640115544
ARHGEF10,0.1094899193802733,0.5717288491854966,0.9606258640115544
CHD1,0.10949000918119751,0.5717288491854966,0.9606255078141064
IK,0.10949000918119751,0.5717288491854966,0.9606255078141064
VWA5A,0.10949000918119751,0.5717288491854966,0.9606255078141064
STIL,0.10949000918119751,0.5717288491854966,0.9606255078141064
PTPN11,0.10970944687562408,0.5734104046242774,0.9597559745281999
LALBA,0.1099990032416153,0.6498160798738833,0.9586112501929347
PLAAT4,0.11001118804280922,0.5716237519705728,0.9585631452220138
PAFAH1B3,0.11001118804280922,0.5716237519705728,0.9585631452220138
GOLGA4,0.11001118804280922,0.5716237519705728,0.9585631452220138
SPIN1,0.11052349975197036,0.572569626904887,0.9565453715034077
PPM1D,0.11053423502024608,0.571518654755649,0.956503190054454
IBTK_1,0.11053432523196335,0.571518654755649,0.9565028356082951
OAT,0.11053432523196335,0.571518654755649,0.9565028356082951
PPP1R8,0.11053432523196335,0.571518654755649,0.9565028356082951
IBTK,0.11053432523196335,0.571518654755649,0.9565028356082951
CCDC47,0.11053432523196335,0.571518654755649,0.9565028356082951
ZNF408,0.11053432523196335,0.571518654755649,0.9565028356082951
SERPING1,0.11053432523196335,0.571518654755649,0.9565028356082951
FDX1,0.11053432523196335,0.571518654755649,0.9565028356082951
DIXDC1,0.11093916158665071,0.5747766684182869,0.9549151205886692
PAAF1,0.1110590635480146,0.5714135575407252,0.9544459928267555
RRM2,0.11105933479841183,0.5714135575407252,0.9544449321082232
GNAI2,0.11105942521518991,0.5714135575407251,0.954444578536037
SS18L2,0.11105942521518991,0.5714135575407252,0.954444578536037
SLC3A2,0.11105942521518991,0.5714135575407251,0.954444578536037
ABHD10,0.11105942521518991,0.5714135575407252,0.954444578536037
SPTLC2,0.11156655544131319,0.5703625853914871,0.9524659753279565
SLC6A14,0.11157923199985328,0.8921702574881766,0.9524166321654209
MAPKBP1,0.11158649245411738,0.5713084603258014,0.9523883735676293
SGTA,0.11158649245411738,0.5713084603258014,0.9523883735676293
MPRIP,0.11158649245411738,0.5713084603258014,0.9523883735676293
EEIG1,0.11158649245411738,0.5713084603258014,0.9523883735676293
OR1F1,0.11158649245411738,0.5713084603258014,0.9523883735676293
RAD54B,0.11190660225261471,0.5655281135049921,0.9511442902608003
EDNRA,0.1119642736130124,0.5601681555438781,0.9509205331147064
SYT2,0.11211553140538058,0.5712033631108775,0.9503342202647623
PCDH17,0.11211553140538058,0.5712033631108776,0.9503342202647623
ACADVL,0.11211553140538058,0.5712033631108776,0.9503342202647623
EXOSC4,0.11211553140538058,0.5712033631108776,0.9503342202647623
TRAK1,0.11211553140538058,0.5712033631108776,0.9503342202647623
FZD2,0.1121390334303755,0.634366789280084,0.9502431915732065
CEP83,0.11227759409538628,0.5568050446663163,0.9497069020786787
GNAI1,0.11247192645614998,0.7782448765107725,0.9489558660563479
TPPP3,0.11248725011481342,0.5842354177614293,0.948896699939972
PIGN,0.11259556766117979,0.5692065160273253,0.9484787052056212
PLXDC1,0.11262051132487878,0.5710982658959538,0.9483825051865462
HAO2,0.11263152632647884,0.5702574881765633,0.9483400305038152
CD34,0.11263152632647884,0.5723594324750394,0.9483400305038152
PSMB8_7,0.11264645548996227,0.5710982658959538,0.9482824691453771
PSMB8_6,0.11264645548996227,0.5710982658959538,0.9482824691453771
PSMB8,0.11264645548996227,0.5710982658959538,0.9482824691453771
PSMB8_1,0.11264645548996227,0.5710982658959538,0.9482824691453771
PSMB8_4,0.11264645548996227,0.5710982658959538,0.9482824691453771
PSMB8_3,0.11264645548996227,0.5710982658959538,0.9482824691453771
PSMB8_2,0.11264645548996227,0.5710982658959538,0.9482824691453771
CDH11,0.11264645548996227,0.5710982658959538,0.9482824691453771
PSMB8_5,0.11264645548996227,0.5710982658959538,0.9482824691453771
DAD1,0.11264654652052827,0.5710982658959538,0.9482821181884264
SIM1,0.11271979360590677,0.9491329479768786,0.9479998151071621
SRSF8,0.11317954224592998,0.5709931686810299,0.9462320668989121
GPD1L,0.11317954224592998,0.57099316868103,0.9462320668989121
PTGES,0.11317954224592998,0.57099316868103,0.9462320668989121
PDS5B,0.11317954224592998,0.57099316868103,0.9462320668989121
SIRT1,0.11317954224592998,0.57099316868103,0.9462320668989121
PACS2,0.11317954224592998,0.57099316868103,0.9462320668989121
GNE,0.11317954224592998,0.57099316868103,0.9462320668989121
CEBPA,0.11317954224592998,0.5709931686810299,0.9462320668989121
HOXB1,0.11353908133783096,0.5844456121912769,0.9448546240398362
PTGER2,0.11354324147221788,0.796741986337362,0.9448387115426761
PLEKHG6,0.11363990533086242,0.5693116132422491,0.9444691367433747
HERC2_1,0.11371452302268381,0.5708880714661061,0.9441840659558066
HERC2,0.11371452302268381,0.5708880714661061,0.9441840659558066
HERC2_2,0.11371452302268381,0.5708880714661061,0.9441840659558066
PRELID3B,0.11371452302268381,0.5708880714661061,0.9441840659558066
PLCB2,0.11425149328652254,0.5707829742511823,0.9421381149179945
CA14,0.11425149328652254,0.5707829742511823,0.9421381149179945
PPP6R1,0.11425149328652254,0.5707829742511823,0.9421381149179945
HOXB2,0.11425149328652254,0.5707829742511823,0.9421381149179945
RNPEPL1,0.11425149328652254,0.5707829742511823,0.9421381149179945
EIPR1,0.11425149328652254,0.5707829742511823,0.9421381149179945
MZF1,0.11449448662695733,0.5693116132422491,0.9412154258580572
POP1,0.11461696814522264,0.6140830267997899,0.9407510837094901
EDC4,0.11472463379038662,0.562900683131897,0.9403433199315654
ACP2,0.11479045746772064,0.5706778770362585,0.9400942133436561
NAT10,0.11479045746772064,0.5706778770362585,0.9400942133436561
CYC1,0.11479045746772064,0.5706778770362585,0.9400942133436561
PODXL,0.11479045746772064,0.5706778770362586,0.9400942133436561
DDAH2_6,0.11479045746772064,0.5706778770362585,0.9400942133436561
DDAH2_5,0.11479045746772064,0.5706778770362585,0.9400942133436561
DDAH2_4,0.11479045746772064,0.5706778770362585,0.9400942133436561
CRTAP,0.11479045746772064,0.5706778770362585,0.9400942133436561
DDAH2,0.11479045746772064,0.5706778770362585,0.9400942133436561
DDAH2_1,0.11479045746772064,0.5706778770362585,0.9400942133436561
DDAH2_2,0.11479045746772064,0.5706778770362585,0.9400942133436561
DDAH2_3,0.11479045746772064,0.5706778770362585,0.9400942133436561
WRAP73,0.11490560903070685,0.5426169206516027,0.9396587710364425
QRSL1,0.11491753920359721,0.5810825013137152,0.9396136823819802
LMOD1,0.11532213254582452,0.5631108775617446,0.9380873352023115
TNFRSF21,0.11533132794235776,0.5705727798213347,0.9380527074107582
USP47,0.11533141999100063,0.5705727798213347,0.9380523607902654
TAPBP_2,0.11533141999100063,0.5705727798213347,0.9380523607902654
TAPBP,0.11533141999100063,0.5705727798213347,0.9380523607902654
ATP6V1H,0.11533141999100063,0.5705727798213347,0.9380523607902654
TAPBP_3,0.11533141999100063,0.5705727798213347,0.9380523607902654
TAPBP_1,0.11533141999100063,0.5705727798213347,0.9380523607902654
TAPBP_4,0.11533141999100063,0.5705727798213347,0.9380523607902654
TRMT12,0.11533141999100063,0.5705727798213347,0.9380523607902654
CNOT7,0.11533141999100063,0.5705727798213347,0.9380523607902654
TFEC,0.11535337350282861,0.6595901208617971,0.9379697000398132
PRSS16,0.11546738874112525,0.7300052548607462,0.937540655508542
VGLL1,0.11577528843142698,0.9136100893326327,0.9363841283731871
MAT1A,0.11580013574011856,0.6636889122438255,0.936290931531295
MRTO4,0.11586331500937072,0.571518654755649,0.936054049894607
MIR6755,0.11597025389731334,0.7755123489227536,0.9356533920222607
ZNF839,0.11613138195169638,0.5699421965317919,0.9350504058702348
IL5,0.11617893493434035,0.5756174461376773,0.9348726092185357
CYBA,0.1164082631581135,0.5703625853914871,0.934016190505717
SEMA4A,0.11641935773437306,0.5703625853914871,0.9339748009726904
SSBP3,0.11641935773437306,0.5703625853914871,0.9339748009726904
GOSR2,0.11668935859088152,0.5700472937467157,0.9329687473477831
MID1,0.11670937310551852,0.6046242774566474,0.9328942637100791
ANGPTL4,0.11673153075745495,0.5617446137677351,0.9328118193240474
TRIM45,0.11694050303671416,0.5614293221229637,0.9320350423133469
YTHDC2,0.1169644886457352,0.5702574881765633,0.9319459735200346
LTBR,0.11696634177530489,0.5702574881765633,0.9319390928199154
APLNR,0.11696634177530489,0.5702574881765633,0.9319390928199154
SRF,0.11696634177530489,0.5702574881765633,0.9319390928199154
TMEM100,0.11706601589172559,0.9002627430373095,0.9315691617403079
GOT2,0.1175153417998086,0.5701523909616395,0.9299054319109052
COPS2,0.1175153417998086,0.5701523909616395,0.9299054319109052
ARHGAP33,0.1175153417998086,0.5701523909616395,0.9299054319109052
JMJD6,0.1175153417998086,0.5701523909616395,0.9299054319109052
EEF2,0.1175153417998086,0.5701523909616395,0.9299054319109052
LLGL1,0.1175153417998086,0.5701523909616395,0.9299054319109052
CC2D1A,0.11776142694865076,0.5785601681555439,0.9289969405051299
CC2D1A_1,0.11776142694865076,0.5785601681555439,0.9289969405051299
BRWD1,0.11802003421115081,0.5555438780872307,0.9280442638055447
MICALL1,0.11806115081628632,0.5706778770362586,0.9278929877527461
COQ4,0.11806598996286038,0.5700472937467157,0.9278751870488745
PLCD1,0.11806636220343453,0.5700472937467157,0.9278738177995886
ZNF816,0.11806636220343453,0.5700472937467157,0.9278738177995886
DSC2,0.11848153903142332,0.7330530740935366,0.9263493131253226
LPXN,0.11861940737561491,0.5699421965317919,0.9258442500391805
DENND5A,0.11861940737561491,0.5699421965317919,0.9258442500391805
NUDT3,0.11861940737561491,0.5699421965317919,0.9258442500391805
HOXA4,0.11861940737561491,0.5699421965317919,0.9258442500391805
CLUL1,0.11868030772503647,0.9174986862848135,0.9256213362757214
SHOX2,0.11905131383191145,0.6861797162375197,0.9242658074258312
TTC30A,0.11909792010580067,0.6537046768260641,0.9240958228535873
SFRP5,0.11915391956918807,0.5713084603258014,0.9238916669619078
MFSD11,0.1191741078484959,0.5698370993168681,0.9238180905687452
RAB8A,0.11917448169956818,0.5698370993168681,0.9238167281821831
CNIH4,0.11917448169956818,0.5698370993168681,0.9238167281821831
SELE,0.11938934789173926,0.8593799264319495,0.9230344199253135
PYHIN1,0.11943233116163306,0.586022070415134,0.9228780907578394
ANGPTL2,0.11954198630111344,0.5665790856542302,0.922479532236266
EZH2,0.11954198630111344,0.5665790856542302,0.922479532236266
ENPP2,0.11967913577618833,0.5716237519705728,0.9219815555841233
TGS1,0.11970480119724047,0.5686810299527063,0.9218884302815461
SLN,0.11972634436831679,0.5694167104571729,0.9218102777059963
GMFG,0.11972634436831679,0.5700472937467157,0.9218102777059963
GMFG_1,0.11972634436831679,0.5700472937467157,0.9218102777059963
ZC4H2,0.11973121489764033,0.5698370993168681,0.9217926107422477
LGALS1,0.11973158955220427,0.5697320021019443,0.921791251780382
EMP3,0.11973158955220427,0.5697320021019443,0.921791251780382
TNFSF12,0.11973158955220427,0.5697320021019443,0.921791251780382
RHOG,0.11973158955220427,0.5697320021019443,0.921791251780382
ZMPSTE24,0.11973158955220427,0.5697320021019443,0.921791251780382
TSPAN6,0.11973158955220427,0.5697320021019443,0.921791251780382
XPO6,0.11973158955220427,0.5697320021019443,0.921791251780382
CAT,0.11973158955220427,0.5697320021019443,0.921791251780382
EDN1,0.11979292046375102,0.6319495533368366,0.9215688471752318
THBS4,0.12016588361897411,0.567735155018392,0.9202188156869605
CDKN3,0.12016588361897411,0.5662637940094587,0.9202188156869605
PLOD2,0.1202854788876918,0.5693116132422491,0.9197867984256949
SLC50A1,0.12029073530402838,0.5696269048870205,0.9197678203848475
PUF60,0.12029073530402838,0.5696269048870205,0.9197678203848475
DAZAP2,0.12029073530402838,0.5696269048870205,0.9197678203848475
FLVCR2,0.12043702649111196,0.9172884918549659,0.9192399754645213
SMC4,0.12085192331904561,0.5695218076720967,0.9177464335459316
POLR1D,0.12085192331904561,0.5695218076720967,0.9177464335459316
SOSTDC1,0.12109347966251179,0.8147136100893326,0.9168792410256372
SBNO2,0.12116914335476976,0.8146085128744088,0.9166079624876007
SBNO2_1,0.12116914335476976,0.8146085128744088,0.9166079624876007
PIGO,0.12128888349679952,0.5562795585916973,0.9161790017487144
SPARC,0.12141515795466458,0.5694167104571729,0.9157270908132685
SUPT20H,0.12141515795466458,0.5694167104571729,0.9157270908132685
C1S,0.12141515795466458,0.5694167104571729,0.9157270908132685
IL1B,0.12141515795466458,0.5694167104571729,0.9157270908132685
ERCC8,0.12148046809670143,0.5660535995796111,0.9154935432978721
ZNF652,0.1216966004714836,0.5692065160273253,0.9147215533812474
RUNX1T1,0.12180510142941148,0.9657383079348397,0.914334522242984
ZMAT3,0.12187151297650203,0.5837099316868103,0.9140977972768192
MPPED1,0.12190134668471257,0.7549132947976879,0.9139914965595594
PPP2R2B,0.1219644628737314,0.8303730951129795,0.9137666924898842
MYO1F,0.1219804435616019,0.5693116132422491,0.913709791735771
ABI1,0.1219804435616019,0.5693116132422491,0.913709791735771
COQ2,0.1219804435616019,0.5693116132422491,0.913709791735771
GPSM3_5,0.1219804435616019,0.5693116132422491,0.913709791735771
GPSM3_4,0.1219804435616019,0.5693116132422491,0.913709791735771
GPSM3,0.1219804435616019,0.5693116132422491,0.913709791735771
GPSM3_6,0.1219804435616019,0.5693116132422491,0.913709791735771
HDGF,0.1219804435616019,0.5693116132422491,0.913709791735771
GPSM3_1,0.1219804435616019,0.5693116132422491,0.913709791735771
GPSM3_2,0.1219804435616019,0.5693116132422491,0.913709791735771
CGGBP1,0.1219804435616019,0.5693116132422491,0.913709791735771
GPSM3_3,0.1219804435616019,0.5693116132422491,0.913709791735771
CSPG5,0.12245076922352191,0.505937992643195,0.9120384823360689
JMJD4,0.12253642476882276,0.5684708355228586,0.9117347951793799
GAL3ST4,0.12254778448378491,0.5692065160273253,0.9116945358616325
NPDC1,0.12254778448378491,0.5692065160273253,0.9116945358616325
UGDH,0.12254778448378491,0.5692065160273253,0.9116945358616325
PTPRF,0.12254778448378491,0.5692065160273252,0.9116945358616325
CELSR3,0.12265506293573716,0.5183394640042039,0.9113145203506139
NUDT18,0.12266075803334175,0.5181292695743562,0.9112943557362465
TP53,0.12278910836275352,0.5698370993168681,0.9108401542676273
TM4SF5,0.12306624926113299,0.8450867052023121,0.9098610353660107
EXOSC9,0.12311718505825596,0.5691014188124015,0.9096813227383218
ODR4,0.12311718505825596,0.5691014188124015,0.9096813227383218
FXYD5,0.1234017094497142,0.5692065160273252,0.908678824099894
LINC00339,0.1234414395497209,0.5665790856542302,0.9085390222587871
STARD3,0.12368864961507475,0.5689963215974777,0.9076701519125863
KDM5A,0.12368864961507475,0.5689963215974777,0.9076701519125863
ADNP,0.12368864961507475,0.5689963215974777,0.9076701519125863
LYPLA2,0.12369187539573831,0.5802417235943247,0.9076588257280207
EXOSC2,0.12425075123058804,0.5679453494482396,0.905700976805393
PGRMC2,0.12426218247722214,0.5688912243825539,0.9056610229304466
RO60,0.12426218247722214,0.5688912243825539,0.9056610229304466
CREBBP,0.12426218247722214,0.5688912243825539,0.9056610229304466
AHSA1,0.12426218247722214,0.5688912243825539,0.9056610229304466
AP2S1,0.12426218247722214,0.5688912243825539,0.9056610229304466
SAE1,0.12426218247722214,0.5688912243825539,0.9056610229304466
MMADHC,0.12426218247722214,0.5688912243825539,0.9056610229304466
P3H2,0.12441589446773987,0.860746190225959,0.9051241338036997
CD52,0.12454638831406094,0.5691014188124015,0.9046688619292912
ITGB7,0.12454963051323723,0.5688912243825539,0.9046575564960032
CDSN,0.12460497981460124,0.7765633210719916,0.9044646008326632
CDSN_4,0.12460497981460124,0.7765633210719916,0.9044646008326632
CDSN_2,0.12460497981460124,0.7765633210719916,0.9044646008326632
CDSN_5,0.12460497981460124,0.7765633210719916,0.9044646008326632
CDSN_1,0.12460497981460124,0.7765633210719916,0.9044646008326632
CDSN_3,0.12460497981460124,0.7765633210719916,0.9044646008326632
TFCP2L1,0.12461819458287939,0.5755123489227536,0.9044185449154148
IKBKB,0.12482633294949008,0.5680504466631634,0.9036937876640615
PLSCR1,0.12483778796050221,0.56878612716763,0.9036539353371987
PSME1,0.12483778796050221,0.5687861271676301,0.9036539353371987
PSME1_1,0.12483778796050221,0.5687861271676301,0.9036539353371987
GRHPR,0.12483778796050221,0.5687861271676301,0.9036539353371987
HEXB,0.12483778796050221,0.5687861271676301,0.9036539353371987
GNB5,0.12498905500283036,0.5053074093536521,0.9031280154718561
C22orf46P,0.12511247477457588,0.8339464004203889,0.9026993853053353
PMEL,0.1252592076687331,0.5404098791382028,0.9021903397701523
ALDH1A2,0.12530228945439642,0.9654230162900683,0.9020409937438607
TRIB2,0.1254039916387078,0.5694167104571729,0.9016886395892365
PEF1,0.1254154703734454,0.5686810299527063,0.9016488886774113
PGS1,0.1254154703734454,0.5686810299527063,0.9016488886774113
EMG1,0.1254154703734454,0.5686810299527063,0.9016488886774113
SLC25A36,0.1254154703734454,0.5686810299527063,0.9016488886774113
TBC1D1,0.1254154703734454,0.5686810299527063,0.9016488886774113
ZNF518A,0.12542947799122955,0.5377824487651077,0.9016003851603642
DENND1B,0.12570499601904503,0.5685759327377824,0.9006474613722362
PEX5_1,0.1259952340172106,0.5685759327377824,0.8996458824949243
CLINT1,0.1259952340172106,0.5685759327377824,0.8996458824949243
PEX5,0.1259952340172106,0.5685759327377824,0.8996458824949243
SHQ1,0.1259952340172106,0.5685759327377824,0.8996458824949243
CDC23,0.1259952340172106,0.5685759327377824,0.8996458824949243
PRKCZ-AS1,0.12631085287893984,0.8454019968470836,0.8985593323984259
FKBPL,0.12634850782733437,0.5599579611140305,0.8984298827205713
FKBPL_2,0.12634850782733437,0.5599579611140305,0.8984298827205713
FKBPL_3,0.12634850782733437,0.5599579611140305,0.8984298827205713
FKBPL_1,0.12634850782733437,0.5599579611140305,0.8984298827205713
COG7,0.1265761226895537,0.568260641093011,0.8976482118714731
NUDT2,0.12657708318548794,0.5684708355228586,0.8976449163328472
MBD4,0.12657708318548794,0.5684708355228587,0.8976449163328472
SMIM27,0.12657708318548794,0.5684708355228586,0.8976449163328472
ART3,0.1265968063818787,0.9033105622700999,0.89757724999182
UAP1L1,0.12701999784645354,0.6809248554913294,0.8961278989601419
TRIP6,0.1271610221644001,0.5683657383079348,0.8956459897335595
SLC26A3,0.12741221463865018,0.9143457698370994,0.8947889354552947
KAZALD1,0.12743865675424662,0.8245927482921702,0.8946988147908307
GOSR1,0.12774705523240462,0.568260641093011,0.8936491022387081
PABPC4,0.12774705523240462,0.5682606410930111,0.8936491022387081
TASP1,0.12774705523240462,0.568260641093011,0.8936491022387081
FBXO17_1,0.12777676188985956,0.7906463478717813,0.8935481219260947
FBXO17,0.12777676188985956,0.7906463478717813,0.8935481219260947
MAB21L1,0.12780924881555855,0.9824487651077246,0.8934377176625584
ZFP30,0.12833509002182353,0.5681555438780872,0.8916545804197632
MFGE8,0.12833518666019525,0.5681555438780872,0.8916542533892077
DYNC1LI2,0.12833518666019525,0.5681555438780872,0.8916542533892077
RNF220,0.12833518666019525,0.5681555438780872,0.8916542533892077
PTPN20,0.12836527248604637,0.9031003678402523,0.8915524529619399
WDR18,0.12840273608911612,0.5554387808723069,0.8914257219389347
TRIP11,0.12877627629396374,0.5638465580662112,0.8901641371594473
RC3H2,0.12877837259130923,0.553231739358907,0.8901570675113277
TMEM41B,0.12892542071060387,0.5680504466631634,0.8896614427252373
TRAM2,0.12892542071060387,0.5680504466631634,0.8896614427252373
PDCD4,0.1295177616385017,0.5679453494482396,0.8876706697862399
NUP43,0.1295177616385017,0.5679453494482396,0.8876706697862399
ARL6IP5,0.1295177616385017,0.5679453494482396,0.8876706697862399
NUP37,0.1295177616385017,0.5679453494482396,0.8876706697862399
ATG14,0.1295177616385017,0.5679453494482396,0.8876706697862399
CDC73,0.1295177616385017,0.5679453494482396,0.8876706697862399
ACSL3,0.1295177616385017,0.5679453494482396,0.8876706697862399
PYCR1,0.1295177616385017,0.5679453494482396,0.8876706697862399
MBD2,0.12961650611760764,0.590856542301629,0.8873396893656178
IPCEF1,0.12964530444558106,0.8153441933788754,0.8872432080909467
TBC1D8B,0.12972212055794846,0.5605885444035733,0.8869859605611353
NT5C,0.13005776556015047,0.5678402522333158,0.8858637116016301
NELFA,0.1301122136907,0.5678402522333158,0.8856819341109226
DLG5,0.1301122136907,0.5678402522333158,0.8856819341109226
SMCHD1,0.1301122136907,0.5678402522333158,0.8856819341109226
NACA,0.1301122136907,0.5678402522333158,0.8856819341109226
FANCL,0.1301122136907,0.5678402522333158,0.8856819341109226
DLG5_1,0.1301122136907,0.5678402522333158,0.8856819341109226
LEF1,0.13057454861693532,0.5300052548607462,0.8841414668006609
PAQR4,0.13070878110585163,0.567735155018392,0.8836952352372534
TSKU,0.13070878110585163,0.567735155018392,0.8836952352372534
SPTSSA,0.13070878110585163,0.567735155018392,0.8836952352372534
RAP2A,0.13070878110585163,0.567735155018392,0.8836952352372534
N4BP2L1,0.13070878110585163,0.567735155018392,0.8836952352372534
RAMP1,0.13101367656152985,0.5574356279558592,0.8826833658314744
RBM19,0.1311359835802112,0.544088281660536,0.8822781219937621
HOOK1,0.13119617837092593,0.5658434051497635,0.8820788153916962
ABCA3,0.13128599295342708,0.5676300578034682,0.8817816067934877
APOBEC3A,0.1313995237133285,0.782764056752496,0.8814062089699072
APOBEC3A_1,0.1313995237133285,0.782764056752496,0.8814062089699072
TGFBR1,0.13162179307233807,1.0,0.8806721971394431
KRT20_1,0.13162179307233807,1.0,0.8806721971394431
GPR88,0.13162179307233807,1.0,0.8806721971394431
ATP8B4,0.13162179307233807,1.0,0.8806721971394431
ADH1A,0.13162179307233807,1.0,0.8806721971394431
SLC3A1,0.13162179307233807,1.0,0.8806721971394431
BARX1,0.13162179307233807,1.0,0.8806721971394431
CTH,0.13162179307233807,1.0,0.8806721971394431
KRT20,0.13162179307233807,1.0,0.8806721971394431
CCN4,0.13162179307233807,1.0,0.8806721971394431
SLCO4C1,0.13162179307233807,1.0,0.8806721971394431
KL,0.13162179307233807,1.0,0.8806721971394431
ADGRE1,0.13162179307233807,1.0,0.8806721971394431
TCF15,0.13162179307233807,1.0,0.8806721971394431
EPN2,0.13179158296191718,0.5536521282186022,0.8801123256291227
VPS13A,0.13190280177036412,0.5675249605885444,0.8797459794309997
SULT1A1,0.13190827893823712,0.5675249605885444,0.8797279460430341
PCDH11Y,0.13195022446992888,0.9457698370993168,0.8795898666340145
LILRB4_1,0.13228577099839292,0.5741460851287441,0.8784868671444318
LILRB4,0.13228577099839292,0.5741460851287441,0.8784868671444318
LILRB4_4,0.13228577099839292,0.5741460851287441,0.8784868671444318
LILRB4_3,0.13228577099839292,0.5741460851287441,0.8784868671444318
LILRB4_2,0.13228577099839292,0.5741460851287441,0.8784868671444318
SCARA3,0.13233076569009797,0.5992643194955334,0.8783391745870784
DOCK6,0.13237081626580954,0.5526011560693641,0.8782077530516815
KCNE4,0.1324563352995655,0.5660535995796111,0.8779272648500045
DPM2,0.13246662620339922,0.5661586967945349,0.877893524605477
PUS7L,0.13251121779108926,0.5674198633736206,0.8777473547947188
ANAPC15,0.13251121779108926,0.5674198633736206,0.8777473547947188
SLC39A1,0.13251121779108926,0.5674198633736206,0.8777473547947188
CAMKK2,0.13251121779108926,0.5674198633736206,0.8777473547947188
SPAG1,0.13279393462521577,0.5299001576458224,0.8768217609541178
TLE2,0.1330805456922258,0.5661586967945349,0.8758854269898954
RPA2,0.1331162888779323,0.5673147661586968,0.8757687984925179
MIA3,0.1331162888779323,0.5673147661586968,0.8757687984925179
KRTAP5-9,0.13327010016252785,0.8429847609038361,0.8752672758748021
LIPF,0.13336627475098833,0.5972674724119811,0.874953979574606
SARAF,0.13372349639513417,0.567209668943773,0.8737922766706901
PSMD1,0.13372349639513417,0.567209668943773,0.8737922766706901
FMO4,0.13372349639513417,0.567209668943773,0.8737922766706901
EDEM1,0.13372349639513417,0.567209668943773,0.8737922766706901
HSF2,0.13372349639513417,0.567209668943773,0.8737922766706901
INTS5,0.13372349639513417,0.567209668943773,0.8737922766706901
SRGAP3,0.13374789676431686,0.5029952706253285,0.8737130386961415
KCNG1,0.13378209921996873,0.6812401471361009,0.8736019936689592
GLE1,0.1341352012036817,0.9458749343142406,0.8724572349570521
CLPB,0.13433087299201985,0.5667892800840778,0.8718241628399017
MYH9,0.1343328445303063,0.5671045717288492,0.8718177888627485
HSD17B10,0.1343328445303063,0.5671045717288492,0.8718177888627485
ITPK1,0.1343328445303063,0.5671045717288492,0.8718177888627485
ITPK1_1,0.1343328445303063,0.5671045717288492,0.8718177888627485
SKIC2_3,0.1349443374622034,0.5669994745139254,0.8698453346014594
SKIC2,0.1349443374622034,0.5669994745139254,0.8698453346014594
PRNP,0.1349443374622034,0.5669994745139254,0.8698453346014594
PAF1,0.1349443374622034,0.5669994745139254,0.8698453346014594
DIMT1,0.1349443374622034,0.5669994745139254,0.8698453346014594
SKIC2_5,0.1349443374622034,0.5669994745139254,0.8698453346014594
SKIC2_1,0.1349443374622034,0.5669994745139254,0.8698453346014594
SKIC2_2,0.1349443374622034,0.5669994745139254,0.8698453346014594
SKIC2_4,0.1349443374622034,0.5669994745139254,0.8698453346014594
PRR16,0.13501098284269494,0.9645822385706779,0.8696309011793127
STIMATE,0.13512045311522466,0.5131897004729375,0.8692789070641067
OAS2,0.13546207842361793,0.5706778770362586,0.8681822652054916
IL21R,0.13549581787002987,0.9177088807146611,0.868074109247128
GOLGA8A_1,0.1355579793606232,0.5668943772990016,0.867874913418841
FAM53B,0.1355579793606232,0.5668943772990016,0.867874913418841
SIVA1,0.1355579793606232,0.5668943772990016,0.867874913418841
GOLGA8A,0.1355579793606232,0.5668943772990016,0.867874913418841
GTPBP1,0.1355579793606232,0.5668943772990016,0.867874913418841
MMP13,0.1358728662280286,0.553757225433526,0.8668672630908869
CAP2,0.13616822193238823,0.5664739884393064,0.8659242334634919
SEMA6A,0.1361737743863059,0.5667892800840777,0.8659065248461623
BCL3,0.1361737743863059,0.5667892800840777,0.8659065248461623
DAXX_1,0.1361737743863059,0.5667892800840777,0.8659065248461623
ANKMY2,0.1361737743863059,0.5667892800840778,0.8659065248461623
DAXX_3,0.1361737743863059,0.5667892800840777,0.8659065248461623
DAXX,0.1361737743863059,0.5667892800840777,0.8659065248461623
DAXX_2,0.1361737743863059,0.5667892800840777,0.8659065248461623
DAXX_4,0.1361737743863059,0.5667892800840777,0.8659065248461623
DAXX_5,0.1361737743863059,0.5667892800840777,0.8659065248461623
CSF2,0.13634805494071037,0.9459800315291644,0.8653510530618572
SMC2,0.1364286035278486,0.5616395165528113,0.8650945662485616
SPAG4,0.1364782158940728,0.7970572779821334,0.8649366634363979
PNMA2,0.13656194788716206,0.902154492905938,0.8646702971758905
COL4A2,0.13679172669083375,0.566684182869154,0.8639401684139406
EAPP,0.13679172669083375,0.566684182869154,0.8639401684139406
RAP2C,0.13679172669083375,0.566684182869154,0.8639401684139406
SNX17,0.13679172669083375,0.566684182869154,0.8639401684139406
MGAT3,0.13701568654542903,0.7820283762480295,0.8632297088280576
CXCL2,0.13704802173058656,0.5749868628481345,0.8631272290605705
P2RX5,0.1370733907320367,0.7185496584340515,0.8630468441152744
YAP1,0.13740347976258713,0.5674198633736206,0.8620022685679272
TOP2A,0.1374098497974291,0.5665790856542302,0.8619821351123461
ATXN1,0.13741144229334906,0.5665790856542302,0.861977101934711
SNRNP70,0.13741184041652968,0.5665790856542302,0.8619758436519429
RPL13A,0.13741184041652968,0.5665790856542301,0.8619758436519429
DDX47,0.13741184041652968,0.5665790856542302,0.8619758436519429
MRPL49,0.13741184041652968,0.5665790856542302,0.8619758436519429
LGALS4_1,0.13773894478829996,0.8084077771939043,0.8609432484479396
LGALS4,0.13773894478829996,0.8084077771939043,0.8609432484479396
SND1-IT1,0.13775259985221092,0.5744613767735155,0.8609001958096515
NDUFAF5,0.13787761216185898,0.8256437204414083,0.8605062465427972
CSRP2,0.13803401997607134,0.5664739884393064,0.8600138638375902
UBAP2,0.13803411969635673,0.5664739884393064,0.860013550089182
PMS1,0.13803411969635673,0.5664739884393064,0.860013550089182
GNG5,0.1383459728931552,0.5664739884393064,0.8590334781980241
CYB5R2,0.1383987353703144,0.5729900157645822,0.8588678782622333
ZNF384,0.13865856865381673,0.5663688912243826,0.8580532872539176
RAB3GAP2,0.13865856865381673,0.5663688912243826,0.8580532872539176
TRIP10,0.13865856865381673,0.5663688912243825,0.8580532872539176
EIF2D,0.13865856865381673,0.5663688912243826,0.8580532872539176
COL1A2,0.13865856865381673,0.5663688912243826,0.8580532872539176
ITGAV,0.13865856865381673,0.5663688912243826,0.8580532872539176
ATF2,0.13865856865381673,0.5663688912243826,0.8580532872539176
ZFP64,0.13865856865381673,0.5663688912243826,0.8580532872539176
MTERF3,0.13865856865381673,0.5663688912243826,0.8580532872539176
ID1,0.13884493123891234,0.5989490278507619,0.8574699702540306
TAT,0.13921711999960398,0.56878612716763,0.8563073547816459
CXCL12,0.13928519140284948,0.5662637940094588,0.8560950546736521
NBR1,0.13928519140284948,0.5662637940094587,0.8560950546736521
DENR,0.13928519140284948,0.5662637940094587,0.8560950546736521
CBFA2T2,0.13940337713467807,0.6001050972149238,0.8557267050530045
OSGEPL1,0.1395431346905655,0.5924330005254861,0.8552915252760095
PSMC3,0.13990556793509376,0.5667892800840777,0.8541650011953191
MAN2B2,0.13991399204773072,0.5661586967945349,0.8541388518751323
GATAD1,0.13991399204773072,0.5661586967945349,0.8541388518751323
EIF2AK3,0.13991399204773072,0.5661586967945349,0.8541388518751323
TRIM23,0.1400663041172853,0.8776668418286915,0.8536663307815673
RRAS2,0.14046662866909548,0.5950604308985812,0.8524268409283906
FOCAD,0.14054457278714672,0.5659485023646873,0.8521859202742734
PPIC,0.14054497468297086,0.5660535995796111,0.8521846783843469
RBM39,0.14054497468297086,0.5660535995796111,0.8521846783843469
SEPTIN10,0.14054497468297086,0.5660535995796112,0.8521846783843469
LAMB1,0.14054497468297086,0.5660535995796111,0.8521846783843469
ARHGDIB,0.14054497468297086,0.5660535995796112,0.8521846783843469
ADAM11,0.14054497468297086,0.5660535995796111,0.8521846783843469
PVALB,0.1406005933745924,0.6568575932737782,0.8520128464657866
PVALB_1,0.1406005933745924,0.6568575932737782,0.8520128464657866
LRIG2,0.14104424520044742,0.5703625853914871,0.8506446289604153
MMD,0.14117814339321352,0.5659485023646873,0.8502325337265247
RIN1,0.14117814339321352,0.5659485023646873,0.8502325337265247
LGALS8,0.14117814339321352,0.5659485023646873,0.8502325337265247
ADORA3,0.14117814339321352,0.5659485023646873,0.8502325337265247
HSPA8,0.14117814339321352,0.5659485023646873,0.8502325337265247
HEBP2,0.14117814339321352,0.5659485023646873,0.8502325337265247
TMX2,0.14181350225313347,0.5658434051497635,0.8482824174261341
ABCF2,0.14208556646055556,0.5466106148187073,0.8474500369557632
DEF8,0.142447519111846,0.5657383079348397,0.8463451100989012
SF3A2,0.1424506511897673,0.5657383079348397,0.8463355611140361
TAP1_6,0.14245105532733457,0.5657383079348397,0.8463343290068821
TAP1_7,0.14245105532733457,0.5657383079348397,0.8463343290068821
AHCY,0.14245105532733457,0.5657383079348397,0.8463343290068821
TAP1_3,0.14245105532733457,0.5657383079348397,0.8463343290068821
TAP1_2,0.14245105532733457,0.5657383079348397,0.8463343290068821
TAP1_1,0.14245105532733457,0.5657383079348397,0.8463343290068821
TAP1,0.14245105532733457,0.5657383079348397,0.8463343290068821
TAP1_4,0.14245105532733457,0.5657383079348397,0.8463343290068821
TAP1_5,0.14245105532733457,0.5657383079348397,0.8463343290068821
TFRC,0.14245105532733457,0.5657383079348397,0.8463343290068821
SORBS3,0.14245105532733457,0.5657383079348397,0.8463343290068821
OSBPL3,0.1425441891003503,0.7019442984760904,0.8460504822695751
CILK1,0.14276711649178725,0.5654230162900683,0.8453718119626453
ADGRL1,0.1430786600858185,0.5656332107199159,0.8444251356188189
ADGRL1_1,0.1430786600858185,0.5656332107199159,0.8444251356188189
ZSCAN12,0.14315582179813982,0.9462953231739359,0.8441909855858352
TREML2,0.14316719619038876,0.8076720966894377,0.844156480251084
FUT4,0.143304145739139,0.8115606936416185,0.8437412454324691
NELL1,0.14331996348738485,0.8940620073568051,0.8436933111480517
FHOD1,0.14373276032603016,0.5655281135049921,0.8424442339028023
EVX1,0.14373276032603016,0.5655281135049921,0.8424442339028023
WAPL,0.14373276032603016,0.5655281135049921,0.8424442339028023
RNASET2,0.14373276032603016,0.5655281135049921,0.8424442339028023
IL6R,0.1437629036881991,0.6126116657908565,0.8423531640360699
SPX,0.1438589478534697,0.5063583815028903,0.8420631203393006
CRYAB,0.14405446278406395,0.5655281135049921,0.8414732828020298
SRD5A1,0.1442425379901454,0.575302154492906,0.840906644678485
GEMIN8,0.14431293845061136,0.5027850761954809,0.8406947302661328
SNN,0.1443392454839331,0.5910667367314766,0.840615569254546
NUDT9,0.14437692032845945,0.5654230162900683,0.8405022262615675
UBR7,0.14437692032845945,0.5654230162900683,0.8405022262615675
CSTF2,0.14437692032845945,0.5654230162900683,0.8405022262615675
NFYB,0.14437692032845945,0.5654230162900683,0.8405022262615675
BCL9,0.14437692032845945,0.5654230162900683,0.8405022262615675
GMNN,0.14437692032845945,0.5654230162900683,0.8405022262615675
UBR7_1,0.14437692032845945,0.5654230162900683,0.8405022262615675
CEACAM1,0.1445236441982455,0.649500788229112,0.8400610961267437
NDUFA4L2,0.14456195343467157,0.9658434051497635,0.8399459918792863
NUP62CL,0.1447047941402,0.7251707829742512,0.8395170802552268
FMO2,0.14470866367287516,0.5922228060956385,0.8395054669964572
BAHCC1,0.14484266292769887,0.6232264844981608,0.8391034992915476
BAHCC1_1,0.14484266292769887,0.6232264844981608,0.8391034992915476
GBE1,0.14502329070083508,0.5653179190751445,0.8385622445886534
ATG4B,0.14502329070083508,0.5653179190751445,0.8385622445886534
CERS2,0.14502329070083508,0.5653179190751445,0.8385622445886534
MAP3K14,0.14503168029827102,0.8643194955333684,0.8385371213793508
MAP3K14_1,0.14503168029827102,0.8643194955333684,0.8385371213793508
LMAN1L,0.14509602217790155,0.6455070940620073,0.8383444936261343
ANGPT1,0.14510610917273778,0.8750394114555964,0.8383143027644908
ASPM,0.1455380505155597,0.558591697320021,0.8370234467569155
NHLRC2,0.14567146762009872,0.5651077246452969,0.8366255042946102
THOC7,0.14567187545587348,0.5652128218602207,0.8366242884039389
EMC2,0.14567187545587348,0.5652128218602207,0.8366242884039389
ZNF106,0.14567187545587348,0.5652128218602207,0.8366242884039389
MACROD1,0.14576504786909691,0.5550183920126117,0.8363466004168061
MAGT1,0.14599689742725372,0.5652128218602207,0.8356563732877574
FHIP2B,0.14629346494567444,0.563426169206516,0.8347750737477078
PIK3CB,0.14632165717106121,0.5648975302154493,0.8346913888863966
RALGDS,0.14632267859560616,0.5651077246452969,0.8346883572265329
CHN1,0.14632267859560616,0.5651077246452969,0.8346883572265329
ST8SIA1,0.1469216045627748,0.9186547556489753,0.8329143372764191
BORA,0.14697529480996982,0.5648975302154493,0.832755660009677
VTI1B,0.14697570411127667,0.5650026274303731,0.8327544505747736
PTTG1,0.14697570411127667,0.5650026274303731,0.8327544505747736
ADCY3,0.14697570411127667,0.5650026274303731,0.8327544505747736
SDHD,0.14697570411127667,0.5650026274303731,0.8327544505747736
SEC63,0.14697570411127667,0.5650026274303731,0.8327544505747736
BAMBI,0.147273759413588,0.5667892800840777,0.8318746269325041
CNTN2,0.14753983654280664,0.9829742511823437,0.8310907020257782
LYRM9,0.14763054595218716,0.5647924330005255,0.8308237741798485
ZW10,0.14763054595218716,0.5648975302154493,0.8308237741798485
SLC22A1,0.14763085347551036,0.5648975302154493,0.830822869519215
ESRRA,0.14763085347551036,0.5648975302154493,0.830822869519215
SLC35E1,0.1476309559832379,0.5648975302154493,0.8308225679662272
MCAM,0.1476309559832379,0.5648975302154493,0.8308225679662272
PTRH2,0.1476309559832379,0.5648975302154493,0.8308225679662272
ZNF26,0.1476309559832379,0.5648975302154493,0.8308225679662272
CMKLR2_1,0.1479442830928447,0.5087756174461376,0.8299018123161326
CMKLR2,0.1479442830928447,0.5087756174461376,0.8299018123161326
SMAD7,0.1482658458872259,0.5638465580662112,0.8289588803338491
MCMBP,0.14828802742209415,0.5646873357856017,0.8288939119144257
KDM4A,0.1482884381808486,0.5647924330005255,0.8288927089176871
BHMT,0.1482884381808486,0.5647924330005255,0.8288927089176871
ITPRID2,0.1482884381808486,0.5647924330005255,0.8288927089176871
CITED2,0.1482884381808486,0.5647924330005255,0.8288927089176871
TFPI2,0.14837110828492045,0.6908039936941671,0.8286506592592562
ZNF268,0.14894239384601804,0.5643720441408303,0.8269816703277411
SLCO2A1,0.14894815466237085,0.5646873357856017,0.8269648729451713
NPC2,0.14894815466237085,0.5646873357856017,0.8269648729451713
PRPF19,0.14894815466237085,0.5646873357856017,0.8269648729451713
HECTD3,0.14894815466237085,0.5646873357856017,0.8269648729451713
RGS10,0.14894815466237085,0.5646873357856017,0.8269648729451713
CLDN9,0.14917932354751207,0.9828691539674199,0.8262913664845909
PROP1_1,0.14948700693409503,0.6881765633210719,0.8253965535739913
PROP1,0.14948700693409503,0.6881765633210719,0.8253965535739913
PROP1_2,0.14948700693409503,0.6881765633210719,0.8253965535739913
TOGARAM1,0.14961010937486624,0.5645822385706779,0.8250390595639229
AQP3,0.14961010937486624,0.5645822385706779,0.8250390595639229
MAP1LC3B,0.14961010937486624,0.5645822385706778,0.8250390595639229
ADM2,0.14961010937486624,0.5645822385706778,0.8250390595639229
TSPAN7,0.15006531426724246,0.5698370993168681,0.8237196779306866
ABHD6,0.1501088074571447,0.6997372569626905,0.8235938252929003
KIF4A,0.15024170722079647,0.5487125591171834,0.8232094900915509
CYP2A6,0.15027430625409288,0.5644771413557541,0.8231152682884074
HOXB5,0.15027430625409288,0.5644771413557541,0.8231152682884074
ARFIP2,0.15027430625409288,0.5644771413557541,0.8231152682884074
PSMD14,0.15027430625409288,0.5644771413557541,0.8231152682884074
SERTAD3,0.15027430625409288,0.5644771413557541,0.8231152682884074
RAI2,0.150822843435756,0.5668943772990016,0.8215328757953932
KLHDC2,0.15094074922440173,0.5643720441408303,0.8211934986323124
TMPRSS11D,0.15094074922440173,0.5643720441408302,0.8211934986323124
SYNPO2,0.15107476357632127,0.7235943247503941,0.8208080767259028
POLI,0.1512577360734041,0.5632159747766684,0.8202824041262521
POLR1HASP_5,0.15136719999994774,0.6276405675249606,0.8199682226053534
POLR1HASP_1,0.15136719999994774,0.6276405675249606,0.8199682226053534
POLR1HASP_3,0.15136719999994774,0.6276405675249606,0.8199682226053534
POLR1HASP_2,0.15136719999994774,0.6276405675249606,0.8199682226053534
POLR1HASP,0.15136719999994774,0.6276405675249606,0.8199682226053534
POLR1HASP_4,0.15136719999994774,0.6276405675249606,0.8199682226053534
POLR1HASP_6,0.15136719999994774,0.6276405675249606,0.8199682226053534
POLR1HASP_7,0.15136719999994774,0.6276405675249606,0.8199682226053534
STAT5B,0.15159701104616002,0.5652128218602207,0.8193093613619871
MOGAT2,0.15160933860716874,0.5642669469259065,0.8192740468527066
ENG,0.15160944219863326,0.5642669469259065,0.8192737501085452
TCEAL1,0.15160944219863326,0.5642669469259065,0.8192737501085452
ADAP2,0.15160944219863326,0.5642669469259065,0.8192737501085452
CEP250,0.15192752596946135,0.5637414608512874,0.81836353427649
EMSY,0.15204606484629885,0.7485023646873358,0.8180248154912627
SCGB1D2,0.15222444006741304,0.5352601156069364,0.8175156147513836
COL6A3,0.15228038907801358,0.5641618497109827,0.8173560222292329
VPS39,0.15228038907801358,0.5641618497109826,0.8173560222292329
ARHGDIA,0.15228038907801358,0.5641618497109826,0.8173560222292329
TUBG1,0.15228038907801358,0.5641618497109827,0.8173560222292329
ZNF23,0.15291072266951872,0.5579611140304782,0.8155620591728762
STK3,0.1529499555412276,0.5636363636363636,0.8154506449179578
PWP1,0.15295359375205092,0.5640567524960588,0.8154403145057197
MYO19,0.15295359375205092,0.5640567524960588,0.8154403145057197
TMEM11,0.15295359375205092,0.5640567524960588,0.8154403145057197
MYO19_1,0.15295359375205092,0.5640567524960588,0.8154403145057197
SUGP2,0.15362906009843152,0.563951655281135,0.8135266264485672
MKKS,0.15362906009843152,0.563951655281135,0.8135266264485672
DCX,0.15418123771135686,0.9825538623226484,0.8119684722914928
LZTFL1,0.15430637476977097,0.5638465580662112,0.8116161318101708
RIC8A,0.15430679198291605,0.5638465580662112,0.8116149575675512
CD248,0.15430679198291605,0.5638465580662112,0.8116149575675512
MAGED2,0.15430679198291605,0.5638465580662112,0.8116149575675512
EMP1,0.15430679198291605,0.5638465580662113,0.8116149575675512
ATP10B,0.15446825561913746,0.5747766684182869,0.8111607578310436
STK17A,0.15464437876217374,0.5695218076720967,0.8106658617386446
THBS1,0.15498668877942381,0.5637414608512874,0.8097056001386775
ZNF589,0.15498679325923526,0.5637414608512874,0.8097053073716622
FAR2,0.15531660466739888,0.5504992117708881,0.8087821120117124
FDPS,0.15566906776898606,0.5636363636363636,0.8077976753691033
DNMT3B,0.15566906776898606,0.5636363636363636,0.8077976753691033
MAZ,0.15566906776898606,0.5636363636363637,0.8077976753691033
ZKSCAN5,0.15587325054419954,0.9287440882816606,0.8072284078246387
DCAF15,0.15587656017483828,0.9824487651077246,0.8072191866204924
DCAF15_1,0.15587656017483828,0.9824487651077246,0.8072191866204924
SULT1B1,0.15599588739372672,0.9492380451918024,0.806886851041399
TLR1,0.1560313302610527,0.7272727272727273,0.806788188867731
APC,0.15632537527086754,0.5232790331056227,0.8059705200893449
EYA2,0.15633452864259886,0.5346295323173936,0.8059450914444493
VASP,0.1563532000163841,0.5635312664214398,0.8058932258042536
PFDN5_1,0.1563536193415275,0.5635312664214398,0.8058920610672883
KLHL21,0.1563536193415275,0.5635312664214398,0.8058920610672883
PFKL,0.1563536193415275,0.5635312664214398,0.8058920610672883
PFDN5,0.1563536193415275,0.5635312664214398,0.8058920610672883
MET,0.15640892013664512,0.6941671045717288,0.8057384823781345
MEGF6,0.1565312103969178,0.5004729374671572,0.8053990565087848
HSF1,0.1569025871036789,0.5661586967945349,0.8043698954469142
HSF1_1,0.1569025871036789,0.5661586967945349,0.8043698954469142
CTRC,0.1569207276193526,0.5675249605885444,0.8043196867753775
BAHD1,0.15704045179387616,0.563426169206516,0.8039884639728418
KLC1,0.15704045179387616,0.563426169206516,0.8039884639728418
NRBP1,0.15704045179387616,0.563426169206516,0.8039884639728418
IER2,0.15704045179387616,0.563426169206516,0.8039884639728418
NYNRIN,0.15711874926245317,0.5518654755648975,0.8037719867272942
MRC1,0.1574560096035812,0.570467682606411,0.802840759048609
SERPINB2,0.15771205534205346,0.9668943772990016,0.8021351083931927
KIT,0.15772914820886896,0.563426169206516,0.8020880420133947
DHX16_5,0.15772956893060197,0.5633210719915922,0.8020868835915972
DHX16_3,0.15772956893060197,0.5633210719915922,0.8020868835915972
ZPR1,0.15772956893060197,0.5633210719915922,0.8020868835915972
GID8,0.15772956893060197,0.5633210719915922,0.8020868835915972
KPNA6,0.15772956893060197,0.5633210719915922,0.8020868835915972
DCP1A,0.15772956893060197,0.5633210719915922,0.8020868835915972
DHX16,0.15772956893060197,0.5633210719915922,0.8020868835915972
DHX16_7,0.15772956893060197,0.5633210719915922,0.8020868835915972
TM9SF4,0.15772956893060197,0.5633210719915922,0.8020868835915972
DHX16_1,0.15772956893060197,0.5633210719915922,0.8020868835915972
DHX16_6,0.15772956893060197,0.5633210719915922,0.8020868835915972
DHX16_4,0.15772956893060197,0.5633210719915922,0.8020868835915972
DHX16_2,0.15772956893060197,0.5633210719915922,0.8020868835915972
LRRC17,0.15779005334728768,0.5599579611140305,0.8019203769981887
ERCC2,0.15803656108692443,0.5620599054125066,0.8012424292387679
MAFF,0.15807393276671944,0.563426169206516,0.8011397416361377
SERPINB9,0.1582643334034195,0.8586442459274829,0.8006169471171172
RAP1GAP2,0.1584150746728139,0.5625853914871256,0.8002034936069238
CAPRIN1,0.15842097454372406,0.5632159747766684,0.8001873194285949
HNRNPAB,0.15842097454372406,0.5632159747766684,0.8001873194285949
NDUFS4,0.15842097454372406,0.5632159747766684,0.8001873194285949
GIGYF2,0.15842097454372406,0.5632159747766684,0.8001873194285949
STAMBP,0.15842097454372406,0.5632159747766684,0.8001873194285949
PLEKHB2,0.15842097454372406,0.5632159747766684,0.8001873194285949
TUBA1B,0.15842097454372406,0.5632159747766684,0.8001873194285949
SNAI1,0.15860211707466398,0.888702049395691,0.799691019870194
BICDL1,0.15890102970621112,0.5689963215974776,0.798873288479993
ETV6,0.15891018945162516,0.680084077771939,0.7988482545815635
TTLL4,0.15910909957712405,0.6987913820283762,0.7983049819931142
HNF1B,0.15911467241260613,0.5631108775617446,0.7982897709880812
ASTE1,0.15911467241260613,0.5631108775617446,0.7982897709880812
ITGB5,0.15911467241260613,0.5631108775617446,0.7982897709880812
HNF1B_1,0.15911467241260613,0.5631108775617446,0.7982897709880812
CDK1,0.15980960930523025,0.5630057803468208,0.7963971102362627
DEPP1,0.1598102435047316,0.5631108775617446,0.7963953867554373
RBFOX2_1,0.15981066630385143,0.5630057803468208,0.7963942377735086
LSM2_2,0.15981066630385143,0.5630057803468208,0.7963942377735086
MR1,0.15981066630385143,0.5630057803468208,0.7963942377735086
LSM2_3,0.15981066630385143,0.5630057803468208,0.7963942377735086
LZTS3,0.15981066630385143,0.5630057803468208,0.7963942377735086
LSM2,0.15981066630385143,0.5630057803468208,0.7963942377735086
LSM2_1,0.15981066630385143,0.5630057803468208,0.7963942377735086
RBFOX2,0.15981066630385143,0.5630057803468208,0.7963942377735086
LSM2_4,0.15981066630385143,0.5630057803468208,0.7963942377735086
ATP5MJ,0.15981066630385143,0.5630057803468208,0.7963942377735086
LSM2_5,0.15981066630385143,0.5630057803468208,0.7963942377735086
CDH2,0.16015941964563052,0.562900683131897,0.7954475135732785
BARD1,0.16048566753887317,0.5619548081975828,0.7945637469769701
RBM38,0.16050330832591486,0.581187598528639,0.7945160114031503
UBE2D1,0.16050895997119896,0.562900683131897,0.7945007192875323
FEN1,0.16050895997119896,0.562900683131897,0.7945007192875323
SAP18,0.16050895997119896,0.562900683131897,0.7945007192875323
CNP,0.16050895997119896,0.562900683131897,0.7945007192875323
LGALS2,0.16072838329517292,0.5992643194955334,0.7939074236721833
TBC1D31,0.16081490472818583,0.5015239096163951,0.7936737022217263
SDF2L1,0.16085791081508305,0.5626904887020494,0.7935575761119869
IL6,0.16105160544926578,0.8313189700472937,0.7930349415410805
CDC42EP4,0.1612095571554184,0.5627955859169732,0.7926092150320094
CFAP298,0.1612095571554184,0.5627955859169732,0.7926092150320094
PTPRU,0.1612095571554184,0.5627955859169732,0.7926092150320094
SMARCC2,0.1612095571554184,0.5627955859169732,0.7926092150320094
ITGA2,0.1612095571554184,0.5627955859169732,0.7926092150320094
SETD2,0.1612095571554184,0.5627955859169732,0.7926092150320094
NOL10,0.16143567761029887,0.8759852863899107,0.792000479050216
MARCKS,0.16156061460333926,0.5627955859169732,0.7916645033707601
C12orf4,0.16164425480654554,0.5478717813977929,0.7914397265621993
DUSP8_3,0.16174982077969868,0.7859169732002103,0.7911561918613086
DUSP8_1,0.16174982077969868,0.7859169732002103,0.7911561918613086
DUSP8,0.16174982077969868,0.7859169732002103,0.7911561918613086
DUSP8_2,0.16174982077969868,0.7859169732002103,0.7911561918613086
IRX4,0.16185520440227175,0.8904887020493957,0.7908733314368845
PEAK1,0.16191246158420547,0.5626904887020494,0.7907197245079985
IGFBP5,0.16191246158420547,0.5626904887020494,0.7907197245079985
IFI44,0.16191246158420547,0.5626904887020494,0.7907197245079985
VKORC1,0.16191246158420547,0.5626904887020494,0.7907197245079985
RCOR1,0.16191246158420547,0.5626904887020494,0.7907197245079985
SGPL1,0.16191246158420547,0.5626904887020494,0.7907197245079985
MARCHF3,0.16194773334481682,0.6389910667367315,0.7906251260899099
KIAA0513,0.1622610597000138,0.562375197057278,0.7897856920438208
OLFML2A,0.16261725143657868,0.5625853914871256,0.788833383672532
ELL3,0.16261725143657868,0.5625853914871256,0.788833383672532
ABCB6,0.16261767697207685,0.5625853914871256,0.7888322472157583
HSP90AB1,0.16261767697207685,0.5625853914871256,0.7888322472157583
OPTN,0.16261767697207685,0.5625853914871256,0.7888322472157583
TMPRSS3,0.16265786163724394,0.6121912769311613,0.7887249414004941
RABGGTA_1,0.16284900036004202,0.5674198633736206,0.7882149029845862
RABGGTA,0.16284900036004202,0.5674198633736206,0.7882149029845862
NDN_1,0.16332147763678595,0.5624802942722018,0.786956699489921
NDN,0.16332147763678595,0.5624802942722018,0.786956699489921
ACP5,0.1633251004669367,0.5624802942722018,0.7869470659884618
RSRC1,0.16356009431023943,0.5478717813977929,0.7863226476994774
PAX8,0.16386121868461323,1.0,0.7855238194873972
FCRL2,0.16386121868461323,1.0,0.7855238194873972
ABHD8,0.16386121868461323,1.0,0.7855238194873972
AMPD1,0.16386121868461323,1.0,0.7855238194873972
MAST1,0.16386121868461323,1.0,0.7855238194873972
HESX1,0.16386121868461323,1.0,0.7855238194873972
RASA2,0.16386121868461323,1.0,0.7855238194873972
RACK1,0.16403505541661734,0.562375197057278,0.7850633303236115
WWP2,0.16403505541661734,0.562375197057278,0.7850633303236115
RNF38,0.16403505541661734,0.562375197057278,0.7850633303236115
PPP2R3A,0.16403505541661734,0.562375197057278,0.7850633303236115
ZMAT4,0.16437692924120606,0.8280609563846558,0.7841591369561703
FZD4,0.16474722583548218,0.5622700998423542,0.7831818897202089
MYL7,0.16491222991955345,0.7274829217025749,0.7827471358071207
SLC5A5,0.16509519700135922,0.5630057803468208,0.7822655611778364
EGFR,0.16516908135063635,0.6290068313189701,0.7820712466980175
CHST5,0.16543816845736903,0.5636363636363637,0.7813642865724971
KCTD13,0.165448874759765,0.5617446137677351,0.7813361821897533
CAPN10,0.16545272895722296,0.5621650026274304,0.7813260652445985
GALNT6,0.16545797488746306,0.5621650026274304,0.7813122954962679
ACTL6A,0.16546172193761355,0.5621650026274304,0.7813024603415796
APBA3,0.16546172193761355,0.5621650026274304,0.7813024603415796
WDR83OS,0.16546172193761355,0.5621650026274303,0.7813024603415796
GTF2IRD1,0.16546172193761355,0.5621650026274304,0.7813024603415796
BBOF1,0.16546172193761355,0.5621650026274304,0.7813024603415796
CTNS,0.1657891995540418,0.5615344193378875,0.780443765262607
CCL13,0.1657939738591555,0.7564897530215449,0.7804312588718598
EBLN2,0.16581877184229588,0.5619548081975828,0.7803663058361284
LAMA4,0.1661784401449935,0.5620599054125066,0.7794253219082786
TOPBP1,0.16617854737006055,0.5620599054125066,0.7794250416839614
PTGES3,0.16617854737006055,0.5620599054125066,0.7794250416839614
SNRPF,0.16617854737006055,0.5620599054125066,0.7794250416839614
CASP8,0.16617854737006055,0.5620599054125066,0.7794250416839614
TMEM186,0.16617854737006055,0.5620599054125066,0.7794250416839614
SP110,0.16617854737006055,0.5620599054125066,0.7794250416839614
NSD3,0.1667688324987876,0.7550183920126117,0.7778851116034072
MVP,0.16689770576606455,0.5619548081975828,0.7775496332427819
MELK,0.16689770576606455,0.5619548081975828,0.7775496332427819
CD9,0.16689770576606455,0.5619548081975828,0.7775496332427819
PEX19,0.16689770576606455,0.5619548081975828,0.7775496332427819
PSMB1_1,0.16689770576606455,0.5619548081975827,0.7775496332427819
PSMB1,0.16689770576606455,0.5619548081975827,0.7775496332427819
GSS,0.16689770576606455,0.5619548081975828,0.7775496332427819
HHIPL2,0.1671002808592853,0.7017341040462428,0.7770228201512808
ARNT2,0.16713543019516064,0.5589069889647924,0.7769314764548138
PXMP2,0.16725805348263856,0.561849710982659,0.7766129617582601
NUFIP1,0.16751663048082988,0.532212296374146,0.7759420712090461
ATP2B4,0.16761920074495207,0.561849710982659,0.7756762345126621
COQ7,0.16761920074495207,0.561849710982659,0.7756762345126621
PHF20L1,0.16761920074495207,0.561849710982659,0.7756762345126621
MED22_1,0.16771934786685783,0.5502890173410404,0.7754168349065311
MED22,0.16771934786685783,0.5502890173410404,0.7754168349065311
FBLN1,0.16797974918156555,0.5619548081975827,0.7747430715408574
CCNA2,0.16798045531651773,0.5286389910667367,0.7747412459049094
GSTA1,0.16803827042242958,0.9166579085654231,0.7745917971998664
SMPDL3B,0.16830320910467622,0.9661586967945349,0.7739076030784509
VAV1,0.16834292818985885,0.5617446137677351,0.7738051228911556
PFN2,0.16834303591203204,0.5617446137677351,0.7738048449874091
NDUFB5,0.16834303591203204,0.5617446137677351,0.7738048449874091
TMED3,0.16834303591203204,0.5617446137677351,0.7738048449874091
CDK7,0.16834303591203204,0.5617446137677351,0.7738048449874091
CDK7_1,0.16834303591203204,0.5617446137677351,0.7738048449874091
LTN1,0.16834303591203204,0.5617446137677351,0.7738048449874091
RPL11,0.16834303591203204,0.5617446137677351,0.7738048449874091
LTN1_1,0.16834303591203204,0.5617446137677351,0.7738048449874091
KLHDC10,0.16834303591203204,0.5617446137677351,0.7738048449874091
PAPOLA,0.16834303591203204,0.5617446137677351,0.7738048449874091
ZNF131,0.1690692148584887,0.5616395165528114,0.7719354641600201
PFKM,0.1690692148584887,0.5616395165528113,0.7719354641600201
MTDH,0.1690692148584887,0.5616395165528113,0.7719354641600201
GPR45,0.1690692148584887,0.5616395165528113,0.7719354641600201
SEC14L1,0.1690692148584887,0.5616395165528114,0.7719354641600201
AQP8,0.16926143651433911,0.5558591697320021,0.7714419776072546
APBA2,0.16953149754628505,0.634892275354703,0.7707496016513152
APBA2_1,0.16953149754628505,0.634892275354703,0.7707496016513152
WWC2,0.16979730895983391,0.5614293221229637,0.7700691969728423
MTPAP,0.16979730895983391,0.5616395165528114,0.7700691969728423
PIP4K2A,0.16979763311096252,0.5615344193378875,0.7700683678848376
RPL22,0.16979774116127777,0.5615344193378875,0.7700680915226771
MAPK1IP1L,0.16979774116127777,0.5615344193378875,0.7700680915226771
ZCCHC24,0.16979774116127777,0.5615344193378875,0.7700680915226771
PUM1,0.16979774116127777,0.5615344193378875,0.7700680915226771
TUBG2,0.17035091208226805,0.6059905412506569,0.7686555368173504
ETV4,0.1705286183830198,0.5614293221229638,0.7682027265667492
RPL31,0.1705286183830198,0.5614293221229637,0.7682027265667492
MT4,0.1705286183830198,0.5614293221229637,0.7682027265667492
ECH1_1,0.1705286183830198,0.5614293221229637,0.7682027265667492
DONSON,0.1705286183830198,0.5614293221229637,0.7682027265667492
ECH1,0.1705286183830198,0.5614293221229637,0.7682027265667492
H6PD,0.1705286183830198,0.5614293221229638,0.7682027265667492
NR1H3,0.1705286183830198,0.5614293221229638,0.7682027265667492
FAT1,0.1705286183830198,0.5614293221229638,0.7682027265667492
ELOVL4,0.17082397732111698,0.9501839201261166,0.7674511706060078
SKAP1,0.17103714774307166,0.5520756699947451,0.7669095544749457
GGT5,0.1711644035254205,0.6507619548081975,0.7665865490040055
CYP4F8,0.17120412080557101,0.8985811875985287,0.7664857862617723
SUN2,0.17126185007189654,0.5613242249080399,0.7663393687827875
USP11,0.17126185007189654,0.5613242249080399,0.7663393687827875
CASC3,0.17126185007189654,0.5613242249080399,0.7663393687827875
PGLS,0.17199743976154458,0.5612191276931162,0.7644780176605266
PRKAB1,0.17199743976154458,0.5612191276931161,0.7644780176605266
ECHDC3,0.1723166954665858,0.562900683131897,0.7636726424722071
ZDHHC13,0.1723481975384792,0.5606936416184971,0.7635932541950279
ARFIP1,0.17273430398357037,0.5611140304781923,0.7626214056210486
HLA-F_5,0.17273539097095003,0.5611140304781923,0.7626186726888825
HLA-F_6,0.17273539097095003,0.5611140304781923,0.7626186726888825
HLA-F,0.17273539097095003,0.5611140304781923,0.7626186726888825
HLA-F_1,0.17273539097095003,0.5611140304781923,0.7626186726888825
HLA-F_4,0.17273539097095003,0.5611140304781923,0.7626186726888825
HLA-F_2,0.17273539097095003,0.5611140304781923,0.7626186726888825
CCDC28A,0.17273539097095003,0.5611140304781923,0.7626186726888825
PPIB,0.17273539097095003,0.5611140304781923,0.7626186726888825
HLA-F_3,0.17273539097095003,0.5611140304781923,0.7626186726888825
SHCBP1L,0.17284432455661447,0.6105097214923805,0.7623448761980051
ACACB,0.17347527176826727,0.5610089332632685,0.7607624234666392
CELF2,0.17347527176826727,0.5610089332632685,0.7607624234666392
VCAN,0.17347559834537196,0.5610089332632685,0.7607616058832481
SEC14L2,0.17396002532019095,0.786547556489753,0.7595505377943631
ZEB1,0.17399490816915908,0.5592222806095638,0.7594634608346043
RNF41,0.17402209677793656,0.513399894902785,0.7593956028700861
KRT7,0.17407336899810721,0.5642669469259065,0.7592676653090126
DYNLT3,0.17421839195109556,0.5609038360483447,0.758905999149007
SEM1,0.17421839195109556,0.5609038360483447,0.758905999149007
MTMR6,0.17421839195109556,0.5609038360483447,0.758905999149007
EIF3L,0.17421839195109556,0.5609038360483447,0.758905999149007
IGFBP3,0.17421839195109556,0.5609038360483447,0.758905999149007
WIZ,0.17421839195109556,0.5609038360483447,0.758905999149007
SNRNP27,0.17421839195109556,0.5609038360483447,0.758905999149007
C3orf36,0.17435910780955577,0.5796111403047819,0.7585553619208029
LAMB3,0.17442210129944458,0.6578034682080924,0.7583984857781809
H2AZ1,0.17496344868560987,0.5607987388334209,0.7570526695545006
DHRS7,0.17496344868560987,0.5607987388334209,0.7570526695545006
C1R_1,0.17496344868560987,0.5607987388334209,0.7570526695545006
GLA,0.17496344868560987,0.5607987388334209,0.7570526695545006
RGS19,0.17496344868560987,0.5607987388334209,0.7570526695545006
C1R,0.17496344868560987,0.5607987388334209,0.7570526695545006
NPY1R,0.17500770881891237,0.5458749343142407,0.7569428208921073
GPR183,0.17531883980795004,0.5612191276931162,0.7561714120009236
ZNF211,0.17542649832560275,0.5554387808723069,0.7559048054546266
KHDRBS2,0.17567108044868707,0.5600630583289543,0.755299727607147
PRIM1,0.17571088086721842,0.5606936416184971,0.755201344058061
RGS5,0.17571088086721842,0.5606936416184971,0.755201344058061
NDUFA7,0.17571088086721842,0.5606936416184971,0.755201344058061
ZNF286A,0.1757350617061918,0.8928008407777194,0.75514158178069
SLC9A6,0.17586281144271554,0.5706778770362586,0.7548259882443502
PALMD,0.17608439467776704,0.5607987388334209,0.7542791312879278
SMURF1,0.17621960545333426,0.5513399894902785,0.7539457754555559
FGL1,0.17641474017372738,0.6293221229637415,0.7534651306063209
NFATC3,0.17646025396570475,0.5606936416184971,0.7533531000621103
SCNN1A,0.17646025396570475,0.5605885444035733,0.7533531000621103
SF3A1,0.1764606919400774,0.5605885444035733,0.753352022144489
TRIM32,0.1764606919400774,0.5605885444035733,0.753352022144489
KYAT3,0.1764606919400774,0.5605885444035733,0.753352022144489
RALA,0.1764606919400774,0.5605885444035733,0.753352022144489
NUP155,0.1764606919400774,0.5605885444035733,0.753352022144489
SERPINB7,0.17693144013159534,0.8890173410404625,0.7521949875400762
CCL21,0.17720904754847866,0.5609038360483447,0.7515141086336715
PHKG2,0.17721288533306023,0.5604834471886495,0.75150470329776
GTF3C4,0.17721288533306023,0.5604834471886495,0.75150470329776
TXNRD1,0.17721288533306023,0.5604834471886495,0.75150470329776
CELA3A,0.17768042369689063,0.7123489227535471,0.7503604188393539
SPACA9,0.17772083473258793,0.7400945874934315,0.7502616555993782
NFKBIE,0.17796526832125492,0.5605885444035733,0.749664746276524
TNS4,0.17796735465304558,0.5603783499737257,0.7496596549624628
ECM2_1,0.1779674644596525,0.5603783499737257,0.7496593870010221
FAM193B,0.1779674644596525,0.5603783499737257,0.7496593870010221
ECM2,0.1779674644596525,0.5603783499737257,0.7496593870010221
ATP13A1,0.1779674644596525,0.5603783499737257,0.7496593870010221
VEGFA,0.1779674644596525,0.5603783499737257,0.7496593870010221
CSTF2T,0.17871123703318192,0.5598528638991067,0.7478481389992676
HMG20B,0.17872432275578254,0.5602732527588019,0.7478163399408692
RHOQ,0.17872443271784755,0.5602732527588019,0.7478160727365927
COL3A1,0.17872443271784755,0.5602732527588019,0.7478160727365927
UBE4A,0.17872443271784755,0.5602732527588019,0.7478160727365927
DSCC1,0.17872443271784755,0.5602732527588019,0.7478160727365927
BBIP1,0.17872443271784755,0.5602732527588019,0.7478160727365927
COL3A1_1,0.17872443271784755,0.5602732527588019,0.7478160727365927
ASCC3,0.17872443271784755,0.5602732527588019,0.7478160727365927
RPS6,0.17872443271784755,0.5602732527588019,0.7478160727365927
ZWINT,0.17872443271784755,0.5602732527588019,0.7478160727365927
GK,0.17903004264085132,0.5236994219653179,0.7470740848951998
MAPKAPK3,0.17948379349004062,0.5601681555438781,0.7459747599859583
TNK1_1,0.17948379349004062,0.5601681555438781,0.7459747599859583
CAPNS1,0.17948379349004062,0.5601681555438781,0.7459747599859583
TNK1,0.17948379349004062,0.5601681555438781,0.7459747599859583
ORAI2,0.1800202658197212,0.6854440357330531,0.744678601350852
MMRN1,0.18014661557863276,0.9829742511823437,0.7443738925718377
IFNW1,0.18014661557863276,0.9829742511823437,0.7443738925718377
CCDC25,0.18024543987211117,0.5600630583289543,0.7441357139229898
SEC24B,0.18024555014292287,0.5600630583289543,0.744135448229775
BTN3A1,0.18024555014292287,0.5600630583289543,0.744135448229775
TXNDC15,0.18024555014292287,0.5600630583289543,0.744135448229775
TRIM13,0.18024555014292287,0.5600630583289543,0.744135448229775
DOCK4,0.18062346578833355,0.5597477666841829,0.7432258287712971
NAT2,0.18067231222417102,0.694587493431424,0.7431083973537986
TOLLIP,0.18084785827519745,0.598423541776143,0.742686630086056
TOLLIP_1,0.18084785827519745,0.598423541776143,0.742686630086056
YBX2,0.18100860178495282,0.5597477666841829,0.7423007863519477
SLC35F2,0.18100860178495282,0.5601681555438781,0.7423007863519477
YBX2_1,0.18100860178495282,0.5597477666841829,0.7423007863519477
SEC23B,0.18100970602737732,0.5599579611140305,0.7422981369478635
MAGEF1,0.18100970602737732,0.5599579611140305,0.7422981369478635
KNOP1,0.18100970602737732,0.5599579611140305,0.7422981369478635
PPOX,0.18100970602737732,0.5599579611140305,0.7422981369478635
PNMT,0.1813245246302384,0.5983184445612191,0.7415434524336224
FAM8A1,0.18177626447837258,0.5598528638991067,0.7404628256192111
ATP5IF1,0.18177626447837258,0.5598528638991067,0.7404628256192111
RPRD1A,0.18177626447837258,0.5598528638991067,0.7404628256192111
CTR9,0.18177626447837258,0.5598528638991067,0.7404628256192111
ATP5IF1_1,0.18177626447837258,0.5598528638991067,0.7404628256192111
POLD1,0.18177626447837258,0.5598528638991067,0.7404628256192111
INPP5B,0.18196990127120016,0.5790856542301629,0.7400004405469781
MCM5,0.18212879766038492,0.5612191276931162,0.7396213794319523
ESS2,0.18225579518862733,0.5028901734104047,0.7393186535261558
IREB2,0.18250991604086753,0.6254335260115607,0.7387135346878345
PBLD,0.18254511808642448,0.5597477666841829,0.7386297771567487
NXF1,0.18254522881485813,0.5597477666841828,0.7386295137219681
P4HB,0.18254522881485813,0.5597477666841828,0.7386295137219681
HHLA1,0.18254522881485813,0.5597477666841829,0.7386295137219681
UBA2,0.18254522881485813,0.5597477666841829,0.7386295137219681
HNRNPK,0.18254522881485813,0.5597477666841828,0.7386295137219681
CNTFR,0.18267567395620288,0.5667892800840777,0.7383192817113889
ALOX5AP,0.1827111302755433,0.5697320021019443,0.7382349957781907
POGLUT2,0.18293840178572218,0.5430373095112979,0.7376951193838809
FICD,0.18295380621521906,0.8774566473988439,0.7376585509159823
SEMA3E,0.18298594500169463,0.933368365738308,0.7375822667866365
KIF20A,0.18330728834230914,0.5590120861797162,0.7368202670404022
TSPAN15,0.18331660233965885,0.5596426694692591,0.7367982007334477
NCALD,0.18333570742001493,0.6505517603783499,0.7367529413377663
VANGL1,0.18374849539775462,0.5307409353652128,0.7357762083968447
CYP39A1,0.1838621687141433,0.9196006305832896,0.7355076215442843
PGF,0.18399977647994636,0.5573305307409354,0.7351827045642942
LRPAP1,0.18409038833936975,0.5595375722543353,0.7349688861301246
MLH1,0.18409038833936975,0.5595375722543353,0.7349688861301246
NDUFB11,0.18409038833936975,0.5595375722543353,0.7349688861301246
DYNLRB1,0.18409038833936975,0.5595375722543353,0.7349688861301246
MAPK1,0.18447707599172125,0.5596426694692591,0.7340575936721234
MOK,0.18480432418213522,0.558066211245402,0.7332878710679204
TAOK2,0.18483338289844176,0.5584866001050972,0.7332195877736168
PMM1,0.1848661453666729,0.5595375722543352,0.733142614133589
HPSE2,0.18486647890490915,0.5594324750394115,0.7331418305737624
PSMB4,0.18486659008425121,0.5594324750394114,0.7331415693876321
WASHC5,0.18486659008425121,0.5594324750394114,0.7331415693876321
TMEM109,0.18486659008425121,0.5594324750394115,0.7331415693876321
TAB1,0.18486659008425121,0.5594324750394115,0.7331415693876321
ALDH1A1,0.18510155071049195,0.5912769311613242,0.7325899428776271
WIF1,0.18519865941532265,0.8451918024172359,0.7323621613400191
STX17,0.18528031117015564,0.5535470310036784,0.7321707285735125
TACC3,0.18564476551538966,0.5593273778244876,0.7313172917372079
C9orf78,0.18564521082812302,0.5593273778244876,0.7313162499807634
ACTN4,0.18564521082812302,0.5593273778244876,0.7313162499807634
ASAP2,0.18564521082812302,0.5593273778244876,0.7313162499807634
ACD,0.18564521082812302,0.5593273778244876,0.7313162499807634
ACTN4_1,0.18564521082812302,0.5593273778244876,0.7313162499807634
CHRM2,0.18601202434685604,0.9650026274303731,0.7304589808428446
FST,0.1860353179347396,0.5593273778244876,0.7304045991793028
MKNK2,0.18642625380826006,0.5592222806095638,0.7294929273834682
PRPF4B,0.18642625380826006,0.5592222806095638,0.7294929273834682
NDUFB6,0.18642625380826006,0.5592222806095638,0.7294929273834682
VCL,0.18642625380826006,0.5592222806095639,0.7294929273834682
SORBS1,0.1864614869507012,0.6664214398318444,0.7294108567884054
ANK2,0.1865836283914083,0.7486074619022596,0.729126465687036
GADD45GIP1,0.18720748977038293,0.5589069889647924,0.7276767800590297
GRPEL1,0.18720972224528654,0.55911718339464,0.7276716010688523
C1orf109,0.18720972224528654,0.55911718339464,0.7276716010688523
TUT7,0.18720972224528654,0.55911718339464,0.7276716010688523
NAP1L1,0.18720972224528654,0.55911718339464,0.7276716010688523
BLCAP,0.18720972224528654,0.55911718339464,0.7276716010688523
MTCL1,0.1874334599947638,0.630162900683132,0.7271528777280878
ARID4A,0.1879945016426091,0.5590120861797162,0.7258548525511825
SUPT4H1,0.18799561934307163,0.5590120861797162,0.7258522705091756
PRKCI,0.18799561934307163,0.5590120861797163,0.7258522705091756
PTPA,0.18799561934307163,0.5590120861797162,0.7258522705091756
GLUD1,0.18799561934307163,0.5590120861797163,0.7258522705091756
CDR2L,0.18799561934307163,0.5590120861797162,0.7258522705091756
STAT1,0.18799561934307163,0.5590120861797163,0.7258522705091756
SH3D21,0.18799561934307163,0.5590120861797163,0.7258522705091756
H4C3,0.18799561934307163,0.5590120861797163,0.7258522705091756
RNFT2,0.1880519080771611,0.6294272201786653,0.7257222556306911
PROSER1,0.1882858658919473,0.5449290593799264,0.7251822800657746
CEP41,0.1883855651158427,0.5594324750394115,0.7249523777146294
SFI1,0.18865971333115894,0.5162375197057278,0.7243208298081967
ARIH1,0.18878394828862433,0.5589069889647924,0.7240349351758502
C2CD3,0.18878394828862433,0.5589069889647924,0.7240349351758502
BAG1,0.18878394828862433,0.5589069889647924,0.7240349351758502
SEC62,0.18878394828862433,0.5589069889647924,0.7240349351758502
CYBC1,0.18878394828862433,0.5589069889647924,0.7240349351758502
OBSL1,0.18884049908827527,0.549973725696269,0.7239048604384235
ZNRD2,0.18887474830008866,0.5945349448239622,0.7238261014058258
PAK1,0.1890226877345288,0.9307409353652129,0.7234860658449094
HDC,0.1893526878530124,0.697845507094062,0.7227285257084763
PCGF3,0.18957471225198763,0.5588018917498686,0.7222195945394417
RAB2A,0.18957471225198763,0.5588018917498686,0.7222195945394417
CCDC91,0.18957471225198763,0.5588018917498686,0.7222195945394417
TRIM2,0.18987138217128807,0.576878612716763,0.721540488141744
PALM2AKAP2,0.18996988702309991,0.5589069889647924,0.7213152355533017
SBSPON,0.1900295334306723,0.874724119810825,0.7211788979459661
TPTE,0.19020255842381018,0.9824487651077246,0.7207836456432405
DRD2,0.19030061017620192,0.8446663163426169,0.7205598191973062
C1orf174,0.19036791438613487,0.5586967945349448,0.7204062480696648
WSB1,0.19036791438613487,0.5586967945349448,0.7204062480696648
HPX,0.19036791438613487,0.5586967945349448,0.7204062480696648
UGGT2,0.19036791438613487,0.5586967945349448,0.7204062480696648
MTRR,0.19036791438613487,0.5586967945349448,0.7204062480696648
COPZ2,0.19036791438613487,0.5586967945349448,0.7204062480696648
MED14,0.19036791438613487,0.5586967945349448,0.7204062480696648
CHST10,0.19036791438613487,0.5586967945349448,0.7204062480696648
ELN,0.19098891984037025,0.6133473462953232,0.7189918274735705
DHX30,0.1911635578268639,0.558591697320021,0.7185948952353837
ZNF432,0.1911635578268639,0.558591697320021,0.7185948952353837
ANAPC10,0.1911635578268639,0.558591697320021,0.7185948952353837
GCC2,0.1911635578268639,0.558591697320021,0.7185948952353837
GTF3C3,0.1911635578268639,0.558591697320021,0.7185948952353837
ATOX1,0.1911635578268639,0.558591697320021,0.7185948952353837
CAAP1,0.1911635578268639,0.558591697320021,0.7185948952353837
ELF5,0.19193403929007036,0.7462953231739359,0.7168479967867438
BATF,0.19195770850379734,0.5584866001050972,0.7167944431014421
GPATCH2,0.19195939587600885,0.5582764056752496,0.7167906255250329
BIN2,0.1919611957305386,0.5584866001050972,0.7167865535012468
MRPS27,0.19196164569269347,0.5584866001050972,0.7167855355046088
KCNS3,0.19276218108475618,0.5583815028901734,0.7149781683444999
GNG11,0.19276218108475618,0.5583815028901734,0.7149781683444999
ESM1,0.19320614370839784,0.5795060430898581,0.7139790676915772
CLEC16A,0.19322153823986055,0.516657908565423,0.7139444647871704
CA2,0.19345800353068043,0.5788754598003153,0.7134132984198159
CCDC59,0.19356516708669702,0.5582764056752496,0.7131727932213582
POMP,0.19356516708669702,0.5582764056752496,0.7131727932213582
TTI2,0.19356516708669702,0.5582764056752496,0.7131727932213582
PMPCB,0.19356516708669702,0.5582764056752496,0.7131727932213582
LOX,0.19360829877123886,0.5148712559117183,0.7130760311530812
HERC3,0.19422344549042925,0.5448239621650026,0.7116983458362308
PEX10,0.1943295038624786,0.557540725170783,0.7114612581138944
SMIM10L1_2,0.19437060676456586,0.5581713084603258,0.7113694096006308
SMIM10L1_1,0.19437060676456586,0.5581713084603258,0.7113694096006308
ASB13,0.19437060676456586,0.5581713084603258,0.7113694096006308
SMIM10L1,0.19437060676456586,0.5581713084603258,0.7113694096006308
PITPNM1,0.19437060676456586,0.5581713084603258,0.7113694096006308
CENPE,0.194393546133926,0.516657908565423,0.7113181577479651
PAPSS2,0.19517737263979262,0.558066211245402,0.7095705325058321
PPP2CA,0.19517850316671492,0.558066211245402,0.7095680169469053
TMEM176A,0.19517850316671492,0.558066211245402,0.7095680169469053
TBC1D15,0.19517850316671492,0.558066211245402,0.7095680169469053
TSPAN4,0.19517850316671492,0.558066211245402,0.7095680169469053
ARL6IP1,0.19517850316671492,0.558066211245402,0.7095680169469053
VCP,0.19517850316671492,0.558066211245402,0.7095680169469053
MRPL24,0.19517850316671492,0.558066211245402,0.7095680169469053
B4GALNT1,0.1954532434171946,0.5646873357856017,0.7089571183424903
APPL2,0.19560501892627113,0.588754598003153,0.7086200060718294
TMEM185B,0.19597527613369903,0.557540725170783,0.7077987149495685
DDR1_4,0.19598885932369303,0.5579611140304782,0.7077686147239112
DDR1_5,0.19598885932369303,0.5579611140304782,0.7077686147239112
DDR1_1,0.19598885932369303,0.5579611140304782,0.7077686147239112
LIG1,0.19598885932369303,0.5579611140304782,0.7077686147239112
DDR1,0.19598885932369303,0.5579611140304782,0.7077686147239112
DDR1_2,0.19598885932369303,0.5579611140304782,0.7077686147239112
TUBA1C,0.19598885932369303,0.5579611140304782,0.7077686147239112
RSU1,0.19598885932369303,0.5579611140304782,0.7077686147239112
SLBP,0.19598885932369303,0.5579611140304782,0.7077686147239112
DDR1_3,0.19598885932369303,0.5579611140304782,0.7077686147239112
DDR1_6,0.19598885932369303,0.5579611140304782,0.7077686147239112
DET1,0.19624565579606168,0.5211770888071466,0.7071999482626112
LENEP,0.1965783942347169,0.5430373095112979,0.7064642168206391
CCN3,0.19679420831579175,0.623646873357856,0.7059876870708611
CPSF1,0.1968015649195195,0.5578560168155544,0.7059714524838959
CPSF1_1,0.1968015649195195,0.5578560168155544,0.7059714524838959
FAM172A,0.196801678248142,0.5578560168155544,0.7059712023945166
MT1F,0.196801678248142,0.5578560168155544,0.7059712023945166
FRYL,0.196801678248142,0.5578560168155544,0.7059712023945166
MSR1,0.19733818554214777,0.6439306358381502,0.7047888693061736
ZNF556,0.19753979755922446,0.5602732527588019,0.7043453956365484
ZNF16,0.1975919996137815,0.5572254335260116,0.7042306437257569
C11orf58,0.1976169629346911,0.5577509196006306,0.7041757794207294
CEP70,0.1976169629346911,0.5577509196006305,0.7041757794207294
LRRC32,0.19830518564024335,0.5558591697320021,0.7026659289338972
LZTR1,0.19843471635985532,0.5576458223857068,0.7023823452636909
SON,0.19843471635985532,0.5576458223857068,0.7023823452636909
CCDC9,0.19843471635985532,0.5576458223857068,0.7023823452636909
CCRL2,0.1986836760665922,0.5705727798213347,0.7018378132395948
C1orf116,0.1987875317979425,0.815028901734104,0.7016108585763464
PPP3R1,0.19915729401805493,0.8423541776142932,0.7008037831849423
ZNF646,0.1992225114449815,0.5369416710457173,0.7006615893864477
ARPC5,0.1992549414819279,0.5575407251707829,0.7005908993836815
GNL2,0.1992549414819279,0.557540725170783,0.7005908993836815
MYO15B,0.19938949076498547,0.5758276405675249,0.7002977358089867
PRND,0.199452353497525,0.7101418812401472,0.700160834736654
CHRM3,0.1994789911672198,0.9662637940094587,0.7001028368223206
PTDSS2_1,0.19954119869888398,0.5297950604308985,0.6999674231834141
PTDSS2,0.19954119869888398,0.5297950604308985,0.6999674231834141
MGAM,0.19957790935266317,0.878507619548082,0.6998875310705751
MGAM_1,0.19957790935266317,0.878507619548082,0.6998875310705751
DESI1,0.1996658680450033,0.5575407251707829,0.699696169413866
UBXN7,0.19968529516428524,0.5764582238570678,0.699653915420452
KRT32,0.19975087434721606,0.5679453494482396,0.6995113110210291
GOLGA2P5,0.2000287448980319,0.5328428796636889,0.6989075900681502
PUDP,0.20007764124087946,0.5574356279558592,0.6988014412401118
CCNB2,0.20007764124087946,0.5574356279558592,0.6988014412401118
SNX1,0.20007764124087946,0.5574356279558592,0.6988014412401118
DUSP2,0.20015581746151012,0.5661586967945349,0.6986317827523991
NRIP2,0.20059402641393942,0.8757750919600631,0.6976820041874416
NASP,0.20090281855825132,0.5573305307409353,0.6970139702915278
CDK16,0.20090281855825132,0.5573305307409354,0.6970139702915278
POLG,0.20090281855825132,0.5573305307409353,0.6970139702915278
ZNF274,0.20090281855825132,0.5573305307409354,0.6970139702915278
MAEA,0.20090281855825132,0.5573305307409354,0.6970139702915278
ZNF654,0.20147392312065338,0.6307934839726748,0.6957811568562575
ZER1,0.20163236201205614,0.572569626904887,0.6954397623291255
RRAGD,0.20163732755469166,0.5599579611140304,0.695429067214555
PNPLA4,0.20172648152593942,0.5572254335260116,0.6952370862905776
LIME1,0.2017304763370531,0.5572254335260116,0.695228485995606
ARMC6,0.2017304763370531,0.5572254335260116,0.695228485995606
HARS1,0.2017304763370531,0.5572254335260116,0.695228485995606
S100A11,0.2017304763370531,0.5572254335260116,0.695228485995606
HPS5_1,0.2017304763370531,0.5572254335260116,0.695228485995606
HPS5,0.2017304763370531,0.5572254335260116,0.695228485995606
FBXL18,0.201926551821206,0.5112979506043089,0.694806570847045
PCYOX1,0.2020400231057532,0.6140830267997899,0.6945625904927878
GRK5,0.2020963592812537,0.5659485023646873,0.6944415101279596
PDE2A,0.20234080212770034,0.5049921177088808,0.6939165326906266
HTR2B,0.20246671702521657,0.9181292695743563,0.6936463591174739
TAF1D,0.20256061746165965,0.5571203363110877,0.6934449878091505
FAM50A,0.20256061746165965,0.5571203363110877,0.6934449878091505
THBS3,0.20256061746165965,0.5571203363110877,0.6934449878091505
CSNK1A1,0.20256061746165965,0.5571203363110877,0.6934449878091505
CTBP1,0.20256061746165965,0.5571203363110877,0.6934449878091505
CNOT4,0.20256952092144243,0.6584340514976352,0.6934258990123034
MYCL,0.20332917490462976,0.5596426694692591,0.6918003016815525
RPL13,0.2033932447977047,0.557015239096164,0.6916634751880972
ISG20L2,0.2033932447977047,0.5570152390961639,0.6916634751880972
RPS27L,0.2033932447977047,0.5570152390961639,0.6916634751880972
ALG13,0.2033932447977047,0.5570152390961639,0.6916634751880972
TIGD6,0.20357744657515764,0.7365212821860221,0.6912703371923484
RASAL1,0.20422836119198007,0.5569101418812401,0.6898839475875067
GRN,0.20422836119198007,0.5569101418812401,0.6898839475875067
MEAF6,0.20422836119198007,0.5569101418812401,0.6898839475875067
LBH,0.20422836119198007,0.5569101418812401,0.6898839475875067
TRA2A,0.20422836119198007,0.5569101418812401,0.6898839475875067
RAB38,0.20438226689216954,0.5419863373620599,0.6895567882093965
ACIN1,0.20464673907643416,0.5569101418812401,0.6889951711867724
CFTR,0.20503963145585835,1.0,0.6881621874365265
UGT2B4,0.20503963145585835,1.0,0.6881621874365265
CHRM4,0.20503963145585835,1.0,0.6881621874365265
PRR7,0.20503963145585835,1.0,0.6881621874365265
NCR3_2,0.20503963145585835,1.0,0.6881621874365265
NCR3_4,0.20503963145585835,1.0,0.6881621874365265
STAB2,0.20503963145585835,1.0,0.6881621874365265
NCR3,0.20503963145585835,1.0,0.6881621874365265
NCR3_3,0.20503963145585835,1.0,0.6881621874365265
NCR3_5,0.20503963145585835,1.0,0.6881621874365265
PIK3CG,0.20503963145585835,1.0,0.6881621874365265
NCR3_6,0.20503963145585835,1.0,0.6881621874365265
NCR3_1,0.20503963145585835,1.0,0.6881621874365265
CDX2,0.20503963145585835,1.0,0.6881621874365265
IL12A,0.20503963145585835,1.0,0.6881621874365265
SERPINB3,0.20503963145585835,1.0,0.6881621874365265
KIAA0319,0.20503963145585835,1.0,0.6881621874365265
NCR3_7,0.20503963145585835,1.0,0.6881621874365265
ASPA,0.20503963145585835,1.0,0.6881621874365265
GEMIN2,0.2050470502885391,0.5559642669469259,0.6881464738899072
RESF1,0.2050659694723307,0.5568050446663164,0.6881064044615657
GART_1,0.2050659694723307,0.5568050446663164,0.6881064044615657
PPCS,0.2050659694723307,0.5568050446663163,0.6881064044615657
GART,0.2050659694723307,0.5568050446663164,0.6881064044615657
MAPK6,0.2050659694723307,0.5568050446663163,0.6881064044615657
SLC12A5,0.20557449051318732,0.5467157120336311,0.6870307774038887
M6PR,0.20589643022991644,0.5575407251707829,0.6863511829831753
GPR137B,0.20590561330083934,0.5566999474513925,0.686331813691099
ANAPC2,0.20590607244755166,0.5566999474513925,0.6863308452635849
NXT1,0.20590607244755166,0.5566999474513925,0.6863308452635849
LYRM4,0.20590607244755166,0.5566999474513925,0.6863308452635849
IVD,0.20596319721368206,0.5299001576458224,0.686210375140189
PMCH,0.2065730708088216,0.8428796636889122,0.6849262944398256
C1orf54,0.2067486729072845,0.5565948502364687,0.6845572694459989
INTS8,0.2067486729072845,0.5565948502364687,0.6845572694459989
ATP2A2,0.2067486729072845,0.5565948502364687,0.6845572694459989
MTERF1,0.2067486729072845,0.5565948502364687,0.6845572694459989
TFDP2,0.2067486729072845,0.5565948502364687,0.6845572694459989
ZNF606,0.2067486729072845,0.5565948502364687,0.6845572694459989
RAD54L2,0.2067486729072845,0.5565948502364687,0.6845572694459989
TTC31,0.2067486729072845,0.5565948502364687,0.6845572694459989
CHMP5,0.2067486729072845,0.5565948502364687,0.6845572694459989
ZIM2,0.20704404668156373,0.6939569101418812,0.6839372526308956
MDK,0.20709271654434824,0.5594324750394115,0.6838351749849751
ZMYM5,0.20716411892615538,0.91077246452969,0.6836854627385353
PCDHGA8,0.20716411892615538,0.91077246452969,0.6836854627385353
ACOT8,0.20728409133849868,0.6733578560168156,0.6834340279062633
TSC22D4,0.207593773621915,0.5564897530215449,0.6827856764603621
SLC35A1,0.207593773621915,0.5564897530215449,0.6827856764603621
ABCD4,0.207593773621915,0.5564897530215449,0.6827856764603621
ERI3,0.2076195764282781,0.7375722543352601,0.6827316993113414
DNAL4,0.20799826983770997,0.5559642669469259,0.6819402775519523
PTGER3,0.20818879383537836,0.739253809774041,0.6815426509370961
ZNF304,0.20823735368787677,0.5526011560693641,0.6814413639444176
MOBP,0.20834738819770482,0.5600630583289543,0.6812119394036517
TBL1XR1,0.20840843820138555,0.5574356279558592,0.6810847009669995
DXO,0.20844137734246904,0.5563846558066211,0.6810160657573506
DXO_4,0.20844137734246904,0.5563846558066211,0.6810160657573506
DXO_1,0.20844137734246904,0.5563846558066211,0.6810160657573506
DXO_2,0.20844137734246904,0.5563846558066211,0.6810160657573506
TRAPPC2L,0.20844137734246904,0.5563846558066211,0.6810160657573506
ZXDC,0.20844137734246904,0.5563846558066211,0.6810160657573506
DXO_3,0.20844137734246904,0.5563846558066211,0.6810160657573506
SLC52A2,0.20844137734246904,0.5563846558066211,0.6810160657573506
SLC52A2_1,0.20844137734246904,0.5563846558066211,0.6810160657573506
DXO_5,0.20844137734246904,0.5563846558066211,0.6810160657573506
ZNF302,0.20886588822756602,0.5562795585916973,0.6801324827780421
SMG9,0.20907614260530338,0.8059905412506568,0.6796955211086522
PTPRO,0.2092858958962347,0.7693116132422491,0.6792600384593582
NALF2,0.20929148680051024,0.5562795585916973,0.6792484367867584
SEC61G,0.20929148680051024,0.5562795585916973,0.6792484367867584
VPS8,0.20929148680051024,0.5562795585916973,0.6792484367867584
UBE2D2,0.20929148680051024,0.5562795585916973,0.6792484367867584
SH2B3,0.20929148680051024,0.5562795585916973,0.6792484367867584
SECISBP2L,0.20929148680051024,0.5562795585916973,0.6792484367867584
GLIPR1,0.20971344466486208,0.5564897530215449,0.6783737261555899
WDFY3,0.21004991273398133,0.5534419337887546,0.677677494555212
GMPR2,0.2101439892937167,0.5561744613767735,0.6774830275186604
GMPR2_1,0.2101439892937167,0.5561744613767735,0.6774830275186604
RPL10L,0.21014410470803757,0.5561744613767735,0.6774827889974965
GMPPB,0.21014410470803757,0.5561744613767735,0.6774827889974965
KIAA0753,0.21014410470803757,0.5561744613767735,0.6774827889974965
MAPK13,0.21014410470803757,0.5561744613767735,0.6774827889974965
NIPSNAP2,0.21014410470803757,0.5561744613767735,0.6774827889974965
BABAM2,0.21014410470803757,0.5561744613767735,0.6774827889974965
C4orf19,0.21028637677166462,0.6885969521807672,0.6771888618098043
ARNT,0.21078198618171873,0.7418812401471361,0.676166507483044
PDZD2,0.21090770146085502,0.5659485023646873,0.6759075613658527
GMDS,0.21098536899908826,0.5571203363110877,0.6757476602628458
NEDD4,0.21099911822022743,0.5560693641618497,0.6757193596449124
MCM6,0.21099923375738228,0.5560693641618497,0.6757191218375913
DUSP6,0.21099923375738228,0.5560693641618497,0.6757191218375913
RPP30,0.21099923375738228,0.5560693641618497,0.6757191218375913
COMMD4,0.21099923375738228,0.5560693641618497,0.6757191218375913
NAA10,0.21099923375738228,0.5560693641618497,0.6757191218375913
ZNF324,0.21099923375738228,0.5560693641618497,0.6757191218375913
UBE2Q1,0.21099923375738228,0.5560693641618497,0.6757191218375913
DFFB,0.2114414761071859,0.6717813977929585,0.6748098179856544
CPS1-IT1,0.21170426566955158,0.5787703625853915,0.6742703912102338
NIPAL3,0.21175168676962952,0.6352075669994746,0.6741731214845063
BCCIP,0.2118568766211043,0.5559642669469259,0.673957434754186
FPGS,0.2118568766211043,0.5559642669469259,0.673957434754186
AAMDC,0.2118568766211043,0.5559642669469259,0.673957434754186
IRF2BP1,0.2118568766211043,0.5559642669469259,0.673957434754186
ZFYVE26,0.2118568766211043,0.5559642669469259,0.673957434754186
CACYBP,0.2118568766211043,0.5559642669469259,0.673957434754186
HSP90B1,0.2118568766211043,0.5559642669469259,0.673957434754186
SNX2,0.2118568766211043,0.5559642669469259,0.673957434754186
MICA,0.2123375128267435,0.5638465580662113,0.6729732739711508
MICA_1,0.2123375128267435,0.5638465580662113,0.6729732739711508
MICA_2,0.2123375128267435,0.5638465580662113,0.6729732739711508
MICA_4,0.2123375128267435,0.5638465580662113,0.6729732739711508
MICA_3,0.2123375128267435,0.5638465580662113,0.6729732739711508
MRPS34,0.2127170359518924,0.5558591697320021,0.672197727193534
PRKCH,0.2127170359518924,0.5558591697320021,0.672197727193534
FCER1A_1,0.21310882388311225,0.6716763005780346,0.6713985677217101
FCER1A,0.21310882388311225,0.6716763005780346,0.6713985677217101
ZMYM6,0.2131595553277773,0.870415133998949,0.671295194412051
TTC33,0.21354215029906742,0.5461902259590121,0.6705163883882079
IDH3A,0.21355421532109387,0.554808197582764,0.670491851665757
AKIP1,0.21357565785161192,0.5557540725170783,0.6704482472574739
SLC1A5,0.21357971438245915,0.5557540725170783,0.6704399986010028
NDUFA1,0.21357971438245915,0.5557540725170783,0.6704399986010028
PSME4,0.21357971438245915,0.5557540725170783,0.6704399986010028
PLAGL2,0.21366030588135254,0.5404098791382028,0.6702761541949884
ATP2B1,0.2144026806665884,0.5550183920126117,0.66876978898193
NOPCHAP1,0.21444259413112632,0.5554387808723069,0.6686889477159947
PKMYT1,0.214444914525441,0.5556489753021545,0.6686842484210683
HTATSF1,0.214444914525441,0.5556489753021545,0.6686842484210683
KLF2,0.214444914525441,0.5556489753021545,0.6686842484210683
MPP1,0.214444914525441,0.5556489753021545,0.6686842484210683
MPDU1,0.21451933688546287,0.6304781923279033,0.6685335541825359
PGP,0.2152194424367092,0.8611665790856542,0.6671184980541067
MORC3,0.21531263897329533,0.5555438780872307,0.6669304760973156
SNRNP200,0.21531263897329533,0.5555438780872307,0.6669304760973156
TRIM25,0.21543828072368343,0.8763005780346821,0.6666771254116058
CST2,0.21573170200080338,0.5004729374671572,0.6660860301762992
CPD,0.2161689394118279,0.5554387808723069,0.6652067082140114
CHAT,0.21618056519374074,0.5552285864424593,0.6651833520501671
TBXA2R,0.21618277404338615,0.5554387808723069,0.665178914619306
DUSP3,0.21618289029819782,0.5554387808723069,0.6651786810724388
ADRM1,0.21618289029819782,0.5554387808723069,0.6651786810724388
PKN2,0.21618289029819782,0.5554387808723069,0.6651786810724388
VILL,0.21620536697184733,0.582238570677877,0.6651335295440048
PDCD5,0.21658284569257313,0.5647924330005255,0.6643759443685271
SLC22A18AS,0.21658284569257313,0.5490278507619548,0.6643759443685271
SLC22A18AS_1,0.21658284569257313,0.5490278507619548,0.6643759443685271
MYD88,0.2170556710519428,0.555333683657383,0.6634288627882361
COL1A1,0.2170556710519428,0.5553336836573831,0.6634288627882361
MATR3,0.2170556710519428,0.5553336836573831,0.6634288627882361
RAB3IL1,0.2170556710519428,0.555333683657383,0.6634288627882361
TAF9B,0.21750363966680697,0.9636363636363636,0.6625334712427475
RFC2,0.21772461758289374,0.5602732527588019,0.6620924635819305
GPX2,0.21785731216926463,0.7804519180241724,0.6618278588107693
PEA15,0.21793098376583975,0.5552285864424593,0.6616810206856116
TBC1D9B,0.21793098376583975,0.5552285864424593,0.6616810206856116
S100A9,0.21793098376583975,0.5552285864424593,0.6616810206856116
TBC1D9B_1,0.21793098376583975,0.5552285864424593,0.6616810206856116
DNPEP,0.21793098376583975,0.5552285864424593,0.6616810206856116
DNAJC15,0.21793098376583975,0.5552285864424593,0.6616810206856116
SEL1L3,0.21811030395559572,0.5656332107199159,0.6613238170194078
HHEX,0.2181635920331908,0.6581187598528639,0.6612177244093358
C1orf115,0.21880766493869974,0.5551234892275355,0.6599374685256485
TMED10,0.2188088309506132,0.5551234892275355,0.6599351542045723
GCC1,0.2188088309506132,0.5551234892275354,0.6599351542045723
RIDA,0.2188088309506132,0.5551234892275355,0.6599351542045723
NOX5,0.2188088309506132,0.5551234892275355,0.6599351542045723
MXI1,0.2188088309506132,0.5551234892275354,0.6599351542045723
ZNF692,0.2188088309506132,0.5551234892275355,0.6599351542045723
SLC25A5,0.2188088309506132,0.5551234892275354,0.6599351542045723
SPINK5,0.21924580842209185,0.688702049395691,0.6590687007968455
CASP6,0.2192485890906679,0.5551234892275354,0.659063192726387
KCTD7,0.21955613193429324,0.5518654755648975,0.6584544290763844
RTL10,0.21968688079825527,0.554808197582764,0.6581958773855666
MAD2L1,0.21968874823810347,0.5550183920126117,0.6581921856977816
APH1A,0.21968921509630068,0.5550183920126117,0.6581912627842275
MDN1,0.21968921509630068,0.5550183920126117,0.6581912627842275
DRG1,0.21968921509630068,0.5550183920126117,0.6581912627842275
KLF7,0.2197381967961427,0.5363110877561744,0.6580944436897967
CLN8_1,0.22006098370982785,0.7356805044666317,0.6574569500025468
CLN8,0.22006098370982785,0.7356805044666317,0.6574569500025468
PIMREG,0.22031801658016859,0.51823436678928,0.6569499868192022
SAMD9,0.22039217252142884,0.55911718339464,0.656803834008625
APBB3,0.22057167136383726,0.5549132947976878,0.6564502659682848
GSTK1,0.22057213867215275,0.5549132947976878,0.6564493458627857
EIF4E,0.22057213867215275,0.5549132947976878,0.6564493458627857
SMARCD2,0.22057213867215275,0.5549132947976878,0.6564493458627857
USF2,0.22057213867215275,0.5549132947976878,0.6564493458627857
MPZL1,0.22057213867215275,0.5549132947976878,0.6564493458627857
SIGLEC5,0.2207456052692266,0.5536521282186022,0.6561079338492525
DGKA,0.2208922994977348,0.6578034682080924,0.6558194237570547
PTK2B,0.2209147074819363,0.6880714661061482,0.6557753698432693
BBS4,0.22093506286854814,0.5528113504992118,0.6557353551926709
TTF2,0.22118698078010046,0.5416710457172885,0.655240439491038
TTTY14,0.22137739204514573,0.9637414608512874,0.6548667331021751
KRT81,0.22145713637195574,0.5548081975827641,0.6547103201792948
ZSCAN26,0.22145748718795388,0.554808197582764,0.6547096322026779
LILRB3,0.22145760412653104,0.5548081975827641,0.6547094028775554
LILRB3_1,0.22145760412653104,0.5548081975827641,0.6547094028775554
LILRB3_2,0.22145760412653104,0.5548081975827641,0.6547094028775554
LILRB3_3,0.22145760412653104,0.5548081975827641,0.6547094028775554
MAP6D1,0.22164883165615523,0.6305832895428272,0.6543345535891991
TNFSF18,0.22181902548553434,0.563951655281135,0.6540012070190167
FABP1,0.22226666037897957,0.9115081450341566,0.6531256758494229
MT1G,0.22234561388680774,0.5547031003678402,0.6529714332649431
SREBF2,0.22234561388680774,0.5547031003678402,0.6529714332649431
OGA,0.22234561388680774,0.5547031003678402,0.6529714332649431
EXOSC10,0.22234561388680774,0.5547031003678402,0.6529714332649431
WASL,0.222388860076976,0.5150814503415659,0.6528869712638519
MS4A2,0.2225348314580311,0.9828691539674199,0.6526020029927136
DNAAF1,0.22278647496407666,0.5543878087230688,0.652111178070848
PDCD10,0.2232361703592659,0.5545980031529164,0.6512354364604503
EFL1,0.2232361703592659,0.5545980031529164,0.6512354364604503
TCEA2,0.2235026917232369,0.5457698370993169,0.6507172421360303
AKR1B10,0.22410463686148285,0.8130320546505517,0.6495491575545318
SH2D3A,0.22412880685898084,0.5545980031529165,0.6495023208148899
RBM4B,0.22412927592899823,0.5544929059379926,0.6495014118986739
NCKAP1,0.22412927592899823,0.5544929059379926,0.6495014118986739
LANCL1,0.22412927592899823,0.5544929059379926,0.6495014118986739
ZIC1,0.22454980432820704,0.8330005254860746,0.6486873190435598
CDK13,0.2245766680434752,0.5543878087230688,0.6486353659121548
FGF9,0.22494055097484533,0.982764056752496,0.6479322454220576
ZSWIM8,0.22502082480442642,0.5548081975827641,0.6477772877591348
CTNNBIP1,0.22502493295980697,0.5543878087230689,0.6477693590133046
RDH11,0.22502493295980697,0.5543878087230688,0.6477693590133046
RBCK1,0.22502493295980697,0.5543878087230688,0.6477693590133046
HSPA9,0.22502493295980697,0.5543878087230688,0.6477693590133046
ADGRA2,0.22502493295980697,0.5543878087230688,0.6477693590133046
FGA,0.22530033886638623,0.9638465580662112,0.6472381550684863
RAD21L1,0.22530033886638623,0.9638465580662112,0.6472381550684863
RAD52,0.22530033886638623,0.9638465580662112,0.6472381550684863
FGF13,0.2253174988060812,0.5582764056752496,0.6472050784057362
EHD3,0.2256599077804321,0.5424067262217551,0.6465455936753791
CA6,0.2257150120850263,0.558066211245402,0.6464395554597848
AKR7A3,0.2258573468650228,0.5535470310036784,0.6461657778010892
BEX1,0.22586968487879255,0.5563846558066211,0.6461420540434982
PPFIBP2,0.22592314379410416,0.554282711508145,0.6460392772371247
SKAP2,0.22638717106038764,0.5925380977404099,0.6451481874464149
PHLDA1,0.2267865246210865,0.6244876510772465,0.6443827542613533
RANGRF,0.22679027887534453,0.5541776142932212,0.6443755649523084
COPE,0.22682391075281227,0.5541776142932212,0.6443111660020064
NUP85,0.22682391075281227,0.5541776142932212,0.6443111660020064
PURA,0.22682391075281227,0.5541776142932212,0.6443111660020064
TCAP,0.22682391075281227,0.5541776142932212,0.6443111660020064
YAF2,0.2271606506788152,0.516657908565423,0.6436668959939745
CMA1,0.22736479236618123,0.9826589595375722,0.6432767853162671
UIMC1,0.22772723613526347,0.5540725170782974,0.6425850247389121
SEC61A1,0.22772723613526347,0.5540725170782974,0.6425850247389121
TNIP1,0.22772723613526347,0.5540725170782974,0.6425850247389121
SAMHD1,0.22772723613526347,0.5540725170782974,0.6425850247389121
BAG5,0.22772723613526347,0.5540725170782974,0.6425850247389121
AKAP1,0.22772723613526347,0.5540725170782974,0.6425850247389121
PRKAG1,0.22772723613526347,0.5540725170782974,0.6425850247389121
ACTR6,0.22772723613526347,0.5540725170782974,0.6425850247389121
PSMD12,0.22772723613526347,0.5540725170782974,0.6425850247389121
ALDH3B1,0.22772723613526347,0.5540725170782974,0.6425850247389121
ICAM3,0.22814618225607686,0.5554387808723069,0.6417867942110291
DNAH6,0.22817573787715517,0.5544929059379926,0.641730536369382
MAP4K5,0.2281786815049579,0.5538623226484498,0.6417249337006788
CD40LG,0.22828985210809216,0.9485023646873358,0.6415133932465603
KCNMA1,0.22863265103557362,0.5540725170782974,0.6408617479040136
TMEM168,0.22863312221910115,0.5539674198633736,0.6408608528778912
GRAMD1B,0.22863312221910115,0.5539674198633736,0.6408608528778912
DVL3,0.22863312221910115,0.5539674198633736,0.6408608528778912
IFT52,0.22863312221910115,0.5539674198633736,0.6408608528778912
ICE2,0.22863312221910115,0.5539674198633736,0.6408608528778912
FRMD4B,0.22900687938300035,0.5531266421439832,0.6401514712269222
KCNJ12,0.22927268182104166,0.963951655281135,0.6396476890169593
OR1F2P,0.22927268182104166,0.963951655281135,0.6396476890169593
RAD54L,0.22928446399514746,0.5407251707829742,0.6396253714792357
PAX1,0.2293937103901117,0.8910141881240147,0.6394184939339436
TPRKB_1,0.22954157126018038,0.5538623226484498,0.6391386498480794
STX6,0.22954157126018038,0.5538623226484498,0.6391386498480794
POLR2G,0.22954157126018038,0.5538623226484498,0.6391386498480794
TPRKB,0.22954157126018038,0.5538623226484498,0.6391386498480794
URI1,0.22954157126018038,0.5538623226484498,0.6391386498480794
ANKRD28,0.22954157126018038,0.5538623226484498,0.6391386498480794
CST1,0.22979001618844264,0.6842879663688912,0.638668844265918
SRC,0.2299019187027168,0.5761429322122964,0.6384574042047308
SRC_1,0.2299019187027168,0.5761429322122964,0.6384574042047308
SLC9A5,0.22995491908911836,0.8301629006831319,0.6383572957641762
SP140L,0.23003121724269682,0.6102995270625329,0.638213222433416
RAB40B,0.2304525854924685,0.553757225433526,0.6374184150776981
NIPAL2,0.2304525854924685,0.553757225433526,0.6374184150776981
EXT2,0.2304525854924685,0.553757225433526,0.6374184150776981
ZNF3,0.23051159889579598,0.5014188124014713,0.6373072168699784
NUDT1,0.23072658616252062,0.5337887545980031,0.6369023597119884
DOCK10,0.2312315017844524,0.5568050446663164,0.6359530001857749
PAWR,0.23130002334308664,0.5517603783499737,0.635824323399838
ARHGEF15,0.2313186642011249,0.5584866001050972,0.6357893242871505
ABCA1,0.23136616712794722,0.5536521282186022,0.635700147994051
PRRC2A_4,0.23136616712794722,0.5536521282186022,0.635700147994051
PRRC2A_3,0.23136616712794722,0.5536521282186022,0.635700147994051
PRRC2A_5,0.23136616712794722,0.5536521282186022,0.635700147994051
PRRC2A_2,0.23136616712794722,0.5536521282186022,0.635700147994051
PARVA,0.23136616712794722,0.5536521282186022,0.635700147994051
HK1,0.23136616712794722,0.5536521282186022,0.635700147994051
PRRC2A,0.23136616712794722,0.5536521282186022,0.635700147994051
TMEM204,0.23136616712794722,0.5536521282186022,0.635700147994051
PRRC2A_1,0.23136616712794722,0.5536521282186022,0.635700147994051
CHCHD3,0.23136616712794722,0.5536521282186022,0.635700147994051
PRRC2A_6,0.23136616712794722,0.5536521282186022,0.635700147994051
KANSL1L,0.23164640047983964,0.9321071991592222,0.635174443847999
POLR3K,0.231804425898556,0.5531266421439832,0.6348782762025771
LEMD3,0.23228231835651336,0.5535470310036784,0.6339838480235237
INTS11,0.23228231835651336,0.5535470310036784,0.6339838480235237
CASP3,0.23228231835651336,0.5535470310036784,0.6339838480235237
CHD3,0.23228231835651336,0.5535470310036784,0.6339838480235237
MINK1,0.23228231835651336,0.5535470310036784,0.6339838480235237
FCHSD2,0.23228231835651336,0.5535470310036784,0.6339838480235237
SPTLC1,0.23228231835651336,0.5535470310036784,0.6339838480235237
RBFOX1,0.2326245701583589,0.9457698370993168,0.6333444163459709
DLEU2,0.23285497726753823,0.5364161849710982,0.6329144746016618
NUP50,0.23291193370605112,0.7271676300578035,0.6328082589538967
KLF8,0.23320104134588016,0.5534419337887546,0.6322695145915838
GPER1,0.23329461455283285,0.9640567524960588,0.6320952864826412
RHOC,0.23366124957422663,0.5534419337887546,0.6314133051151667
TP53I3,0.23412221984486203,0.5533368365738308,0.6305573667473162
MIIP,0.23412233824147988,0.5533368365738308,0.6305571471227764
CLUH,0.23412233824147988,0.5533368365738308,0.6305571471227764
USP34,0.23412233824147988,0.5533368365738308,0.6305571471227764
KIAA0586,0.23412233824147988,0.5533368365738308,0.6305571471227764
EPPK1,0.2343215304266184,0.5124540199684708,0.6301878048051843
FMO3,0.23474909224866114,0.9823436678928008,0.6293960784320736
MADCAM1,0.23504502623259427,0.5534419337887546,0.6288489344463436
TRIM26,0.23504621116636493,0.553231739358907,0.6288467450407258
TRIM26_7,0.23504621116636493,0.553231739358907,0.6288467450407258
CDC16,0.23504621116636493,0.553231739358907,0.6288467450407258
PCM1,0.23504621116636493,0.553231739358907,0.6288467450407258
CTSH,0.23504621116636493,0.553231739358907,0.6288467450407258
CAD,0.23504621116636493,0.553231739358907,0.6288467450407258
RAF1,0.23504621116636493,0.553231739358907,0.6288467450407258
TRIM26_6,0.23504621116636493,0.553231739358907,0.6288467450407258
TRIM26_4,0.23504621116636493,0.553231739358907,0.6288467450407258
TRIM26_3,0.23504621116636493,0.553231739358907,0.6288467450407258
TRIM26_2,0.23504621116636493,0.553231739358907,0.6288467450407258
TRIM26_1,0.23504621116636493,0.553231739358907,0.6288467450407258
TRIM26_5,0.23504621116636493,0.553231739358907,0.6288467450407258
DOC2B,0.23517149249049574,0.5789805570152391,0.6286153246215461
DOC2B_1,0.23517149249049574,0.5789805570152391,0.6286153246215461
AGTR1,0.23577814395511487,0.5445086705202312,0.6274964553885832
ZGPAT,0.2359679827497576,0.7324224908039937,0.6271469201587306
C3orf18,0.2359726622211109,0.5531266421439832,0.6271383077681316
KAT8,0.2359726622211109,0.5531266421439832,0.6271383077681316
EML4,0.23608236898591128,0.6170257488176563,0.6269364455262815
FRAT1,0.23688211011570603,0.5521807672096689,0.6254677369615229
CIAPIN1,0.23690169348371892,0.5530215449290594,0.6254318347267682
ABR_2,0.23690169348371892,0.5530215449290594,0.6254318347267682
ABR_1,0.23690169348371892,0.5530215449290594,0.6254318347267682
ATP6V1A,0.23690169348371892,0.5530215449290594,0.6254318347267682
CEBPD,0.23690169348371892,0.5530215449290594,0.6254318347267682
MBD1,0.23690169348371892,0.5530215449290594,0.6254318347267682
AACS,0.23690169348371892,0.5530215449290594,0.6254318347267682
ABR,0.23690169348371892,0.5530215449290594,0.6254318347267682
RAB5C,0.23690169348371892,0.5530215449290594,0.6254318347267682
SEC24C,0.23690169348371892,0.5530215449290594,0.6254318347267682
SELENBP1,0.23690169348371892,0.5530215449290594,0.6254318347267682
ZNF835,0.23715231139015946,0.5990541250656858,0.6249726381674969
SMPD3,0.23726579142875392,0.5186547556489753,0.6247648730960764
AKAP8L,0.23762953231026795,0.6011560693641618,0.6240995867448349
IQSEC2,0.23783330700951755,0.5529164477141355,0.623727325337484
GRAMD4,0.23783330700951755,0.5529164477141356,0.623727325337484
ZNF22,0.23783330700951755,0.5529164477141355,0.623727325337484
TMED2,0.23783330700951755,0.5529164477141355,0.623727325337484
SLC39A14,0.23783330700951755,0.5529164477141356,0.623727325337484
NFATC2IP,0.23783330700951755,0.5529164477141356,0.623727325337484
EFS,0.23821927203050597,0.5549132947976878,0.62302310684175
PCCA,0.23823555115241912,0.774146085128744,0.6229934295985955
NPY5R,0.23823914496972065,0.8449816079873883,0.6229868782537465
SYT1,0.23830470279535565,0.6871255911718339,0.6228673870370117
NOC2L,0.23872423333897397,0.5547031003678402,0.6221034927184216
CLIC1_2,0.23876750483106668,0.5528113504992118,0.622024779020199
CLIC1_3,0.23876750483106668,0.5528113504992118,0.622024779020199
FUCA1,0.23876750483106668,0.5528113504992118,0.622024779020199
CLIC1_1,0.23876750483106668,0.5528113504992118,0.622024779020199
CLIC1,0.23876750483106668,0.5528113504992118,0.622024779020199
CLIC1_6,0.23876750483106668,0.5528113504992118,0.622024779020199
CLIC1_5,0.23876750483106668,0.5528113504992118,0.622024779020199
COPS8,0.23876750483106668,0.5528113504992118,0.622024779020199
CLIC1_4,0.23876750483106668,0.5528113504992118,0.622024779020199
DDIT3,0.23876750483106668,0.5528113504992118,0.622024779020199
POP7,0.23876750483106668,0.5528113504992118,0.622024779020199
ZFPL1,0.23936602569655874,0.8776668418286915,0.6209374909370142
CHRM5,0.23936602569655874,0.8776668418286915,0.6209374909370142
PGPEP1,0.23939371414528954,0.5427220178665265,0.6208872572205634
OARD1,0.23970428895806017,0.552706253284288,0.6203241951939038
NOS1AP,0.23970428895806017,0.552706253284288,0.6203241951939038
FHL2,0.23970428895806017,0.5527062532842879,0.6203241951939038
RNF138,0.23970428895806017,0.5527062532842879,0.6203241951939038
RETREG2,0.23970428895806017,0.552706253284288,0.6203241951939038
GOLM1,0.23970428895806017,0.5527062532842879,0.6203241951939038
TRIM38,0.23970428895806017,0.5527062532842879,0.6203241951939038
PXDC1,0.23970428895806017,0.5527062532842879,0.6203241951939038
THOC1,0.23970428895806017,0.552706253284288,0.6203241951939038
DENND5B,0.24006298329070663,0.9640567524960588,0.6196748011756191
XRCC4,0.2401115739196914,0.5356805044666316,0.6195869054643807
ZNF235,0.24064318517499173,0.5524960588544403,0.6186264326893162
CYFIP2,0.24064318517499173,0.5526011560693641,0.6186264326893162
CPT2,0.24064354232674312,0.5526011560693641,0.6186257881295311
RPS19,0.24064366137722926,0.5526011560693642,0.6186255732766581
DDHD2,0.24064366137722926,0.5526011560693641,0.6186255732766581
RPLP2,0.24064366137722926,0.5526011560693642,0.6186255732766581
TTC12,0.24074018695449095,0.5710982658959538,0.6184514065435017
SMIM8,0.24102474215336178,0.5921177088807147,0.6179383730719017
MYL11,0.24111162338541547,0.5200210194429847,0.6177818528723598
PRDM2,0.24157132694063743,0.5535470310036784,0.6169546151272823
CRYBG3,0.24158562405224615,0.5524960588544403,0.6169289126855898
DNAJB9,0.24158562405224615,0.5524960588544403,0.6169289126855898
IRGQ,0.24158562405224615,0.5524960588544403,0.6169289126855898
ZNF12,0.24158562405224615,0.5524960588544403,0.6169289126855898
ZFYVE9,0.2419740424982132,0.9460851287440882,0.6162312199882816
AKR1D1,0.2419740424982132,0.9460851287440882,0.6162312199882816
SEZ6L,0.2419740424982132,0.9460851287440882,0.6162312199882816
PCDH1,0.24198036997470596,0.5017341040462427,0.616219863595801
RAPGEF4,0.24210558774987612,0.8598003152916448,0.6159951870104232
GPR18,0.2421468547798471,0.9152916447714136,0.6159211675863778
MAP4K2,0.2422223912760384,0.7544929059379927,0.6157857127282865
ASL,0.24231894918085772,0.5473462953231739,0.615612622994549
SEMA5A,0.2424328726424868,0.5508145034156595,0.6154084924294709
SCAMP1,0.2425301789236285,0.5523909616395165,0.6152342128368916
MED1,0.2425301789236285,0.5523909616395165,0.6152342128368916
TBC1D5,0.2425301789236285,0.5523909616395166,0.6152342128368916
LRRFIP2,0.2425301789236285,0.5523909616395165,0.6152342128368916
LRRC8D,0.2425301789236285,0.5523909616395166,0.6152342128368916
LHFPL2,0.2425301789236285,0.5523909616395166,0.6152342128368916
CTDNEP1,0.2425301789236285,0.5523909616395166,0.6152342128368916
AHNAK2,0.24271971728277264,0.5183394640042039,0.6148949424184328
RABEP1,0.24281419281377759,0.5277982133473463,0.6147259317625139
MSI1,0.242992501354228,0.5450341565948502,0.614407128338844
TMEM260,0.24320299030347803,0.5749868628481345,0.6140310894966885
CHST3,0.2432624304295664,0.6088281660535996,0.6139249585455784
GALNT10,0.24346300977419577,0.5522858644245927,0.6135670133868003
PLEKHO1,0.24347494160242122,0.5524960588544403,0.6135457296600186
EVPL,0.24347613475800745,0.5522858644245927,0.61354360139329
TES,0.24347732790864207,0.5522858644245927,0.6135414731458232
HADH,0.24347732790864207,0.5522858644245927,0.6135414731458232
YRDC,0.24347732790864207,0.5522858644245927,0.6135414731458232
LIMK2,0.24347732790864207,0.5522858644245927,0.6135414731458232
MICU1,0.24347732790864207,0.5522858644245927,0.6135414731458232
DNMBP,0.24347732790864207,0.5522858644245927,0.6135414731458232
SLC35F6,0.24347732790864207,0.5522858644245927,0.6135414731458232
SOCS2,0.24372487906002482,0.6024172359432476,0.6131001364410684
DNM1,0.24379308583673598,0.5495533368365738,0.6129786154753595
BTD,0.24430937802453434,0.509721492380452,0.6120598619412747
SCRN1,0.2444258788908712,0.5521807672096689,0.6118528145321531
FCF1,0.2444270729012068,0.5521807672096689,0.6118506930267058
GLRX5,0.2444270729012068,0.5521807672096689,0.6118506930267058
FBXO31,0.2444270729012068,0.552180767209669,0.6118506930267058
CSK,0.2444270729012068,0.552180767209669,0.6118506930267058
ADORA2B,0.2448343631140376,0.9334734629532317,0.6111276279338763
CHIT1,0.2448343631140376,0.9334734629532317,0.6111276279338763
AREL1,0.24486875664597596,0.5502890173410404,0.6110666239477638
TNR,0.24514850279889844,0.946190225959012,0.6105707547864029
BARX2,0.24514850279889844,0.946190225959012,0.6105707547864029
CDC14A,0.24514850279889844,0.946190225959012,0.6105707547864029
GTF3C5,0.24532388428029117,0.5652128218602207,0.6102601676265559
CCDC170,0.24534617504901501,0.509090909090909,0.6102207082885476
PPT2_6,0.2453794157718009,0.5520756699947451,0.6101618718929225
F11R,0.2453794157718009,0.5520756699947451,0.6101618718929225
PPT2_5,0.2453794157718009,0.5520756699947451,0.6101618718929225
PPT2_2,0.2453794157718009,0.5520756699947451,0.6101618718929225
ARCN1,0.2453794157718009,0.5520756699947451,0.6101618718929225
PPT2_1,0.2453794157718009,0.5520756699947451,0.6101618718929225
PPT2_7,0.2453794157718009,0.5520756699947451,0.6101618718929225
PPT2_4,0.2453794157718009,0.5520756699947451,0.6101618718929225
PLEKHA2,0.2453794157718009,0.5520756699947451,0.6101618718929225
LAMP2,0.2453794157718009,0.5520756699947451,0.6101618718929225
FASTKD5,0.2453794157718009,0.5520756699947451,0.6101618718929225
PPT2,0.2453794157718009,0.5520756699947451,0.6101618718929225
PPT2_3,0.2453794157718009,0.5520756699947451,0.6101618718929225
SLK,0.2453794157718009,0.5520756699947451,0.6101618718929225
MAOA,0.24585861257178276,0.5882291119285339,0.6093145735162423
PWWP2A,0.2459796036972608,0.9496584340514976,0.6091009025265705
BRD4,0.2463343583673644,0.5519705727798213,0.6084750091569182
TMEM268,0.2463343583673644,0.5519705727798213,0.6084750091569182
CASK,0.2463343583673644,0.5519705727798213,0.6084750091569182
KPNA2,0.2463343583673644,0.5519705727798213,0.6084750091569182
GPX4,0.2463343583673644,0.5519705727798213,0.6084750091569182
TRPV2,0.24645635116835218,0.5904361534419338,0.6082599856170746
ROR2,0.24680275763444548,0.5527062532842879,0.607649992050741
SLCO2B1,0.24685666683273888,0.5784550709406201,0.6075551393394371
DRC3,0.2470694827659734,0.6008407777193905,0.6071808939537278
CSRNP2,0.2472914239020667,0.5518654755648975,0.606790944765237
VAV3,0.2472914239020667,0.5518654755648975,0.606790944765237
THUMPD2,0.24729178285899678,0.5518654755648975,0.6067903143636711
PCGF1,0.24729190251120614,0.5518654755648975,0.6067901042301961
TMEM94,0.24729190251120614,0.5518654755648975,0.6067901042301961
BST2,0.24729190251120614,0.5518654755648975,0.6067901042301961
SDC2,0.24729190251120614,0.5518654755648975,0.6067901042301961
SNRPD2,0.24729190251120614,0.5518654755648975,0.6067901042301961
COX10,0.24729190251120614,0.5518654755648975,0.6067901042301961
RNF19B,0.24729190251120614,0.5518654755648975,0.6067901042301961
CIR1,0.24729190251120614,0.5518654755648975,0.6067901042301961
LRP10,0.24729190251120614,0.5518654755648975,0.6067901042301961
CSNK2A1,0.24729190251120614,0.5518654755648975,0.6067901042301961
SERPINB10,0.247430669539219,0.9818181818181818,0.6065464696781406
DEDD,0.2479405712938627,0.5577509196006305,0.6056524024481095
CARD14,0.24812823262304118,0.7501839201261167,0.605323817852694
RGSL1,0.24825205000290795,0.5517603783499737,0.605107156523317
ARMC7,0.24825205000290795,0.5517603783499737,0.605107156523317
GLB1,0.24825205000290795,0.5517603783499737,0.605107156523317
TMEM9B,0.24825205000290795,0.5517603783499737,0.605107156523317
SMTN,0.24830717642175426,0.6774566473988439,0.6050107285512389
PDSS2,0.24849692475921348,0.5411455596426694,0.6046789814512451
FPR1,0.2490654252865464,0.5746715712033631,0.6036865560822603
TMEM47,0.2491950325655724,0.5516552811350499,0.6034606191190598
TOMM34,0.24921480261823137,0.5516552811350499,0.6034261654458972
CSNK2B_1,0.24921480261823137,0.5516552811350499,0.6034261654458972
CSNK2B_3,0.24921480261823137,0.5516552811350499,0.6034261654458972
CSNK2B_4,0.24921480261823137,0.5516552811350499,0.6034261654458972
CSNK2B_2,0.24921480261823137,0.5516552811350499,0.6034261654458972
UBE2G2,0.24921480261823137,0.5516552811350499,0.6034261654458972
CSNK2B_5,0.24921480261823137,0.5516552811350499,0.6034261654458972
CSNK2B_6,0.24921480261823137,0.5516552811350499,0.6034261654458972
CSNK2B,0.24921480261823137,0.5516552811350499,0.6034261654458972
COCH,0.24936054205938807,0.6024172359432476,0.603172266661818
KIFC3,0.24963546295088757,0.7428271150814503,0.6026937191904153
TMC7,0.2496803666426527,0.5338938518129269,0.6026156066033614
RNF170,0.24986826624270186,0.5449290593799264,0.602288896617868
GPR143,0.2499018883439359,0.7125591171833947,0.6022304621838628
NUDT13,0.24996056768024932,0.9127693116132423,0.6021284976863391
SLC30A9,0.25018016210902216,0.5515501839201261,0.6017471304066087
TMSB4Y,0.25018016210902216,0.5515501839201261,0.6017471304066087
FBXO9,0.25018016210902216,0.5515501839201261,0.6017471304066087
OSBPL11,0.25018016210902216,0.5515501839201261,0.6017471304066087
SLC25A1,0.25018016210902216,0.5515501839201261,0.6017471304066087
NXT2,0.25018016210902216,0.5515501839201261,0.6017471304066087
POLR2L,0.25018016210902216,0.5515501839201261,0.6017471304066087
HNRNPUL2,0.25018016210902216,0.5515501839201261,0.6017471304066087
MAPKAPK5-AS1,0.2502361956513899,0.6675775091960063,0.6016498711624768
CROCC,0.25092842711778596,0.5473462953231739,0.6004501356520939
HLA-DOA_6,0.25103162352748043,0.8392012611665791,0.6002715651389372
HLA-DOA_5,0.25103162352748043,0.8392012611665791,0.6002715651389372
HLA-DOA_1,0.25103162352748043,0.8392012611665791,0.6002715651389372
HLA-DOA,0.25103162352748043,0.8392012611665791,0.6002715651389372
HLA-DOA_3,0.25103162352748043,0.8392012611665791,0.6002715651389372
HLA-DOA_2,0.25103162352748043,0.8392012611665791,0.6002715651389372
HLA-DOA_4,0.25103162352748043,0.8392012611665791,0.6002715651389372
CD320,0.25114813020311766,0.5514450867052023,0.6000700508131761
TOR1A,0.25114813020311766,0.5514450867052023,0.6000700508131761
MAD2L1BP,0.25114813020311766,0.5514450867052023,0.6000700508131761
FASLG,0.2512467504513448,0.9656332107199159,0.59989954656718
HERC6,0.251767345011227,0.5589069889647924,0.5990005998878365
DHRS7B,0.25211198576698557,0.5510246978455071,0.5984065068474483
BTBD8,0.25211630633399973,0.9471361008933263,0.5983990641932284
BTG3,0.25211822840692655,0.5513399894902785,0.5983957532511631
BTG3_1,0.25211822840692655,0.5513399894902785,0.5983957532511631
PANK2,0.25211870860425256,0.5513399894902785,0.5983949260723762
MLST8,0.25211870860425256,0.5513399894902785,0.5983949260723762
MAN1A1,0.25211870860425256,0.5513399894902785,0.5983949260723762
SNPH,0.25242810746224986,0.5131897004729374,0.5978622887459698
DEAF1_1,0.2524321560403938,0.7227535470310037,0.5978553233526734
DEAF1,0.2524321560403938,0.7227535470310037,0.5978553233526734
CYP26A1,0.2527302928148747,0.6336311087756175,0.597342699457782
CTDSP2,0.25309189899196616,0.5512348922753547,0.5967217555900362
TBC1D22A,0.25309189899196616,0.5512348922753547,0.5967217555900362
COL4A1,0.25309189899196616,0.5512348922753547,0.5967217555900362
WAS,0.25309189899196616,0.5512348922753547,0.5967217555900362
WASHC3,0.25309189899196616,0.5512348922753547,0.5967217555900362
HPS4,0.25309189899196616,0.5512348922753547,0.5967217555900362
HHAT,0.2533341947915886,0.5390436153441934,0.5963061856259874
HHAT_1,0.2533341947915886,0.5390436153441934,0.5963061856259874
C6,0.25367955984055224,0.9492380451918024,0.5957145245247439
SLC16A3,0.25389979915269645,0.5389385181292696,0.595337642674565
CLEC11A,0.25399471847806443,0.7989490278507619,0.5951753139299842
PRPF3,0.2540677030215096,0.5511297950604309,0.5950505387710306
PCDHB12,0.2540677030215096,0.5511297950604309,0.5950505387710306
TARS2,0.2540677030215096,0.5511297950604309,0.5950505387710306
LSM1,0.2540677030215096,0.5511297950604309,0.5950505387710306
PPP3CB,0.2540677030215096,0.5511297950604309,0.5950505387710306
LDLRAP1,0.2540677030215096,0.5511297950604309,0.5950505387710306
PCDHB12_1,0.2540677030215096,0.5511297950604309,0.5950505387710306
DYRK3,0.2540677030215096,0.5511297950604309,0.5950505387710306
MT2A,0.2540677030215096,0.5511297950604309,0.5950505387710306
NRGN,0.2541804817936322,0.7016290068313189,0.5948578014404277
SIGLEC6,0.2545564654252237,0.5511297950604309,0.5942158679338954
FLRT3,0.2549467688032524,0.6111403047819233,0.5935504879122756
DNM2,0.25504564122695994,0.5511297950604309,0.5933820942353422
POLR2K,0.25504612232375157,0.5510246978455071,0.5933812750192843
NCOA1,0.25504612232375157,0.5510246978455071,0.5933812750192843
STIP1,0.25504612232375157,0.5510246978455071,0.5933812750192843
NAB2,0.25553210230270873,0.5507094062007357,0.592554532017981
LAGE3,0.2560270381582658,0.5509196006305833,0.5917141678800663
TOP1,0.2560271585050885,0.5509196006305833,0.591713963737765
GSN,0.2560271585050885,0.5509196006305833,0.591713963737765
VDAC3,0.2560271585050885,0.5509196006305833,0.591713963737765
DNAJB2,0.2560271585050885,0.5509196006305833,0.591713963737765
SIRT5,0.2560271585050885,0.5509196006305833,0.591713963737765
SNX7,0.2560271585050885,0.5509196006305833,0.591713963737765
NBAS,0.2560271585050885,0.5509196006305833,0.591713963737765
PLCG1,0.2560271585050885,0.5509196006305833,0.591713963737765
PDGFRL,0.2565704551850675,0.5457698370993169,0.5907933553221087
DLK2,0.25681026082147906,0.5879138202837625,0.5903876280754462
FUT6,0.2568735022312125,0.5549132947976878,0.5902806930411342
DEFB1_1,0.25692007770304315,0.630057803468208,0.5902019553096659
DEFB1,0.25692007770304315,0.630057803468208,0.5902019553096659
ANXA3,0.25692094457337544,0.5827640567524961,0.5902004899653842
CHP2,0.25695931091958213,0.8939569101418813,0.5901356410349138
GABPB1-IT1,0.25698328124056746,0.500578034682081,0.5900951299805675
IFT122,0.2570108131473503,0.5508145034156595,0.5900486043284868
CZIB,0.2570108131473503,0.5508145034156595,0.5900486043284868
WASHC2A,0.2570108131473503,0.5508145034156595,0.5900486043284868
MRPL20,0.2570108131473503,0.5508145034156595,0.5900486043284868
ADCY1,0.2570523703079116,0.6347871781397794,0.5899783871017509
ZNF365,0.25747109878153607,0.7509196006305833,0.5892715135903076
PTGFR,0.25759182365710087,0.9490278507619548,0.5890679262383074
SIX2,0.2576692731371266,0.7411455596426695,0.5889373676447552
SYN2,0.25787494803705924,0.9653179190751445,0.5885908465310391
SMG8,0.25799708780770925,0.5507094062007357,0.5883851961925068
RPE,0.25799708780770925,0.5507094062007356,0.5883851961925068
KXD1,0.25799708780770925,0.5507094062007356,0.5883851961925068
GOLGB1,0.25799708780770925,0.5507094062007357,0.5883851961925068
PSMC4,0.25799708780770925,0.5507094062007357,0.5883851961925068
PSMC4_1,0.25799708780770925,0.5507094062007357,0.5883851961925068
NUP62,0.25799708780770925,0.5507094062007356,0.5883851961925068
ADTRP,0.2581554561071916,0.8342616920651602,0.5881186917199716
TMEM131L,0.2584092399306017,0.5527062532842879,0.5876919613459591
WDR4,0.2584773856300786,1.0,0.5875774476404144
LIMK1,0.2584773856300786,1.0,0.5875774476404144
MMP24,0.2584773856300786,1.0,0.5875774476404144
CDH7,0.2584773856300786,1.0,0.5875774476404144
PRL,0.2584773856300786,1.0,0.5875774476404144
CXCL5,0.2584773856300786,1.0,0.5875774476404144
DDA1,0.2584773856300786,1.0,0.5875774476404144
MLC1,0.2584773856300786,1.0,0.5875774476404144
EDC3,0.2584773856300786,1.0,0.5875774476404144
SLC17A4,0.2584773856300786,1.0,0.5875774476404144
LAMC3,0.2584773856300786,1.0,0.5875774476404144
KLHDC8A,0.2584773856300786,1.0,0.5875774476404144
EPB41L5,0.2584773856300786,1.0,0.5875774476404144
EPB41L4A-DT,0.2584773856300786,1.0,0.5875774476404144
A1CF,0.2584773856300786,1.0,0.5875774476404144
GPT,0.2584773856300786,1.0,0.5875774476404144
FBXW4P1,0.2584773856300786,1.0,0.5875774476404144
FGF7,0.2584773856300786,1.0,0.5875774476404144
PALS2,0.2584773856300786,1.0,0.5875774476404144
MYH8,0.2584773856300786,1.0,0.5875774476404144
LEPR,0.2584773856300786,1.0,0.5875774476404144
EFNB2,0.25888759108244597,0.5533368365738308,0.5868887655310335
ETAA1,0.2589858634604745,0.5506043089858119,0.5867239408942841
LRRC41,0.2589859840185891,0.5506043089858119,0.5867237387299227
TUG1,0.2589859840185891,0.5506043089858119,0.5867237387299227
HILPDA,0.2589859840185891,0.5506043089858119,0.5867237387299227
TNS1,0.2589859840185891,0.5506043089858119,0.5867237387299227
PHF21A,0.2589859840185891,0.5506043089858119,0.5867237387299227
DLGAP4,0.2595820479423856,0.5571203363110877,0.5857253455740845
FNDC3B,0.2598605916489076,0.554282711508145,0.5852595770865322
WNT2,0.25997738266131387,0.5504992117708881,0.5850644328470423
TERF1,0.2599775032875725,0.5504992117708881,0.5850642313398735
ARHGEF12,0.2599775032875725,0.5504992117708881,0.5850642313398735
UTP25,0.2599775032875725,0.5504992117708881,0.5850642313398735
CHRNB1,0.26090331596219174,0.6152390961639517,0.5835204011798463
CHRNB1_1,0.26090331596219174,0.6152390961639517,0.5835204011798463
TPI1,0.26097164709731213,0.5503941145559643,0.5834066734205356
SELPLG,0.26097164709731213,0.5503941145559643,0.5834066734205356
CRAT,0.26097164709731213,0.5503941145559643,0.5834066734205356
STARD8,0.26097164709731213,0.5503941145559643,0.5834066734205356
CEPT1,0.26097164709731213,0.5503941145559643,0.5834066734205356
ST3GAL4,0.2612558140329869,0.5492380451918024,0.5829340359073099
ABCB1,0.2615457468048462,0.9488176563321072,0.5824523379734006
SH3GL3_1,0.2615489739124004,0.8488702049395691,0.5824469794218886
SH3GL3,0.2615489739124004,0.8488702049395691,0.5824469794218886
CCL7,0.2619244570780541,0.5523909616395166,0.5818239476300003
SETD6,0.2619616543142227,0.549973725696269,0.5817622756211958
TJAP1,0.26196793386874484,0.5502890173410404,0.5817518651540664
RTN3,0.2619684169054378,0.5502890173410404,0.5817510643691237
PLIN3,0.2619684169054378,0.5502890173410404,0.5817510643691237
SLC12A2,0.262961047930775,0.5501839201261166,0.5801085782082765
ING4,0.2629678141444679,0.5501839201261166,0.5800974035818879
U2SURP,0.2629678141444679,0.5501839201261166,0.5800974035818879
DSTN,0.2629678141444679,0.5501839201261166,0.5800974035818879
FAM174C,0.2629678141444679,0.5501839201261166,0.5800974035818879
DNAJC24,0.2629678141444679,0.5501839201261166,0.5800974035818879
TMEM43,0.2629678141444679,0.5501839201261167,0.5800974035818879
BTN2A1,0.2629678141444679,0.5501839201261167,0.5800974035818879
TNS3,0.2629678141444679,0.5501839201261166,0.5800974035818879
BTN2A1_1,0.2629678141444679,0.5501839201261167,0.5800974035818879
GDF2,0.2634777501484459,0.5356805044666316,0.5792560536800715
RORA,0.26357717434940586,0.6373095112979505,0.5790922021331083
URB1,0.2636889960132689,0.7586967945349448,0.5789079933405449
PSORS1C1_5,0.26377404232382173,0.7813977929584865,0.5787679450679082
PSORS1C1_1,0.26377404232382173,0.7813977929584865,0.5787679450679082
PSORS1C1_4,0.26377404232382173,0.7813977929584865,0.5787679450679082
PSORS1C1_2,0.26377404232382173,0.7813977929584865,0.5787679450679082
PSORS1C1,0.26377404232382173,0.7813977929584865,0.5787679450679082
PSORS1C1_3,0.26377404232382173,0.7813977929584865,0.5787679450679082
SMC3,0.2639656091345012,0.550499211770888,0.5784526516757285
ARHGEF5_1,0.26396984022171854,0.5500788229111928,0.5784456904541123
ARHGEF5,0.26396984022171854,0.5500788229111928,0.5784456904541123
STX5,0.26396984022171854,0.5500788229111928,0.5784456904541123
CHD7,0.2644829972704599,0.5418812401471361,0.5776022420747842
HJURP,0.26494788630055655,0.54944823962165,0.5768395408473922
SP140,0.26496641271953525,0.9160273252758802,0.5768091739690119
LYPD3,0.26497437556956693,0.549973725696269,0.5767961226172169
WWC3,0.2649744965192147,0.549973725696269,0.5767959243801137
PRPF6,0.2649744965192147,0.549973725696269,0.5767959243801137
TRAPPC6A,0.2649744965192147,0.549973725696269,0.5767959243801137
ADH5,0.2649744965192147,0.5499737256962691,0.5767959243801137
BBX,0.2649744965192147,0.5499737256962691,0.5767959243801137
TNFAIP6,0.26596181687613873,0.5498686284813452,0.5751807088963644
HNRNPH3,0.26598178439359943,0.5498686284813452,0.5751481047532415
TGFBR2,0.26598178439359943,0.5498686284813452,0.5751481047532415
CEBPB,0.26598178439359943,0.5498686284813452,0.5751481047532415
WASHC4,0.26598178439359943,0.5498686284813452,0.5751481047532415
POLDIP2,0.26598178439359943,0.5498686284813452,0.5751481047532415
PPP1R1A,0.2663290373302305,0.5775091960063059,0.5745814807078835
CD101,0.26638638405541626,0.7281135049921177,0.5744879772521929
ADAMTS6,0.2663952387865962,0.5657383079348397,0.5744735414656504
LMAN1,0.26645179566427635,0.5503941145559643,0.5743813486283281
COPS7B,0.2664997108081385,0.5578560168155544,0.5743032579113219
PRR36,0.2665603019118603,0.5148712559117183,0.5742045283818722
GINS3,0.26657327093216354,0.5498686284813452,0.5741833990655381
ZNF350,0.2667867870133256,0.5330530740935365,0.5738356832611076
RAMP3,0.2669804728547398,0.5638465580662113,0.5735205020869693
GRAMD2B,0.2669904944652325,0.5497635312664214,0.5735042003387334
KDM2A,0.26699170517604665,0.5497635312664214,0.5735022309658736
RRAGA,0.26699170517604665,0.5497635312664214,0.5735022309658736
TRMO,0.26699170517604665,0.5497635312664214,0.5735022309658736
ERGIC3,0.26699170517604665,0.5497635312664214,0.5735022309658736
GOLGA2,0.26699170517604665,0.5497635312664214,0.5735022309658736
KCTD12,0.26699170517604665,0.5497635312664214,0.5735022309658736
BAG4,0.26699170517604665,0.5497635312664214,0.5735022309658736
KLF11,0.2672830994198081,0.5552285864424593,0.57302850125381
EFNA4,0.2674776710165636,0.5508145034156595,0.5727124669476061
SHCBP1,0.2677427586536575,0.5238045191802417,0.572282266226399
OVOL1,0.26786613705041473,0.5540725170782974,0.572082185315588
SLC31A1,0.2680030488730606,0.5496584340514976,0.5718602652950376
ERBB3,0.2680041390425051,0.5496584340514976,0.5718584986971832
PLAU,0.2680042601721716,0.5496584340514976,0.5718583024094166
MAGED1,0.2680042601721716,0.5496584340514976,0.5718583024094166
TBCC,0.2680042601721716,0.5496584340514976,0.5718583024094166
TRIM62,0.2680042601721716,0.5496584340514976,0.5718583024094166
NOSIP,0.2680042601721716,0.5496584340514976,0.5718583024094166
JAG1,0.2680042601721716,0.5496584340514976,0.5718583024094166
ANKRD17,0.2680042601721716,0.5496584340514976,0.5718583024094166
FOXM1,0.2685184500477116,0.5201261166579085,0.5710258683308116
CEP290,0.2688950691743647,0.5000525486074618,0.5704171615178609
PIAS2,0.2689830243975331,0.8230162900683132,0.5702751275928003
POLR2D,0.26900490779495767,0.5488176563321072,0.5702397965447105
PHGDH,0.2690170269053276,0.5497635312664214,0.5702202313098356
TDRD7,0.26901896591236496,0.54944823962165,0.5702171010357723
APBB1IP,0.26901896591236496,0.5495533368365738,0.5702171010357723
EIF4EBP2,0.26901896591236496,0.5496584340514976,0.5702171010357723
CRK,0.2690194506619423,0.5495533368365738,0.5702163184743043
PPP6C,0.2690194506619423,0.5495533368365738,0.5702163184743043
ADGRL4,0.2690194506619423,0.5495533368365738,0.5702163184743043
ZNF230,0.2694917338275561,0.5439831844456122,0.569454551472181
TMEM267,0.27002272825618323,0.5487125591171834,0.5685996790231863
EIF2B4,0.2700372778995922,0.54944823962165,0.5685762785499956
YIPF3,0.2700372778995922,0.54944823962165,0.5685762785499956
ASAP3,0.2700372778995922,0.54944823962165,0.5685762785499956
ASAP3_1,0.2700372778995922,0.54944823962165,0.5685762785499956
KAT2A,0.2700372778995922,0.54944823962165,0.5685762785499956
VPS11_1,0.2700372778995922,0.54944823962165,0.5685762785499956
FAM234B,0.2700372778995922,0.54944823962165,0.5685762785499956
VPS11,0.2700372778995922,0.54944823962165,0.5685762785499956
IGFLR1,0.2700372778995922,0.54944823962165,0.5685762785499956
JAK1,0.2700372778995922,0.54944823962165,0.5685762785499956
PPP1CA,0.2700372778995922,0.54944823962165,0.5685762785499956
ELOA2,0.2705271701353801,0.550499211770888,0.5677891104195355
SIRT2_1,0.27105774311353104,0.5493431424067262,0.5669381820249748
PRUNE1,0.27105774311353104,0.5493431424067262,0.5669381820249748
SIRT2,0.27105774311353104,0.5493431424067262,0.5669381820249748
SLC7A10,0.27108189368004565,0.6209143457698372,0.5668994891972705
CPA4,0.27155877374361825,0.5500788229111928,0.56613616110231
APOM_2,0.27208084750626027,0.5492380451918024,0.5653020282867465
APOM_3,0.27208084750626027,0.5492380451918024,0.5653020282867465
MSRB1_1,0.27208084750626027,0.5492380451918024,0.5653020282867465
APOM_5,0.27208084750626027,0.5492380451918024,0.5653020282867465
APOM_6,0.27208084750626027,0.5492380451918024,0.5653020282867465
TMEM248,0.27208084750626027,0.5492380451918024,0.5653020282867465
PNISR,0.27208084750626027,0.5492380451918024,0.5653020282867465
PRKDC,0.27208084750626027,0.5492380451918024,0.5653020282867465
APOM,0.27208084750626027,0.5492380451918024,0.5653020282867465
APOM_4,0.27208084750626027,0.5492380451918024,0.5653020282867465
APOM_1,0.27208084750626027,0.5492380451918024,0.5653020282867465
MSRB1,0.27208084750626027,0.5492380451918024,0.5653020282867465
FABP4,0.27303859624715576,0.5472411981082501,0.5637759575293053
IFI44L,0.27303859624715576,0.5520756699947451,0.5637759575293053
ZKSCAN3,0.273106592254283,0.5491329479768786,0.5636678167218383
YJU2B,0.273106592254283,0.5491329479768786,0.5636678167218383
TRMT112,0.273106592254283,0.5491329479768786,0.5636678167218383
PARM1,0.2735857233203973,0.5496584340514976,0.5629065693968958
SPSB1,0.27376741892812706,0.530635838150289,0.5626182385310224
ADPRM,0.2738156652593431,0.8567524960588544,0.5625417090834245
MYL3,0.27396490463953094,0.7157120336311088,0.5623050674628068
B9D1,0.274042280333347,0.5086705202312138,0.5621824273296023
CHAD,0.27413485705035956,0.5490278507619548,0.5620357391334276
SUMO1,0.2741349785080198,0.5490278507619548,0.562035546715796
WBP2,0.2741349785080198,0.5490278507619548,0.562035546715796
TUBGCP2,0.2741349785080198,0.5490278507619548,0.562035546715796
MARCHF7,0.2741349785080198,0.5490278507619548,0.562035546715796
PLCB4,0.2746234652324532,0.6030478192327904,0.5612623571736239
NFKB2,0.27463198983913106,0.9015239096163952,0.5612488764166949
CD209,0.2746500410688397,0.5490278507619548,0.5612203317019009
FAM13A,0.2751592028510005,0.5492380451918024,0.5604159573919131
MDFI,0.27516552135888517,0.5490278507619548,0.5604059847594378
GTDC1,0.27516588588359536,0.548922753547031,0.560405409429489
PDCD2,0.27516600739172103,0.548922753547031,0.5604052176531842
FCER1G,0.27516600739172103,0.548922753547031,0.5604052176531842
SFSWAP,0.27516600739172103,0.548922753547031,0.5604052176531842
HIRIP3,0.27516600739172103,0.548922753547031,0.5604052176531842
KIDINS220,0.27516600739172103,0.548922753547031,0.5604052176531842
CHMP1A,0.27516600739172103,0.548922753547031,0.5604052176531842
PKM,0.27516600739172103,0.548922753547031,0.5604052176531842
NEK9,0.27516600739172103,0.548922753547031,0.5604052176531842
GLP1R,0.27538191295042735,0.86988964792433,0.5600645875496065
BCL2L1,0.2760124154641115,0.5452443510246978,0.5590713822598455
STK17B,0.2761944411986573,0.8992117708880715,0.5587850664563127
TMPRSS4,0.27619955844600097,0.5488176563321072,0.5587770200536168
NXPE3,0.2763662408709613,0.9105622700998424,0.5585150086889046
IL1A,0.2764737422002854,0.8898581187598529,0.5583461090573988
AEN,0.27669744633049675,0.5482921702574882,0.5579948489894838
TLE4,0.2770907048248069,0.5557540725170783,0.5573780426443402
CLN5,0.2772355109926373,0.5486074619022596,0.5571511418798795
PLGRKT,0.2772359974146533,0.5487125591171834,0.5571503798915926
RELA,0.2772359974146533,0.5487125591171834,0.5571503798915926
AAMP,0.2772359974146533,0.5487125591171834,0.5571503798915926
R3HDM2,0.2772359974146533,0.5487125591171834,0.5571503798915926
FTSJ3,0.2772359974146533,0.5487125591171834,0.5571503798915926
TRAM1,0.2772359974146533,0.5487125591171834,0.5571503798915926
BRAF,0.2781082170856378,0.5315817130846032,0.5557861791249479
TAF5L,0.2782749606707646,0.5486074619022596,0.555525869956819
IPO4,0.2782749606707646,0.5486074619022596,0.555525869956819
IPO4_1,0.2782749606707646,0.5486074619022596,0.555525869956819
MTMR9_1,0.2782749606707646,0.5486074619022596,0.555525869956819
MTMR9,0.2782749606707646,0.5486074619022596,0.555525869956819
MORN1,0.2783639248991403,0.739253809774041,0.5553870486318957
RASIP1,0.27852929580464825,0.7039411455596427,0.555129118848697
MFHAS1,0.2786544938618907,0.8853389385181293,0.554933948682842
MFHAS1_1,0.2786544938618907,0.8853389385181293,0.554933948682842
PDE1B,0.2787164126134096,0.9292695743562795,0.5548374564838081
RTP4_1,0.2789020790256437,0.5708880714661062,0.5545482483513776
RTP4,0.2789020790256437,0.5708880714661062,0.5545482483513776
SLC9A8,0.2792484111774225,0.5466106148187073,0.5540092891840314
C1QTNF1,0.2792817629110078,0.5501839201261167,0.553957422787023
NOL8_1,0.2793165707904306,0.5485023646873358,0.5539032984938856
HP1BP3,0.2793165707904306,0.5485023646873357,0.5539032984938856
NOL8,0.2793165707904306,0.5485023646873358,0.5539032984938856
MBP,0.2795127120183638,0.7167630057803468,0.5535984359568514
EPB41L3,0.280278031006972,0.5469259064634787,0.5524109421482446
PLS1,0.28034074053561553,0.5475564897530215,0.5523137837805672
HNMT,0.2803603417965784,0.548397267472412,0.5522834192253835
IST1,0.28036082876577106,0.548397267472412,0.5522826648824255
CALM1,0.28036082876577106,0.548397267472412,0.5522826648824255
CYRIB,0.28036082876577106,0.548397267472412,0.5522826648824255
MEGF9,0.28036082876577106,0.548397267472412,0.5522826648824255
EBP,0.28036082876577106,0.548397267472412,0.5522826648824255
ACO2,0.28036082876577106,0.548397267472412,0.5522826648824255
MAP3K6,0.2804246323875422,0.5680504466631634,0.5521838407762397
RRP9,0.28043864736184143,0.5573305307409353,0.5521621362852409
SIRPA,0.28080298198502107,0.5571203363110877,0.551598284530967
GPR161,0.28104826298119845,0.7590120861797163,0.551219094519813
SCGB2A1,0.28134073430784867,0.5656332107199159,0.5507673833542592
PARD6A,0.28140651770611247,0.5482921702574882,0.5506658480135013
GOLPH3L,0.28140773556222554,0.5482921702574882,0.550663968501081
SLC25A14,0.28140773556222554,0.5482921702574882,0.550663968501081
RBM14,0.28140773556222554,0.5482921702574882,0.550663968501081
RPF1,0.28140773556222554,0.5482921702574881,0.550663968501081
CDS2,0.28140773556222554,0.5482921702574882,0.550663968501081
NOTCH2,0.28140773556222554,0.5482921702574881,0.550663968501081
PSMA4,0.28140773556222554,0.5482921702574882,0.550663968501081
PPP3CC,0.2815228651056392,0.5779295848660011,0.5504863262622459
NT5E,0.2819279193026831,0.5487125591171834,0.5498619138456903
RWDD2A,0.2822105972194442,0.5450341565948502,0.5494266821921711
RPUSD2,0.28237443644342897,0.5467157120336311,0.5491746228259082
LIN37,0.2824548555623627,0.5478717813977929,0.5490509550901064
GLTP,0.28245717029120576,0.5481870730425644,0.5490473960440333
MAN1B1,0.2824572921184708,0.5481870730425644,0.5490472087275013
ALAS1,0.2824572921184708,0.5481870730425644,0.5490472087275013
SCFD1,0.2824572921184708,0.5481870730425644,0.5490472087275013
AP5Z1,0.28266595976544506,0.8447714135575407,0.5487264885608861
KIF18A,0.2833552711258618,0.8621124540199685,0.5476687039697856
DCTN1,0.28349487478657365,0.5490278507619548,0.5474547881715323
EMID1,0.2834992622407828,0.5480819758276405,0.5474480669480548
SNRK,0.28350949934633574,0.5480819758276405,0.5474323849383437
RPA1,0.28350949934633574,0.5480819758276405,0.5474323849383437
UBE2K,0.28350949934633574,0.5480819758276406,0.5474323849383437
PPP1R7,0.28350949934633574,0.5480819758276406,0.5474323849383437
THRB,0.28350949934633574,0.5480819758276406,0.5474323849383437
FAM53C,0.28350949934633574,0.5480819758276405,0.5474323849383437
MANBA,0.28350949934633574,0.5480819758276406,0.5474323849383437
CCNA1,0.28390036363657334,0.9108775617446138,0.5468340512034274
C4BPB,0.283956869904448,0.9824487651077246,0.5467476197591756
TM6SF1,0.2841646823442052,0.5431424067262217,0.5464298997236464
SLC17A5,0.28456191997253055,0.5482921702574881,0.5458232175767657
ACACA_1,0.2845643581307199,0.5479768786127167,0.5458194965092684
RANBP2,0.2845643581307199,0.5479768786127167,0.5458194965092684
OXA1L,0.2845643581307199,0.5479768786127167,0.5458194965092684
ACACA,0.2845643581307199,0.5479768786127167,0.5458194965092684
FZD3,0.28485499132301717,0.6161849710982659,0.5453761662896182
CENPO,0.2852220675223879,0.5405149763531266,0.5448168763221174
HSD17B2,0.2852473584413411,0.9125591171833947,0.5447783687139935
ALOX5_1,0.28540249966003606,0.5767735155018392,0.5445422274939496
ALOX5,0.28540249966003606,0.5767735155018392,0.5445422274939496
ZNF324B,0.28553893310032463,0.5447188649500788,0.5443346675307298
RFNG,0.28561504029029816,0.5475564897530215,0.5442189266469254
FNBP4_1,0.2856218693295103,0.5478717813977929,0.54420854281494
FNBP4,0.2856218693295103,0.5478717813977929,0.54420854281494
CIRBP,0.2856218693295103,0.5478717813977929,0.54420854281494
RHBG,0.2856218693295103,0.5478717813977929,0.54420854281494
TUBB3,0.2856218693295103,0.5478717813977929,0.54420854281494
CLIC5,0.2861489353212531,0.9475564897530215,0.5434078656387478
RAB28,0.28643502328840664,0.544613767735155,0.542973880599717
CHST7,0.2869398204277791,0.9823436678928008,0.5422091778187896
SLC7A6,0.28704953259913635,0.5372569626904887,0.5420431559546312
GOLT1B,0.2877447302481342,0.5476615869679453,0.5409926212867479
MEF2A,0.287744852266302,0.5476615869679453,0.5409924371241893
PPP2R5D,0.287744852266302,0.5476615869679453,0.5409924371241893
DUS1L,0.287744852266302,0.5476615869679453,0.5409924371241893
LLGL2,0.287744852266302,0.5476615869679453,0.5409924371241893
ACTG2,0.287744852266302,0.5476615869679453,0.5409924371241893
IMPACT,0.287744852266302,0.5476615869679453,0.5409924371241893
UNC13B,0.287744852266302,0.5476615869679453,0.5409924371241893
PLAAT3,0.287744852266302,0.5476615869679453,0.5409924371241893
DOCK9,0.287744852266302,0.5476615869679453,0.5409924371241893
CLPX,0.287744852266302,0.5476615869679453,0.5409924371241893
PGR,0.28794066852997147,0.9168681029952707,0.5406969913539338
C15orf39,0.2879964222981455,0.5526011560693642,0.540612907330437
PTPRK,0.2888098373735547,0.5475564897530216,0.5393880180127549
PTPRK_1,0.2888098373735547,0.5475564897530216,0.5393880180127549
INTS12,0.2888102035316835,0.5475564897530215,0.5393874674070155
MAPKAPK5,0.2888103255842773,0.5475564897530215,0.5393872838720983
ARMH3,0.2888103255842773,0.5475564897530215,0.5393872838720983
FEM1B,0.2888103255842773,0.5475564897530215,0.5393872838720983
SELENOF,0.2888103255842773,0.5475564897530216,0.5393872838720983
CELF1,0.2888103255842773,0.5475564897530216,0.5393872838720983
ADI1_1,0.2888103255842773,0.5475564897530215,0.5393872838720983
ADI1,0.2888103255842773,0.5475564897530215,0.5393872838720983
ARF6,0.28933978557662654,0.5477666841828692,0.5385918447191596
ZBTB10,0.2897116086516419,0.6359432475039412,0.5380341024063798
CFAP69,0.28987601275021724,0.5474513925380977,0.5377877210411056
ERCC1,0.28987845447644367,0.5474513925380977,0.5377840628434154
CCDC93,0.28987845447644367,0.5474513925380977,0.5377840628434154
ZRSR2,0.28987845447644367,0.5474513925380977,0.5377840628434154
DNAJC13,0.28987845447644367,0.5474513925380977,0.5377840628434154
CALU,0.28987845447644367,0.5474513925380977,0.5377840628434154
EHD2,0.28987845447644367,0.5474513925380977,0.5377840628434154
NPR2,0.28987845447644367,0.5474513925380977,0.5377840628434154
MMRN2,0.29035795262999897,0.5491329479768786,0.5370662745522109
RHAG,0.290396738395587,0.8772464529689963,0.5370082657431333
SSR3,0.29094496551159177,0.5473462953231739,0.5361891534025239
RHOBTB2,0.29094496551159177,0.5469259064634787,0.5361891534025239
BBS1,0.2909492396644009,0.5473462953231739,0.5361827734077986
LYPLA1,0.2909492396644009,0.5473462953231739,0.5361827734077986
RALBP1,0.2909492396644009,0.5473462953231739,0.5361827734077986
UNC13A,0.2909492396644009,0.5473462953231739,0.5361827734077986
ASXL1,0.2909492396644009,0.5473462953231739,0.5361827734077986
FRMD8,0.2909492396644009,0.5473462953231739,0.5361827734077986
MAPK3,0.2909492396644009,0.5473462953231739,0.5361827734077986
UNG,0.2909492396644009,0.5473462953231739,0.5361827734077986
LONP2,0.2909492396644009,0.5473462953231739,0.5361827734077986
ITGB6,0.2914228967098689,0.828481345244351,0.5354763292849735
MAST2,0.292022681842249,0.5472411981082501,0.5345834149339009
EIF2B1,0.292022681842249,0.5472411981082501,0.5345834149339009
PTBP1,0.292022681842249,0.5472411981082501,0.5345834149339009
CA3,0.2925364723269589,0.9472411981082501,0.5338199800334898
E2F1,0.2925731221574617,0.522017866526537,0.5337655737502195
LRP3,0.2926866234562131,0.5364161849710982,0.5335971255057469
EVC,0.2927402947275881,0.5226484498160798,0.5335174942611416
MAGEC2,0.29296898722253406,0.9821334734629532,0.5331783502635451
ADRB3,0.29296898722253406,0.9821334734629532,0.5331783502635451
PDZRN3,0.2930719011800418,0.5480819758276405,0.5330258183661968
LONRF3,0.29308642426924725,0.7363110877561745,0.5330042975680452
LAIR1_3,0.2930885185489307,0.5477666841828692,0.5330011942825117
PPL,0.2930885185489307,0.5477666841828692,0.5330011942825117
LAIR1_4,0.2930885185489307,0.5477666841828692,0.5330011942825117
LAIR1_1,0.2930885185489307,0.5477666841828692,0.5330011942825117
LAIR1_2,0.2930885185489307,0.5477666841828692,0.5330011942825117
LAIR1,0.2930885185489307,0.5477666841828692,0.5330011942825117
NAPA,0.29309878167650816,0.5471361008933263,0.5329859867893685
MXD3,0.29309878167650816,0.5471361008933263,0.5329859867893685
GABPB1,0.29309878167650816,0.5471361008933263,0.5329859867893685
POP4,0.29309878167650816,0.5471361008933263,0.5329859867893685
TMEM165,0.29309878167650816,0.5471361008933263,0.5329859867893685
ATG3,0.29309878167650816,0.5471361008933263,0.5329859867893685
ELMO2,0.29309878167650816,0.5471361008933263,0.5329859867893685
VRK2,0.29309878167650816,0.5471361008933263,0.5329859867893685
FAM131B,0.2938781194429544,0.8454019968470836,0.5318327479149108
AGPAT1_3,0.2941775398060399,0.5470310036784025,0.5313904883408388
AGPAT1,0.2941775398060399,0.5470310036784025,0.5313904883408388
AGPAT1_5,0.2941775398060399,0.5470310036784025,0.5313904883408388
AGPAT1_4,0.2941775398060399,0.5470310036784025,0.5313904883408388
AGPAT1_1,0.2941775398060399,0.5470310036784025,0.5313904883408388
ARFGAP3,0.2941775398060399,0.5470310036784025,0.5313904883408388
AGPAT1_6,0.2941775398060399,0.5470310036784025,0.5313904883408388
KATNA1,0.2941775398060399,0.5470310036784025,0.5313904883408388
COMMD3,0.2941775398060399,0.5470310036784025,0.5313904883408388
REX1BD,0.2941775398060399,0.5470310036784025,0.5313904883408388
FOXO4,0.2941775398060399,0.5470310036784025,0.5313904883408388
AGPAT1_2,0.2941775398060399,0.5470310036784025,0.5313904883408388
UBE2D4,0.2941775398060399,0.5470310036784025,0.5313904883408388
PRKAR1B,0.2941775398060399,0.5470310036784025,0.5313904883408388
KCTD17,0.2941775398060399,0.5470310036784025,0.5313904883408388
NCL,0.2941775398060399,0.5470310036784025,0.5313904883408388
VAC14,0.2941775398060399,0.5470310036784025,0.5313904883408388
CRABP1,0.2941856491079208,0.6898581187598529,0.5313785167385172
LGR4,0.2945488371036713,0.5282186022070415,0.5308426875450497
ABL1,0.2947166937278315,0.5471361008933263,0.5305952635781579
GML,0.29485417561876215,0.7240147136100894,0.5303927175204084
TNN,0.2951450760482405,0.5658434051497636,0.5299644577855486
POU2F1,0.2952584679113893,0.5468208092485549,0.529797638119347
TCFL5,0.29525883460941194,0.5469259064634787,0.5297970987450491
SART3,0.29525895684196846,0.5469259064634787,0.5297969189539383
CUTA,0.29525895684196846,0.5469259064634787,0.5297969189539383
CUX1,0.29525895684196846,0.5469259064634787,0.5297969189539383
USP9X,0.29525895684196846,0.5469259064634787,0.5297969189539383
CUTA_1,0.29525895684196846,0.5469259064634787,0.5297969189539383
RANBP6,0.29525895684196846,0.5469259064634787,0.5297969189539383
CREB1,0.29525895684196846,0.5469259064634787,0.5297969189539383
HYI,0.29525895684196846,0.5469259064634787,0.5297969189539383
TAF5,0.2957175220819007,0.5448239621650026,0.5291229415610407
CLTCL1,0.29579638400627095,0.5466106148187073,0.5290071393848392
DES,0.2963029324467036,0.6255386232264846,0.5282640503791463
BCL7A,0.2963405881946938,0.5465055176037835,0.5282088614400404
GTF2H3,0.29634254433491003,0.5467157120336311,0.5282059946774986
DCAF11,0.2963430333676006,0.5468208092485549,0.5282052779932837
DCAF11_1,0.2963430333676006,0.5468208092485549,0.5282052779932837
RIOK3,0.2963430333676006,0.5468208092485549,0.5282052779932837
SYT13,0.2963430333676006,0.5468208092485549,0.5282052779932837
PAN3,0.29639485222265893,0.5645822385706778,0.5281293434413854
STK26,0.2968859468433478,0.5467157120336311,0.527410359335021
FKBP14,0.2969328150070596,0.5414608512874409,0.5273418044619624
KCNMB1,0.2969366623618429,0.6442459274829218,0.5273361773502282
SLC24A3,0.2972413849156017,0.5425118234366789,0.5268907238844949
CNOT6,0.29742976993834935,0.5467157120336311,0.526615564822477
TSEN2,0.2979688041170294,0.5373620599054125,0.525829202061405
IL1RN,0.2981181760170092,0.540830267997898,0.5256115445871354
IRS1,0.29841934621389976,0.5457698370993169,0.5251730254299601
ERO1A,0.2984989859067445,0.5457698370993169,0.5250571399646058
CYP51A1,0.2985191670816555,0.5466106148187073,0.5250277788041062
KERA,0.2986335256167335,0.9044666316342617,0.5248614384963178
PTN,0.2994484777994234,0.5498686284813452,0.5236778902437932
S1PR1,0.2994942315781305,0.5616395165528114,0.5236115379421582
MRPS11,0.29961122529691,0.5465055176037835,0.5234419192997436
CALB2,0.29961122529691,0.5465055176037835,0.5234419192997436
CALB2_1,0.29961122529691,0.5465055176037835,0.5234419192997436
PGM3,0.29961122529691,0.5465055176037835,0.5234419192997436
TPP2,0.29961122529691,0.5465055176037835,0.5234419192997436
TTF1,0.29961122529691,0.5465055176037835,0.5234419192997436
THBD,0.29961122529691,0.5465055176037835,0.5234419192997436
CCN1,0.29961122529691,0.5465055176037835,0.5234419192997436
MAP7D3,0.2996718264155396,0.5230688386757751,0.5233540852405875
MOXD1,0.3000881478722762,0.5676300578034682,0.5227511569087553
CCL17,0.30069909351442614,0.5469259064634787,0.5218678811188907
FAM117A,0.3007054556658081,0.5465055176037835,0.5218586924712754
ADO,0.30070594505537773,0.5464004203888597,0.5218579856699432
LAS1L,0.30070594505537773,0.5464004203888597,0.5218579856699432
GTF2H5,0.30070594505537773,0.5464004203888597,0.5218579856699432
TBC1D16,0.30070594505537773,0.5464004203888597,0.5218579856699432
UGCG,0.30070594505537773,0.5464004203888597,0.5218579856699432
HPRT1,0.30070594505537773,0.5464004203888597,0.5218579856699432
ACAT2,0.30070594505537773,0.5464004203888597,0.5218579856699432
TPSG1,0.3008961529617513,0.5427220178665265,0.5215833647961889
RIPK4,0.301776404756424,0.5477666841828692,0.5203147197780574
NPM3,0.3017886424084174,0.5458749343142407,0.5202971086033948
SSBP1,0.30180332680012056,0.5462953231739359,0.5202759772742408
SSBP1_1,0.30180332680012056,0.5462953231739359,0.5202759772742408
MED8,0.30180332680012056,0.5462953231739359,0.5202759772742408
CXCR1,0.30180332680012056,0.5462953231739359,0.5202759772742408
TNFSF15,0.3020146791803672,0.9655281135049921,0.5199719479961545
GDF10,0.3020165385137369,0.9116132422490804,0.5199692742991706
MCF2,0.3020165385137369,0.9116132422490804,0.5199692742991706
CAMK1,0.3021711257718237,0.9818181818181818,0.519747037406254
CACNA1F,0.3021711257718237,0.9818181818181818,0.519747037406254
ERC2-IT1,0.3022293310154164,0.593589069889648,0.5196633901624295
PDPN,0.3024994455648372,0.538728323699422,0.5192754170060658
CDS1,0.3028886844217695,0.5461902259590121,0.5187169511140908
REST,0.3029009232519527,0.5461902259590121,0.5186994029212961
NSMAF,0.3029033709459217,0.5461902259590121,0.518695893471151
WDR13,0.3029033709459217,0.5461902259590121,0.518695893471151
CYB5A,0.30400607787920997,0.5460851287440883,0.5171177336181666
CSTPP1,0.30400607787920997,0.5460851287440883,0.5171177336181666
CRY1,0.30400607787920997,0.5460851287440883,0.5171177336181666
TSPO,0.30400607787920997,0.5460851287440882,0.5171177336181666
LSG1,0.30400607787920997,0.5460851287440883,0.5171177336181666
DUSP26,0.3042857461611833,0.8415133998949028,0.5167183910809758
PTPN13,0.3045583075958308,0.5460851287440882,0.5163295495238508
RELB,0.3045798123046356,0.9654230162900683,0.516298885291659
DNM3,0.30483461827318736,0.8749343142406726,0.5159357142638848
DYRK2,0.3051109582947168,0.5459800315291645,0.5155421940571613
PCMTD2,0.30511144795798495,0.5459800315291645,0.5155414970717568
PCMTD2_1,0.30511144795798495,0.5459800315291645,0.5155414970717568
SPTBN4,0.30511144795798495,0.5459800315291645,0.5155414970717568
SLC29A3,0.30511144795798495,0.5459800315291645,0.5155414970717568
UNC5B,0.30511144795798495,0.5459800315291645,0.5155414970717568
NINJ1,0.30511144795798495,0.5459800315291645,0.5155414970717568
CSRP1,0.30511144795798495,0.5459800315291645,0.5155414970717568
PITX1-AS1,0.30511144795798495,0.5459800315291645,0.5155414970717568
EIF5B,0.30511144795798495,0.5459800315291645,0.5155414970717568
CYP3A5,0.3056706274403097,0.8632685233841303,0.5147462915763829
KYNU,0.30621703290909674,0.5458749343142406,0.5139706559215746
NEDD9,0.30621935908218445,0.5458749343142406,0.5139673568226015
HGSNAT,0.3062194815117417,0.5458749343142407,0.513967183187366
ERBB2,0.3062194815117417,0.5458749343142407,0.513967183187366
MACIR,0.3062194815117417,0.5458749343142407,0.513967183187366
NDUFB4,0.3062194815117417,0.5458749343142406,0.513967183187366
NMT1,0.3062194815117417,0.5458749343142407,0.513967183187366
MAN2C1,0.3072614793066172,0.5434576983709931,0.5124918828714795
FASTKD1,0.30733017884139735,0.5457698370993169,0.5123947913194121
RB1CC1,0.30733017884139735,0.5457698370993169,0.5123947913194121
SHOC2,0.30733017884139735,0.5457698370993169,0.5123947913194121
CLK1,0.30733017884139735,0.5457698370993169,0.5123947913194121
SIDT1,0.3074083556081111,0.5387283236994219,0.5122843322000395
RGS17,0.30761153758886794,0.896269048870205,0.5119973794778554
C14orf132,0.3077665421568677,0.5173935890698896,0.5117785948568511
PLXNB1,0.3083188836769001,0.6552811350499212,0.5109998751258303
ROR1,0.3083426104300202,0.9157120336311088,0.5109664551764509
PI4K2A,0.3084435402192174,0.545664739884393,0.5108243208212839
DCLRE1A,0.3084435402192174,0.545664739884393,0.5108243208212839
CLPTM1,0.3084435402192174,0.545664739884393,0.5108243208212839
ETF1,0.3084435402192174,0.545664739884393,0.5108243208212839
CD3G,0.30902931129174627,0.7367314766158697,0.510000325984424
MFAP4,0.3091116782022123,0.5524960588544403,0.5098845870331928
SETD1A,0.3093308512497652,0.5182343667892801,0.5095767632837379
AOX1,0.3095245389464959,0.5445086705202312,0.5093049146354695
MORC4,0.3095527078592687,0.5460851287440882,0.5092653925776003
CMTM6,0.3095595658887408,0.5455596426694692,0.5092557710453424
MPC2,0.3095595658887408,0.5455596426694692,0.5092557710453424
NOLC1,0.3095595658887408,0.5455596426694693,0.5092557710453424
PHB1,0.3095595658887408,0.5455596426694692,0.5092557710453424
CALHM2,0.3095595658887408,0.5455596426694692,0.5092557710453424
UBE2B,0.3095595658887408,0.5455596426694692,0.5092557710453424
IRF3,0.3095595658887408,0.5455596426694693,0.5092557710453424
PMFBP1,0.30975334809785016,0.9652128218602207,0.5089839906740531
SLC28A3,0.3100940475494527,0.5912769311613242,0.508506570238771
H2AC17,0.3106336723343919,0.5438780872306884,0.507751469031176
PSMC2,0.31067825606470933,0.5454545454545454,0.5076891413429159
EMD,0.31067825606470933,0.5454545454545454,0.5076891413429159
ATRAID,0.31067825606470933,0.5454545454545454,0.5076891413429159
TTC3,0.31067825606470933,0.5454545454545454,0.5076891413429159
S100A6,0.31067825606470933,0.5454545454545454,0.5076891413429159
LRRC8B,0.31119136094961297,0.5557540725170783,0.506972468057638
KLKB1,0.3113725229439832,0.7310562270099843,0.506719714376476
TAS2R1,0.311407353445009,0.5309511297950604,0.5066711363957586
DNAH7,0.3114723538753633,0.6588544403573305,0.5065804950472127
LANCL2,0.3115105367058669,0.5395691014188124,0.5065272589379627
SEC61B,0.3117996109329937,0.5453494482396216,0.5061244310643014
OSTM1,0.3117996109329937,0.5453494482396216,0.5061244310643014
MOCS2,0.3117996109329937,0.5453494482396216,0.5061244310643014
ZFAND1,0.3117996109329937,0.5453494482396216,0.5061244310643014
RSRC2,0.3117996109329937,0.5453494482396216,0.5061244310643014
RPS20,0.3117996109329937,0.5453494482396217,0.5061244310643014
SUGP1,0.3117996109329937,0.5453494482396216,0.5061244310643014
PPM1A,0.3117996109329937,0.5453494482396216,0.5061244310643014
DARS1,0.3117996109329937,0.5453494482396217,0.5061244310643014
LIMS2,0.31229133970661205,0.5407251707829743,0.5054400592209067
AKAP10,0.3123410773170475,0.5448239621650026,0.5053708960804353
CA9,0.31264279006735207,0.724224908039937,0.5049515822402092
THRAP3,0.31277698743043825,0.813452443510247,0.5047652076570391
ONECUT2,0.3128012431136712,0.6961639516552811,0.504731529664827
P2RY10,0.3128910479542877,0.9485023646873358,0.5046068621643559
RPN1,0.3129236306505221,0.5452443510246978,0.5045616395587613
DHRS1,0.3129236306505221,0.5452443510246978,0.5045616395587613
STK38L,0.3129236306505221,0.5452443510246978,0.5045616395587613
DHRS1_1,0.3129236306505221,0.5452443510246978,0.5045616395587613
SERINC3,0.3129236306505221,0.5452443510246978,0.5045616395587613
PRMT5,0.3129236306505221,0.5452443510246978,0.5045616395587613
PIN4,0.3129236306505221,0.5452443510246978,0.5045616395587613
SNF8,0.3129236306505221,0.5452443510246978,0.5045616395587613
FAM168A,0.3129236306505221,0.5452443510246978,0.5045616395587613
BABAM1,0.3129236306505221,0.5452443510246978,0.5045616395587613
RHOB,0.3129236306505221,0.5452443510246978,0.5045616395587613
STRA6,0.3132677708384395,0.5742511823436679,0.5040842832766231
STRA6_1,0.3132677708384395,0.5742511823436679,0.5040842832766231
SNHG20,0.31340741720371035,0.9318970047293746,0.5038907295887922
UBXN6,0.3139315943093588,0.5468208092485549,0.5031649743804504
ANKRD11,0.31395034358237195,0.5488176563321072,0.5031390373202475
INPP5A,0.3140501928558964,0.545139253809774,0.5030009355628029
LHX3,0.3140503153452092,0.545139253809774,0.503000766174522
LHPP,0.3140503153452092,0.545139253809774,0.503000766174522
PAK4,0.3140503153452092,0.545139253809774,0.503000766174522
DENND2D,0.3140503153452092,0.545139253809774,0.503000766174522
LRP6_1,0.3140503153452092,0.545139253809774,0.503000766174522
HIF1A,0.3140503153452092,0.545139253809774,0.503000766174522
LRP6,0.3140503153452092,0.545139253809774,0.503000766174522
RNF114,0.3140503153452092,0.545139253809774,0.503000766174522
PRSS1,0.31481071304828245,0.8852338413032055,0.5019504969654891
PRSS1_1,0.31481071304828245,0.8852338413032055,0.5019504969654891
B3GAT1,0.3148455252289435,0.7823436678928009,0.5019024747684221
EXOC5,0.3149326248864015,0.9281135049921178,0.5017823470668055
IKZF5,0.31517721525384346,0.5448239621650026,0.5014451860022575
PCOLCE,0.315179665115884,0.5450341565948502,0.5014418102587739
MRFAP1L1,0.315179665115884,0.5450341565948502,0.5014418102587739
PSMB6,0.315179665115884,0.5450341565948502,0.5014418102587739
ACP6,0.315179665115884,0.5450341565948502,0.5014418102587739
ATN1,0.315179665115884,0.5450341565948502,0.5014418102587739
H2BC21,0.315179665115884,0.5450341565948502,0.5014418102587739
RWDD2B,0.315179665115884,0.5450341565948502,0.5014418102587739
SENP6,0.315179665115884,0.5450341565948502,0.5014418102587739
RWDD2B_1,0.315179665115884,0.5450341565948502,0.5014418102587739
RAB11FIP5,0.315179665115884,0.5450341565948502,0.5014418102587739
CLDN16,0.3154178090264168,0.9121387283236995,0.5011137893091161
PPP1R2,0.31574521693401747,0.5450341565948502,0.500663219632161
CYP2A13,0.31614870780388005,0.5482921702574881,0.5001085889410407
DECR1,0.31631168003222054,0.5449290593799264,0.49988477115766794
SPINT2,0.31631168003222054,0.5449290593799264,0.49988477115766794
SNX5,0.31631168003222054,0.5449290593799264,0.49988477115766794
HEATR1,0.31631168003222054,0.5449290593799264,0.49988477115766794
RRM1,0.31631168003222054,0.5449290593799264,0.49988477115766794
SCAI,0.31649990031977904,0.5927482921702575,0.4996264224256995
PEX14,0.31687856443899565,0.5448239621650026,0.49910713809188156
BLM,0.31717336513616956,0.5336836573830793,0.49870329001793806
CCL18_2,0.3174443003804117,0.6187073042564373,0.4983324661500568
CCL18,0.3174443003804117,0.6187073042564373,0.4983324661500568
CCL18_1,0.3174443003804117,0.6187073042564373,0.4983324661500568
TM2D1,0.3174463601346672,0.5448239621650026,0.4983296482163152
LAPTM5,0.3174463601346672,0.5448239621650026,0.4983296482163152
BLTP1,0.3174463601346672,0.5448239621650026,0.4983296482163152
CEP170B,0.3174463601346672,0.5448239621650026,0.4983296482163152
ENC1,0.3174463601346672,0.5448239621650026,0.4983296482163152
ABHD3,0.3174463601346672,0.5448239621650026,0.4983296482163152
CCDC22,0.31746489596933025,0.7874934314240672,0.49830429030798856
IQCC,0.3185837054343771,0.5447188649500788,0.4967764407787857
GYPC,0.3185837054343771,0.5447188649500788,0.4967764407787857
GTF3C2,0.3185837054343771,0.5447188649500788,0.4967764407787857
KIFBP,0.3185837054343771,0.5447188649500788,0.4967764407787857
SLC25A6,0.3185837054343771,0.5447188649500788,0.4967764407787857
SLC25A6_1,0.3185837054343771,0.5447188649500788,0.4967764407787857
ATP5F1D,0.3185837054343771,0.5447188649500788,0.4967764407787857
ECHDC2,0.31972371591313953,0.544613767735155,0.4952251481881055
SPTAN1,0.31972371591313953,0.544613767735155,0.4952251481881055
TRIB1,0.31972371591313953,0.544613767735155,0.4952251481881055
ATP5F1A,0.31972371591313953,0.544613767735155,0.4952251481881055
MTIF2,0.31972371591313953,0.544613767735155,0.4952251481881055
GABARAP,0.31972371591313953,0.544613767735155,0.4952251481881055
CLDN1,0.3197878255056088,0.6207041513399895,0.4951380740994097
TACR1,0.3202735726011854,0.9647924330005255,0.4944788957007967
RNF2,0.32060148557200674,0.5292695743562795,0.49403446958564745
GJC2,0.3208394425889183,0.543562795585917,0.4937122468537371
PLXNA3,0.32086590156967,0.5445086705202312,0.4936764329417965
UFC1,0.32086639152331087,0.5445086705202312,0.49367576978625666
PNN,0.32086639152331087,0.5445086705202312,0.49367576978625666
CACNB2,0.32088605767630496,0.9123489227535471,0.4936491523522634
IBSP,0.3212217079102009,0.5414608512874409,0.4931951131223387
HYAL4,0.3217617847612517,0.7200210194429848,0.49246553777849494
ABCA6,0.32178242292051673,0.5394640042038886,0.4924376825400155
TRPM2,0.32196714408942306,0.5450341565948502,0.4921884446665948
DPH2,0.3220117321877467,0.5444035733053074,0.4921283049141749
MXD4,0.3220117321877467,0.5444035733053074,0.4921283049141749
LINC02585,0.3228579052441757,0.6260641093011035,0.49098857533560214
HEYL,0.32293970789605997,0.9646873357856017,0.49087855188619467
GPATCH1,0.323159247890774,0.5441933788754598,0.4905834113010663
HMGXB4,0.32315973779973384,0.5442984760903836,0.49058275291174896
NUCKS1,0.32315973779973384,0.5442984760903836,0.49058275291174896
PPDPF,0.32315973779973384,0.5442984760903836,0.49058275291174896
WDR70,0.32315973779973384,0.5442984760903836,0.49058275291174896
EIF6,0.32315973779973384,0.5442984760903836,0.49058275291174896
LUM,0.32315973779973384,0.5442984760903836,0.49058275291174896
ARL3,0.32315973779973384,0.5442984760903836,0.49058275291174896
EIF2S2,0.32315973779973384,0.5442984760903836,0.49058275291174896
PEX26,0.32315973779973384,0.5442984760903836,0.49058275291174896
ADCY6,0.32315973779973384,0.5442984760903836,0.49058275291174896
TAPBPL,0.32333619774470324,0.5673147661586968,0.49034567305380444
HEPH,0.32396431530094816,0.5667892800840777,0.4895028247359497
MBTPS2,0.3242999764652893,0.6950078822911192,0.4890530828441267
ATP6V1B2,0.32431040822292434,0.5441933788754598,0.48903911311781706
ANKRD10,0.32431040822292434,0.5441933788754598,0.48903911311781706
SMURF2,0.32431040822292434,0.5441933788754598,0.48903911311781706
NPRL3,0.32431040822292434,0.5441933788754598,0.48903911311781706
DDX60,0.32431040822292434,0.5441933788754598,0.48903911311781706
SGSM3,0.32431040822292434,0.5441933788754598,0.48903911311781706
GPR3,0.32431040822292434,0.5441933788754598,0.48903911311781706
CCDC121,0.32431040822292434,0.5441933788754598,0.48903911311781706
DNAJA1,0.32431040822292434,0.5441933788754598,0.48903911311781706
GLRB,0.3251348701023907,0.6636889122438255,0.4879364507408907
RTL8A,0.32546325344883065,0.544088281660536,0.48749803850987977
NENF,0.32546374329126737,0.544088281660536,0.48749738487016797
TRAFD1,0.32546374329126737,0.544088281660536,0.48749738487016797
NOTCH1,0.32546374329126737,0.544088281660536,0.48749738487016797
DKC1,0.32546374329126737,0.544088281660536,0.48749738487016797
SRSF11,0.32546374329126737,0.544088281660536,0.48749738487016797
EXOC7,0.32546374329126737,0.544088281660536,0.48749738487016797
MPDZ,0.32546374329126737,0.544088281660536,0.48749738487016797
SUZ12,0.32546374329126737,0.544088281660536,0.48749738487016797
PAPOLG,0.3256580193094155,0.7460851287440883,0.48723822288235585
CABYR,0.3262203470425544,0.6142932212296375,0.48648895459948344
GP6_2,0.3266197428089439,0.5439831844456122,0.4859575675055381
PCNA,0.3266197428089439,0.5439831844456122,0.4859575675055381
GOLPH3,0.3266197428089439,0.5439831844456122,0.4859575675055381
GMIP,0.3266197428089439,0.5439831844456122,0.4859575675055381
CSTF3,0.3266197428089439,0.5439831844456122,0.4859575675055381
TMEM184B,0.3266197428089439,0.5439831844456122,0.4859575675055381
GP6_6,0.3266197428089439,0.5439831844456122,0.4859575675055381
EPCAM,0.3266197428089439,0.5439831844456122,0.4859575675055381
PECAM1,0.3266197428089439,0.5439831844456122,0.4859575675055381
GP6_1,0.3266197428089439,0.5439831844456122,0.4859575675055381
GP6,0.3266197428089439,0.5439831844456122,0.4859575675055381
GP6_5,0.3266197428089439,0.5439831844456122,0.4859575675055381
GP6_4,0.3266197428089439,0.5439831844456122,0.4859575675055381
GP6_3,0.3266197428089439,0.5439831844456122,0.4859575675055381
TMEM183A,0.3266197428089439,0.5439831844456122,0.4859575675055381
GP6_8,0.3266197428089439,0.5439831844456122,0.4859575675055381
GP6_9,0.3266197428089439,0.5439831844456122,0.4859575675055381
GP6_7,0.3266197428089439,0.5439831844456122,0.4859575675055381
IDS,0.3266197428089439,0.5439831844456122,0.4859575675055381
TTC23,0.3269780960349481,0.8169206516027325,0.48548133935736737
NUDT21,0.3276784757654755,0.5430373095112979,0.48455208520685533
KIFC1,0.3277784065503012,0.5438780872306884,0.48441966035960987
DHX32,0.3277784065503012,0.5438780872306884,0.48441966035960987
KIFC1_2,0.3277784065503012,0.5438780872306884,0.48441966035960987
OSBPL9,0.3277784065503012,0.5438780872306884,0.48441966035960987
IMP3,0.3277784065503012,0.5438780872306883,0.48441966035960987
FIS1,0.3277784065503012,0.5438780872306884,0.48441966035960987
RPL5,0.3277784065503012,0.5438780872306883,0.48441966035960987
KIFC1_3,0.3277784065503012,0.5438780872306884,0.48441966035960987
FBXL2,0.3277784065503012,0.5438780872306884,0.48441966035960987
KIFC1_1,0.3277784065503012,0.5438780872306884,0.48441966035960987
PTBP3,0.3278952689481287,0.8249080399369417,0.4842648495232062
ZBTB38,0.32835751310321903,0.5439831844456122,0.4836530422302298
GNRH2,0.32851672426212275,0.6431949553336836,0.48344251630246426
LMNB1,0.3288840242067542,0.5425118234366789,0.48295722219190323
ITGB1BP1,0.3289397342597874,0.5437729900157646,0.4828836627670108
KRCC1,0.3289397342597874,0.5437729900157646,0.4828836627670108
API5,0.3289397342597874,0.5437729900157646,0.4828836627670108
BRD3,0.3289397342597874,0.5437729900157646,0.4828836627670108
FOXD1,0.3289685917114751,0.886600105097215,0.4828455643525568
CCDC28B,0.32901388921065333,0.744088281660536,0.4827857680675839
ACTR3B,0.32912016123458865,0.5844456121912769,0.4826455128902512
EPS15L1,0.32948638282183407,0.5431424067262217,0.48216252943883464
LINC01711,0.32957741984296973,1.0,0.48204255053536665
FGF18,0.32957741984296973,1.0,0.48204255053536665
KLRC3,0.32957741984296973,1.0,0.48204255053536665
FSHR,0.32957741984296973,1.0,0.48204255053536665
ERICH1,0.32957741984296973,1.0,0.48204255053536665
ERICH1_1,0.32957741984296973,1.0,0.48204255053536665
TBX6,0.32957741984296973,1.0,0.48204255053536665
PYGO1,0.32957741984296973,1.0,0.48204255053536665
KCNN3,0.32957741984296973,1.0,0.48204255053536665
STAR,0.32957741984296973,1.0,0.48204255053536665
ISL1,0.32957741984296973,1.0,0.48204255053536665
CLK3,0.32957741984296973,1.0,0.48204255053536665
SULT1E1,0.32957741984296973,1.0,0.48204255053536665
MIP,0.32957741984296973,1.0,0.48204255053536665
LRFN3,0.32957741984296973,1.0,0.48204255053536665
XRCC3,0.32957741984296973,1.0,0.48204255053536665
GLUD2,0.32957741984296973,1.0,0.48204255053536665
GLUD2_1,0.32957741984296973,1.0,0.48204255053536665
POU3F2,0.32957741984296973,1.0,0.48204255053536665
PPARA,0.32957741984296973,1.0,0.48204255053536665
ZBTB33,0.32957741984296973,1.0,0.48204255053536665
CADPS,0.32957741984296973,1.0,0.48204255053536665
BEGAIN,0.32957741984296973,1.0,0.48204255053536665
PROC,0.32957741984296973,1.0,0.48204255053536665
KRT33B_1,0.32957741984296973,1.0,0.48204255053536665
KRT33B_2,0.32957741984296973,1.0,0.48204255053536665
HEXA-AS1,0.32957741984296973,1.0,0.48204255053536665
KRT33B,0.32957741984296973,1.0,0.48204255053536665
AHSG,0.32957741984296973,1.0,0.48204255053536665
NPY2R,0.32957741984296973,1.0,0.48204255053536665
CCDC177,0.32957741984296973,1.0,0.48204255053536665
SLCO5A1,0.32957741984296973,1.0,0.48204255053536665
RBMS3,0.32957741984296973,1.0,0.48204255053536665
NCS1,0.32957741984296973,1.0,0.48204255053536665
MYLK3,0.32957741984296973,1.0,0.48204255053536665
PPP1R17,0.32957741984296973,1.0,0.48204255053536665
SV2C,0.32957741984296973,1.0,0.48204255053536665
SP1,0.32957741984296973,1.0,0.48204255053536665
HAO1,0.32957741984296973,1.0,0.48204255053536665
NDST4,0.32957741984296973,1.0,0.48204255053536665
NCAM1,0.32957741984296973,1.0,0.48204255053536665
ASTN1,0.32957741984296973,1.0,0.48204255053536665
H4C6,0.32957741984296973,1.0,0.48204255053536665
NKX2-1,0.32957741984296973,1.0,0.48204255053536665
SLC22A3,0.32957741984296973,1.0,0.48204255053536665
CAMKV,0.32957741984296973,1.0,0.48204255053536665
MYL6,0.33010360324111276,0.5436678928008408,0.4813497351086719
SAT1,0.33010372565188706,0.5436678928008407,0.48134957406131157
RALY,0.33010372565188706,0.5436678928008408,0.48134957406131157
STYXL1,0.33010372565188706,0.5436678928008408,0.48134957406131157
ARHGEF7,0.33010372565188706,0.5436678928008408,0.48134957406131157
PREB,0.33010372565188706,0.5436678928008408,0.48134957406131157
KCNA2,0.3308329938969157,0.814503415659485,0.4803911848727378
TRPV4,0.3308888785181492,0.7662637940094588,0.48031782963485187
HEMK1,0.3312691564593019,0.543562795585917,0.47981899817509394
UBL4A,0.3312703804110567,0.543562795585917,0.47981739357502506
RABGAP1,0.3312703804110567,0.543562795585917,0.47981739357502506
DCAF8,0.3312703804110567,0.543562795585917,0.47981739357502506
IFT22,0.3312703804110567,0.543562795585917,0.47981739357502506
ERG28,0.3312703804110567,0.543562795585917,0.47981739357502506
SPARCL1,0.3312703804110567,0.543562795585917,0.47981739357502506
ANP32E,0.3312703804110567,0.543562795585917,0.47981739357502506
CNPY3,0.3312703804110567,0.543562795585917,0.47981739357502506
MCAT,0.3316378600977986,0.5490278507619548,0.4793358958148261
ACSM5,0.33166273185954664,0.8038885969521807,0.47930332636134326
MOCOS,0.33237610387870875,0.5243300052548607,0.4783702072906562
CPZ,0.3324195050211033,0.5447188649500788,0.47831350151094076
PON2,0.3324396981916622,0.5434576983709931,0.4782871206396039
CTNNA1,0.3324396981916622,0.5434576983709931,0.4782871206396039
NDUFV1,0.3324396981916622,0.5434576983709931,0.4782871206396039
POLR2F,0.3324396981916622,0.5434576983709931,0.4782871206396039
IL10RB,0.3335847581063478,0.5449290593799264,0.47679380102449803
TFIP11,0.3336092314266119,0.5431424067262217,0.47676194034194974
FXYD6,0.33361118918170096,0.5434576983709931,0.4767593917322075
TCF3,0.33361167861791463,0.5433526011560694,0.4767587545854396
UBL3,0.33361167861791463,0.5433526011560693,0.4767587545854396
RAD23A,0.33361167861791463,0.5433526011560694,0.4767587545854396
ATP6V1E1,0.33361167861791463,0.5433526011560693,0.4767587545854396
WNT11,0.33397000158896284,0.6049395691014188,0.4762925413605303
SYNC,0.33465996158807154,0.5663688912243825,0.4753962431292053
AP1S2,0.33478632128380836,0.5432475039411455,0.4752322947418612
MOSPD1,0.33478632128380836,0.5432475039411455,0.4752322947418612
FIBP,0.33478632128380836,0.5432475039411455,0.4752322947418612
AUNIP,0.33503815449636587,0.5886495007882291,0.4749057322357672
PFAS,0.3359635034355992,0.5431424067262217,0.47370789855486795
PBRM1,0.33596362575305894,0.5431424067262218,0.47370774043713315
RFC4,0.33596362575305894,0.5431424067262217,0.47370774043713315
IFT88,0.33596362575305894,0.5431424067262217,0.47370774043713315
DIP2C,0.33596362575305894,0.5431424067262217,0.47370774043713315
GSTM4,0.33637815691572337,0.9474513925380977,0.4731722133466732
NTRK3,0.3366465446281137,0.5511297950604309,0.47282583881268364
ALOX15,0.33671123202707975,0.9288491854965844,0.4727423961571444
CCDC7,0.33690121077416735,0.632264844981608,0.4724974282245942
MED21,0.33714236860998403,0.5430373095112979,0.4721866663538931
CDC5L,0.3371435915590413,0.5430373095112979,0.4721850909984547
INPP5K,0.3371435915590413,0.5430373095112979,0.4721850909984547
ZBED5,0.3371435915590413,0.5430373095112979,0.4721850909984547
ERF,0.3383060427208693,0.5437729900157646,0.4706902449052158
PIGA,0.33832572912285197,0.5428271150814503,0.47066497356530007
GAB2,0.3383262182047295,0.5429322122963742,0.47066434575195687
WDR1,0.3383262182047295,0.5429322122963742,0.47066434575195687
ST3GAL2,0.3389899483927695,0.506988964792433,0.46981317914875803
NHLH1,0.3394430380032464,0.5420914345769837,0.46923309430371474
ARMCX5,0.33951138291790917,0.5428271150814503,0.46914566039507566
IQGAP1,0.3395115051626355,0.5428271150814503,0.4691455040227029
TOMM20,0.3395115051626355,0.5428271150814503,0.4691455040227029
ZMYND11,0.3395115051626355,0.5428271150814503,0.4691455040227029
USO1,0.3395115051626355,0.5428271150814503,0.4691455040227029
ABCC10,0.3395115051626355,0.5428271150814503,0.4691455040227029
UGT2B15_1,0.3400198569337364,0.6146085128744088,0.46849571970794046
UGT2B15,0.3400198569337364,0.6146085128744088,0.46849571970794046
RUBCNL,0.3403484634212143,0.5978980557015239,0.46807620577392384
GDNF,0.3405823505649893,0.9826589595375722,0.4677778615138672
IL21,0.3406779781196704,0.8766158696794535,0.4676559389012036
UBE2G1,0.3406994518747499,0.5427220178665265,0.4676285651346849
FBXL7,0.3406994518747499,0.5427220178665265,0.4676285651346849
LGMN,0.3406994518747499,0.5427220178665265,0.4676285651346849
MMUT,0.3406994518747499,0.5427220178665265,0.4676285651346849
SMG5,0.3406994518747499,0.5427220178665265,0.4676285651346849
PELP1,0.3414038503537755,0.5013137151865475,0.46673158521903396
PGM5,0.34186317456305193,0.544088281660536,0.4661476788039181
ZFHX4,0.34188321505660735,0.5426169206516027,0.46612222060508773
NDUFS3,0.34189005775248216,0.5426169206516027,0.4661135284108238
ISOC2,0.34189005775248216,0.5426169206516027,0.4661135284108238
PPM1G,0.34189005775248216,0.5426169206516027,0.4661135284108238
PRPH,0.34189005775248216,0.5426169206516027,0.4661135284108238
SLC35B1,0.34189005775248216,0.5426169206516027,0.4661135284108238
TCEAL2,0.341940152216622,0.9661586967945349,0.46604989931380064
TCEAL2_1,0.341940152216622,0.9661586967945349,0.46604989931380064
RECQL5,0.34242917407645446,0.5180241723594324,0.46542924165647337
MAPK11,0.3424622025298155,0.6854440357330531,0.46538735450314783
PLP1,0.34250646251203964,0.8071466106148187,0.46533122969903096
TRANK1,0.3426912718231039,0.6067262217551235,0.46509695669454215
KCNAB2,0.3430277329642012,0.5412506568575933,0.46467076687725556
CBLB,0.3430564455558487,0.5437729900157646,0.46463441646862835
EPHB3,0.3430790465609237,0.5429322122963742,0.4646058055254375
NPEPPS,0.3430833221766022,0.5425118234366789,0.4646003931729666
CHIC2,0.3430833221766022,0.5425118234366789,0.4646003931729666
PTPN6,0.3430833221766022,0.5425118234366789,0.4646003931729666
FXR2,0.3430833221766022,0.5425118234366789,0.4646003931729666
SFN,0.3430833221766022,0.5425118234366789,0.4646003931729666
GTF2F2,0.3430833221766022,0.5425118234366789,0.4646003931729666
MTFR1,0.3430833221766022,0.5425118234366789,0.4646003931729666
LAPTM4A,0.3430833221766022,0.5425118234366789,0.4646003931729666
SNU13,0.3430833221766022,0.5425118234366789,0.4646003931729666
CYBRD1,0.3433998481863382,0.5474513925380977,0.4641999011723364
ARHGEF26_1,0.34363995718543205,0.9471361008933263,0.4638963437458469
ARHGEF26,0.34363995718543205,0.9471361008933263,0.4638963437458469
SYCP2,0.34369772069092863,0.5052023121387283,0.46382334797518254
CYP1A2,0.3438604387477834,0.6294272201786653,0.4636177870214007
FAM83E,0.344120699437964,0.8946925906463479,0.46328920305093996
LETMD1,0.34427924449718195,0.5424067262217551,0.46308915874188555
MYH10,0.34427924449718195,0.5424067262217551,0.46308915874188555
SEC23A,0.34427924449718195,0.5424067262217551,0.46308915874188555
MARF1_1,0.34427924449718195,0.5424067262217551,0.46308915874188555
DGCR8,0.34427924449718195,0.5424067262217551,0.46308915874188555
MARF1,0.34427924449718195,0.5424067262217551,0.46308915874188555
KLC2,0.3446705329380413,0.8797687861271677,0.46259584432468065
HEY2,0.3447460361680108,0.5362059905412506,0.4625007185683756
DIS3,0.34487629066079006,0.512348922753547,0.4623366612113873
KIF2C,0.3449084852457377,0.509090909090909,0.46229612123112546
RECK,0.345056731090596,0.5289542827115081,0.4621094963061194
OR7A5,0.34512758608053296,0.5579611140304782,0.4620203261221918
CCDC70,0.345477335651713,0.5423016290068313,0.46158043837445745
RPN2,0.3454778240335372,0.5423016290068313,0.4615798244372769
WFS1,0.3454778240335372,0.5423016290068313,0.4615798244372769
ANXA1,0.3454778240335372,0.5423016290068313,0.4615798244372769
RPN2_1,0.3454778240335372,0.5423016290068313,0.4615798244372769
TACSTD2,0.3454778240335372,0.5423016290068313,0.4615798244372769
GATA2,0.3460678552169808,0.5418812401471361,0.4608387386146383
PAPPA2,0.34625471202426783,0.9132947976878613,0.46060430776947703
UCN,0.34633456220895475,0.9291644771413557,0.4605041661818657
CAV2,0.346676618836985,0.5424067262217551,0.4600754477941152
RLF,0.3466790600741714,0.5421965317919075,0.46007238957775864
METTL5,0.3466790600741714,0.5421965317919075,0.46007238957775864
DAG1,0.3466790600741714,0.5421965317919075,0.46007238957775864
EBAG9,0.3466790600741714,0.5421965317919075,0.46007238957775864
METTL13,0.3466790600741714,0.5421965317919075,0.46007238957775864
UROS,0.3466790600741714,0.5421965317919075,0.46007238957775864
TFAP2B,0.34673403904105704,0.625328428796637,0.4600035213604732
CDC25A,0.3469368325572981,0.517813977929585,0.4597495908260241
PIR,0.34707995451628937,0.5115081450341566,0.45957046813312125
BNC1,0.34767806645433386,0.9824487651077246,0.45882270626327776
TUBGCP3,0.3477073635150246,0.5244351024697845,0.45878611201999003
TUBGCP3_1,0.3477073635150246,0.5244351024697845,0.45878611201999003
FGG,0.34779626782067785,0.8624277456647399,0.45867508269438095
DSCR4,0.34779626782067785,0.9302154492905939,0.45867508269438095
DHCR7,0.34784804985973516,0.5410404624277456,0.4586104270843393
GCDH,0.3478786809383545,0.5425118234366789,0.45857218532119054
JRKL,0.3478828298510205,0.5420914345769837,0.45856700581686666
UFSP2,0.34788295187671825,0.5420914345769837,0.4585668534808692
C1orf50,0.34788295187671825,0.5420914345769837,0.4585668534808692
NOL9,0.34788295187671825,0.5420914345769837,0.4585668534808692
CALCOCO2,0.34788295187671825,0.5420914345769837,0.4585668534808692
SNCAIP,0.34788295187671825,0.5420914345769837,0.4585668534808692
RAB27A,0.34788295187671825,0.5420914345769837,0.4585668534808692
IL1RAP,0.34857869610626036,0.7517603783499738,0.457699158953559
STAG2,0.34908949866788597,0.5419863373620599,0.4570632154630663
UBE2L3,0.34908949866788597,0.5419863373620599,0.4570632154630663
VDR,0.34908949866788597,0.5419863373620599,0.4570632154630663
TMEM243,0.34908949866788597,0.5419863373620599,0.4570632154630663
GAD1,0.34958088589011316,0.9292695743562795,0.4564523214020172
IL18R1,0.3497170730825542,0.9491329479768786,0.45628316504692745
PGAM2,0.3498067037104635,0.945664739884393,0.45617187193977377
BPIFA1,0.35002319690166794,0.831739358906989,0.4559031729281234
RFX7,0.3500445267842047,0.8770362585391487,0.4558767084876848
HSD17B11,0.3502985776930596,0.5418812401471361,0.4555616260317504
POLR1G,0.3502986996434013,0.5418812401471361,0.45556147483972553
UCK2,0.3502986996434013,0.5418812401471361,0.45556147483972553
C1QBP,0.3502986996434013,0.5418812401471361,0.45556147483972553
DPM1,0.3502986996434013,0.5418812401471361,0.45556147483972553
PID1,0.35056221854960645,0.7246452968996322,0.4552348913214715
KCNJ8,0.35074206936359253,0.5391487125591172,0.4550121400303744
RCOR3,0.3508940527900418,0.5410404624277456,0.4548239924638625
OBP2A,0.3512609280461191,0.9823436678928008,0.4543701555813813
IRF5,0.35126367230737265,0.5395691014188124,0.45436676262540865
MEF2C,0.3513715332474193,0.5464004203888597,0.45423342626232066
POGK,0.35150933485977953,0.5419863373620599,0.4540631371469736
HMOX2,0.35151055396795616,0.5417761429322123,0.4540616309251373
QSOX1,0.35151055396795616,0.5417761429322123,0.4540616309251373
H2BC12,0.35151055396795616,0.5417761429322123,0.4540616309251373
IL17RA,0.35151055396795616,0.5417761429322123,0.4540616309251373
ZZZ3,0.35151055396795616,0.5417761429322123,0.4540616309251373
HMOX2_1,0.35151055396795616,0.5417761429322123,0.4540616309251373
RBBP6,0.35151055396795616,0.5417761429322123,0.4540616309251373
KLRB1,0.3516585108672753,0.6476090383604834,0.4538788672937561
ITIH2,0.35249874412026605,0.8992117708880715,0.4528424259707669
LRRC31,0.3526428989391811,0.6770362585391487,0.4526648569847824
IVL,0.35268069600657104,0.5437729900157646,0.45261831080957177
FAM135A,0.35269824794808313,0.5431424067262218,0.4525966977137676
ILK,0.35272506077515065,0.5416710457172884,0.4525636830325081
ZNF189,0.35272506077515065,0.5416710457172885,0.4525636830325081
AP1M2,0.35272506077515065,0.5416710457172885,0.4525636830325081
ZNF76,0.35272506077515065,0.5416710457172885,0.4525636830325081
PALB2,0.35272506077515065,0.5416710457172885,0.4525636830325081
UCHL1,0.35276232102984095,0.567209668943773,0.4525178085819121
BMP15,0.3531711922846811,0.5464004203888597,0.4520147284864273
SEMA3C,0.35394209734085724,0.5415659485023647,0.45106777995774094
ZNF783,0.35394221916744173,0.5415659485023647,0.4510676304739562
ARF1,0.35394221916744173,0.5415659485023647,0.4510676304739562
DNAJC3,0.3542292664508515,0.5120336311087756,0.4507155602181237
TADA2A_1,0.3544159962118443,0.5781397792958487,0.4504866848951491
TADA2A,0.3544159962118443,0.5781397792958487,0.4504866848951491
EMCN,0.354785856976614,0.948922753547031,0.450033701014601
SYNPO2L,0.35486709739249356,0.982238570677877,0.4499342657504739
ABCC6,0.35486709739249356,0.982238570677877,0.4499342657504739
ETNPPL,0.35486709739249356,0.982238570677877,0.4499342657504739
ABCC6_1,0.35486709739249356,0.982238570677877,0.4499342657504739
PYCARD,0.35515959255426943,0.5411455596426694,0.44957645091413895
WHRN,0.35515959255426943,0.5414608512874409,0.44957645091413895
GDI1,0.3551620282160888,0.5414608512874409,0.4495734725605115
C1orf216,0.3551620282160888,0.5414608512874409,0.4495734725605115
DDB1,0.3551620282160888,0.5414608512874409,0.4495734725605115
RTL8C,0.3551620282160888,0.5414608512874408,0.4495734725605115
SYDE1,0.3551620282160888,0.5414608512874409,0.4495734725605115
KIF1B,0.3551620282160888,0.5414608512874409,0.4495734725605115
UQCR10,0.3551620282160888,0.5414608512874409,0.4495734725605115
NFIC,0.3551620282160888,0.5414608512874408,0.4495734725605115
CDH13,0.35529684027857444,0.6579085654230163,0.44940865475576436
TTC9,0.3554927036767206,0.5380977404098791,0.44916930853606246
SLCO1C1,0.35613126343693735,0.9294797687861271,0.4483898995575098
BDH1_1,0.3562851276203035,0.5429322122963742,0.4482023059881415
BDH1,0.3562851276203035,0.5429322122963742,0.4482023059881415
F8,0.35634966750752894,0.5424067262217551,0.4481236420858091
SPIDR,0.3563844869611008,0.5413557540725171,0.4480812086021143
COL16A1,0.3563844869611008,0.5413557540725171,0.4480812086021143
PBXIP1,0.3563844869611008,0.5413557540725171,0.4480812086021143
MBIP,0.3563844869611008,0.5413557540725171,0.4480812086021143
ARHGAP12,0.3563844869611008,0.5413557540725171,0.4480812086021143
SERPINA3,0.3563844869611008,0.5413557540725171,0.4480812086021143
DMTN,0.3563844869611008,0.5413557540725171,0.4480812086021143
FKBP8,0.3563844869611008,0.5413557540725171,0.4480812086021143
SMARCA4,0.3563844869611008,0.5413557540725171,0.4480812086021143
SF3B4,0.3563844869611008,0.5413557540725171,0.4480812086021143
SP100,0.3563844869611008,0.5413557540725171,0.4480812086021143
IFIH1,0.3563844869611008,0.5413557540725171,0.4480812086021143
ATP5PB,0.3563844869611008,0.5413557540725171,0.4480812086021143
PARL,0.3563844869611008,0.5413557540725171,0.4480812086021143
CEP55,0.3569831438771597,0.5271676300578034,0.4473522900333649
POPDC3,0.3573252776199767,0.9012086179716238,0.44693626019675864
FLAD1,0.3574221133153115,0.5376773515501839,0.44681858167445593
ADAMTS8,0.3574471249791479,0.9458749343142406,0.4467881917037874
PPM1H,0.3576071606005621,0.5410404624277456,0.4465937936284238
MGAT4B,0.35760910765118326,0.5413557540725171,0.44659142904758775
AHI1,0.35760910765118326,0.5411455596426694,0.44659142904758775
MGAT4B_1,0.35760910765118326,0.5413557540725171,0.44659142904758775
RABGGTB,0.3576095944111849,0.5412506568575933,0.446590837907613
EIF3H,0.3576095944111849,0.5412506568575932,0.446590837907613
PPM1B,0.3576095944111849,0.5412506568575933,0.446590837907613
UBE2L6,0.3576095944111849,0.5412506568575932,0.446590837907613
RRAS,0.3577502549469035,0.6065160273252759,0.4464200480727453
NEFH,0.3584382851128953,0.8849185496584341,0.44558560915147266
CREB3L1,0.3588372279022387,0.5411455596426694,0.445102507005285
NDUFB3,0.3588373495436946,0.5411455596426694,0.44510235978476265
BCAR3,0.3588373495436946,0.5411455596426695,0.44510235978476265
MED20,0.3588373495436946,0.5411455596426694,0.44510235978476265
TRAPPC14,0.3588373495436946,0.5411455596426694,0.44510235978476265
CDK12,0.3588373495436946,0.5411455596426694,0.44510235978476265
TRPV1,0.3594750938068557,0.53977929584866,0.44433119428514134
KCNH2,0.35956731578330503,0.9152916447714136,0.4442197919668147
BTBD7,0.35990077751750293,0.8922753547031004,0.44381721511092215
BTBD7_1,0.35990077751750293,0.8922753547031004,0.44381721511092215
DPH5,0.35998505367312406,0.5425118234366789,0.4437155304605966
UBR2,0.3600677513045788,0.5410404624277456,0.4436157735402238
ARGLU1,0.3600677513045788,0.5410404624277456,0.4436157735402238
DCTN6,0.3600677513045788,0.5410404624277456,0.4436157735402238
CCDC86,0.3600677513045788,0.5410404624277456,0.4436157735402238
VIPR1,0.3606737325499859,0.5413557540725171,0.4428854856938172
PDP1,0.36076557242738294,0.5933788754598004,0.4427749135308855
MLYCD,0.3608058355485303,0.5206516027325276,0.4427264469448668
TLR5,0.3609450081665482,0.5493431424067262,0.44255896005846374
ECI2,0.3613003124470232,0.540830267997898,0.44213166286054295
HSF4,0.3613007986083312,0.5409353652128218,0.4421310784795611
CPLX3,0.3613007986083312,0.5409353652128218,0.4421310784795611
TANK,0.3613007986083312,0.5409353652128219,0.4421310784795611
ZNF629,0.3613007986083312,0.5409353652128218,0.4421310784795611
ZDHHC18,0.3613007986083312,0.5409353652128219,0.4421310784795611
PPARD,0.3613007986083312,0.5409353652128218,0.4421310784795611
ANKRD55,0.3621492608975565,0.9820283762480294,0.4411123968043957
LMO3,0.36249164326874794,0.5315817130846032,0.440702001021548
SLC10A3,0.36250174220969456,0.5418812401471361,0.4406899018371573
SHB,0.362536490337941,0.540830267997898,0.4406482739072413
EPS8,0.362536490337941,0.540830267997898,0.4406482739072413
C11orf68,0.362536490337941,0.540830267997898,0.4406482739072413
DUSP4,0.36303882275315147,0.5595375722543352,0.4400469297685242
STXBP1,0.3635877389567994,0.5371518654755649,0.4393907706458556
PTS,0.3637748253448434,0.5407251707829742,0.43916735912663196
ITPKB,0.3637748253448434,0.5407251707829743,0.43916735912663196
TPGS2,0.3637748253448434,0.5407251707829743,0.43916735912663196
SLC27A3,0.3649810857544503,0.5395691014188124,0.4377296412019149
SLC27A3_1,0.3649810857544503,0.5395691014188124,0.4377296412019149
TSR1,0.36501580244887166,0.5406200735680504,0.4376883334399994
GJD2,0.36501580244887166,0.5406200735680504,0.4376883334399994
SLC4A2,0.36501580244887166,0.5406200735680504,0.4376883334399994
HNRNPR,0.36501580244887166,0.5406200735680504,0.4376883334399994
HNRNPR_1,0.36501580244887166,0.5406200735680504,0.4376883334399994
YIF1B,0.3650617597722796,0.9485023646873358,0.4376336570247299
ADRB2,0.3651565735873795,0.7183394640042039,0.43752087673681783
TTLL7,0.365542877351687,0.7681555438780873,0.43706167395900797
RUNDC3B,0.36582519977971806,0.9819232790331056,0.43672638155963917
CAMP,0.3659419135607376,0.5253809774040987,0.43658784526697286
MCM3,0.36625942043820736,0.5405149763531266,0.43621119614850895
FARSA,0.36625942043820736,0.5405149763531266,0.43621119614850895
MRPS22,0.36625942043820736,0.5405149763531266,0.43621119614850895
SPINT1,0.36625942043820736,0.5405149763531266,0.43621119614850895
AKTIP,0.36625942043820736,0.5405149763531266,0.43621119614850895
C8B,0.3662830895703172,0.8325801366263794,0.4361831312285081
ZNF430,0.3670128014218358,0.5498686284813452,0.43531878727405954
ZNF430_1,0.3670128014218358,0.5498686284813452,0.43531878727405954
HSD17B1,0.36734067064763876,0.9171833946400421,0.4349309854580969
NOL7,0.36750567806933576,0.5404098791382028,0.4347359465522205
KRIT1,0.36750567806933576,0.5404098791382028,0.4347359465522205
SSBP2,0.36750567806933576,0.5404098791382028,0.4347359465522205
LRRC61,0.36750567806933576,0.5404098791382028,0.4347359465522205
NUP205,0.36750567806933576,0.5404098791382028,0.4347359465522205
TOPORS,0.36750567806933576,0.5404098791382028,0.4347359465522205
ZNF580,0.36750567806933576,0.5404098791382028,0.4347359465522205
YIPF5,0.36751522157610284,0.779085654230163,0.43472466879854255
ZNF426,0.36761875083105333,0.5621650026274303,0.43460234501505424
MAP4K4,0.3680951212957394,0.53977929584866,0.4340399386206529
PLPPR1,0.3681340214714338,0.9148712559117184,0.43399404494249344
PLPPR1_1,0.3681340214714338,0.9148712559117184,0.43399404494249344
MCTP1,0.3681340214714338,0.9148712559117184,0.43399404494249344
CHL1,0.3682983747572438,0.854860746190226,0.4338001976140475
CASP10,0.36834443140519024,0.9652128218602207,0.43374589138064146
COL4A6,0.3684667665510091,0.8605359957961114,0.4336016767449043
ADGRG6,0.36866397482170776,0.6739884393063584,0.433369298793514
HOXC4,0.3687545740669963,0.540304781923279,0.4332625839500898
PLK2,0.3687545740669963,0.540304781923279,0.4332625839500898
NDUFS6,0.3687545740669963,0.540304781923279,0.4332625839500898
ERGIC2,0.3687545740669963,0.540304781923279,0.4332625839500898
GRK3,0.3687887734070583,0.6022070415133999,0.43322230812159734
PDE4A,0.3691030957635999,0.946190225959012,0.43285231224836757
ECHDC1,0.36936001690753384,0.5407251707829743,0.43255011857699194
OGDHL,0.36952433584043165,0.9818181818181818,0.43235695490600395
TMPRSS5,0.36953869109720994,0.6744088281660536,0.43234008379060873
ETV7,0.3700056225632249,0.540304781923279,0.43179167639346555
MRPS7,0.37000610712413795,0.5401996847083552,0.4317911076399654
CAPG,0.37000610712413795,0.5401996847083552,0.4317911076399654
UBE2N,0.37000610712413795,0.5401996847083552,0.4317911076399654
TRIOBP,0.37000610712413795,0.5401996847083552,0.4317911076399654
GPKOW,0.37000610712413795,0.5401996847083552,0.4317911076399654
RRP1B,0.37000610712413795,0.5401996847083552,0.4317911076399654
EIF4EBP1,0.37000610712413795,0.5401996847083552,0.4317911076399654
GPKOW_1,0.37000610712413795,0.5401996847083552,0.4317911076399654
TM7SF3,0.3700607330989534,0.5283236994219653,0.4317269951620523
ATP8A2,0.37046725707563577,0.9109826589595376,0.4312501701401427
TRIM17,0.37075462024909744,0.7041513399894903,0.43091342819928247
FGR,0.3712501051882089,0.5407251707829743,0.4303334146238162
NOTCH3,0.37126027590187305,0.5400945874934314,0.4303215169185877
DHRS12,0.37126027590187305,0.5400945874934314,0.4303215169185877
MS4A6A,0.37126027590187305,0.5400945874934314,0.4303215169185877
FAM89B,0.37126027590187305,0.5400945874934314,0.4303215169185877
SEPTIN4,0.3713546206481606,0.9651077246452969,0.4302111679258055
AREG,0.37147241585786095,0.5120336311087756,0.43007342977820945
NAV3,0.3715340025698637,0.5364161849710982,0.4300014337130901
NAV2,0.3718841116410697,0.540304781923279,0.4295923760212648
PRDM10,0.3720252105226016,0.531161324224908,0.4294276288818994
NDC80,0.3724904546179456,0.5390436153441934,0.4288848519354722
SOX13,0.3725165949784002,0.5399894902785076,0.42885437540693144
PCNP,0.372517079029433,0.5399894902785076,0.4288538110815866
USP1,0.372517079029433,0.5399894902785076,0.4288538110815866
EIF3K,0.372517079029433,0.5399894902785076,0.4288538110815866
EIF3K_1,0.372517079029433,0.5399894902785076,0.4288538110815866
BTAF1,0.372517079029433,0.5399894902785076,0.4288538110815866
MAPRE2,0.372517079029433,0.5399894902785076,0.4288538110815866
LAIR2_1,0.3726883697502612,0.7518654755648975,0.42865415978733246
LAIR2_3,0.3726883697502612,0.7518654755648975,0.42865415978733246
LAIR2_2,0.3726883697502612,0.7518654755648975,0.42865415978733246
LAIR2,0.3726883697502612,0.7518654755648975,0.42865415978733246
CCN5,0.3728680355439753,0.5387283236994219,0.4284448453377398
ITPR1,0.37314223370158817,0.5401996847083552,0.42812559302427705
TFPT_8,0.37314525823554634,0.53977929584866,0.4281220728301895
TFPT_9,0.37314525823554634,0.53977929584866,0.4281220728301895
TFPT_1,0.37314525823554634,0.53977929584866,0.4281220728301895
TFPT,0.37314525823554634,0.53977929584866,0.4281220728301895
TFPT_6,0.37314525823554634,0.53977929584866,0.4281220728301895
TFPT_7,0.37314525823554634,0.53977929584866,0.4281220728301895
TFPT_4,0.37314525823554634,0.53977929584866,0.4281220728301895
TFPT_2,0.37314525823554634,0.53977929584866,0.4281220728301895
TFPT_3,0.37314525823554634,0.53977929584866,0.4281220728301895
TFPT_5,0.37314525823554634,0.53977929584866,0.4281220728301895
TACR2,0.37357799643042977,0.9003678402522333,0.4276187114308731
FCGR2B,0.3737663553440089,0.5398843930635838,0.4273997943056614
PI4KA,0.3737763941574038,0.5398843930635838,0.42738812995264497
PTPN18,0.3737765151041227,0.5398843930635838,0.42738798942348116
VAMP8,0.3737765151041227,0.5398843930635838,0.42738798942348116
WDR91,0.3737765151041227,0.5398843930635838,0.42738798942348116
R3HDM1,0.3737765151041227,0.5398843930635838,0.42738798942348116
ZNF264,0.37405325931870936,0.5317919075144508,0.4270665566726312
TBP,0.37503809917363484,0.5398843930635838,0.42592461115121505
UTP14A,0.37503809917363484,0.5396741986337362,0.42592461115121505
HAUS2,0.3750385826912779,0.53977929584866,0.42592405123767724
BECN1,0.3750385826912779,0.53977929584866,0.42592405123767724
MSH6,0.3750385826912779,0.53977929584866,0.42592405123767724
PDE4DIP,0.3756887112454801,0.628481345244351,0.4251718544906546
BICD1,0.3759496196287099,0.5472411981082501,0.42487035024049685
PIK3R5,0.3762046764652014,0.5374671571203363,0.4245758101933788
SLC35G2,0.37628066844168273,0.6681029952706253,0.42448809314642144
CASP8AP2_1,0.3762965148359282,0.5393589069889648,0.4244698039882253
CASP8AP2,0.3762965148359282,0.5393589069889648,0.4244698039882253
HIVEP2,0.3762965148359282,0.540304781923279,0.4244698039882253
ZNHIT1,0.3763032803242211,0.5396741986337362,0.4244619958164666
TCOF1,0.3763032803242211,0.5396741986337362,0.4244619958164666
IFI6,0.3763032803242211,0.5396741986337362,0.4244619958164666
LASP1,0.3763032803242211,0.5396741986337362,0.4244619958164666
PIK3C2A,0.3763032803242211,0.5396741986337362,0.4244619958164666
SLAMF8,0.37637437170812194,0.5526011560693642,0.42437995645805754
EVA1B,0.37694952402237547,0.5235943247503941,0.42371680073902585
SLC38A3,0.3770035428520707,0.9464004203888597,0.4236545685372446
ZSCAN9,0.3774099621897664,0.5351550183920126,0.42318664029472064
SLC47A1,0.3774206245596795,0.9648975302154493,0.42317437102927524
LARS1,0.3775561172112738,0.5405149763531266,0.4230184888456213
PNMA1,0.37757060650422025,0.5395691014188124,0.4230018224510243
PCF11,0.37757060650422025,0.5395691014188124,0.4230018224510243
PLBD1,0.37757060650422025,0.5395691014188124,0.4230018224510243
PNO1,0.37757060650422025,0.5395691014188124,0.4230018224510243
ANP32D,0.3782051341179006,0.5395691014188124,0.422272579922657
PRKCA,0.3783803588159169,0.9166579085654231,0.4220714152915267
BUB1,0.3784392961263331,0.5692065160273252,0.42200377394903105
CSF3R,0.37860081564294545,0.7476615869679453,0.4218184547439895
ACKR1,0.3787080950864462,0.5638465580662113,0.4216954115050005
SNRPD3,0.37884055970044517,0.5394640042038885,0.42154353043140874
COMT,0.37884055970044517,0.5394640042038885,0.42154353043140874
UBP1,0.37884055970044517,0.5394640042038886,0.42154353043140874
ATF7IP,0.37884055970044517,0.5394640042038885,0.42154353043140874
MAOB,0.37884055970044517,0.5394640042038885,0.42154353043140874
EIF4G2,0.37884055970044517,0.5394640042038885,0.42154353043140874
USP24,0.37884055970044517,0.5394640042038886,0.42154353043140874
EXT1,0.37884055970044517,0.5394640042038885,0.42154353043140874
MED28,0.37884055970044517,0.5394640042038885,0.42154353043140874
PLEKHG3,0.3797861726956868,0.5231739358906989,0.4204608511610842
TFAM,0.37997561594047025,0.5439831844456122,0.4202442723365659
H2AZ2,0.3801131383499279,0.5393589069889648,0.4200871190465585
FASTKD2,0.3801131383499279,0.5393589069889648,0.4200871190465585
MAP3K7,0.3801131383499279,0.5393589069889648,0.4200871190465585
BAAT,0.3804763985270605,0.9647924330005255,0.41967227794036316
BAAT_1,0.3804763985270605,0.9647924330005255,0.41967227794036316
SEMA6D,0.3804763985270605,0.9647924330005255,0.41967227794036316
OMD_1,0.38059942482159825,0.5453494482396217,0.41953187237320944
OMD,0.38059942482159825,0.5453494482396217,0.41953187237320944
FUT2,0.3807603399831653,0.7703625853914872,0.41934829406767177
NCR1_7,0.3809925783627883,0.9465055176037835,0.4190834841865351
NCR1_4,0.3809925783627883,0.9465055176037835,0.4190834841865351
NCR1_6,0.3809925783627883,0.9465055176037835,0.4190834841865351
NCR1_5,0.3809925783627883,0.9465055176037835,0.4190834841865351
NCR1_1,0.3809925783627883,0.9465055176037835,0.4190834841865351
NCR1_9,0.3809925783627883,0.9465055176037835,0.4190834841865351
NCR1_8,0.3809925783627883,0.9465055176037835,0.4190834841865351
NCR1_3,0.3809925783627883,0.9465055176037835,0.4190834841865351
NCR1_2,0.3809925783627883,0.9465055176037835,0.4190834841865351
NCR1,0.3809925783627883,0.9465055176037835,0.4190834841865351
PACC1,0.38114991014990873,0.7418812401471361,0.4189041782720248
EBNA1BP2,0.3813883408575208,0.539253809774041,0.41863258758429195
PARK7,0.3813883408575208,0.539253809774041,0.41863258758429195
NAXE,0.38156257261975346,0.5290593799264319,0.4184342317192195
COL11A2_5,0.3821989144816639,0.7240147136100894,0.41771055075900926
COL11A2_3,0.3821989144816639,0.7240147136100894,0.41771055075900926
COL11A2,0.3821989144816639,0.7240147136100894,0.41771055075900926
COL11A2_2,0.3821989144816639,0.7240147136100894,0.41771055075900926
COL11A2_4,0.3821989144816639,0.7240147136100894,0.41771055075900926
COL11A2_6,0.3821989144816639,0.7240147136100894,0.41771055075900926
COL11A2_1,0.3821989144816639,0.7240147136100894,0.41771055075900926
SCAMP5,0.38263966630598667,0.5378875459800315,0.4172100108772898
BLNK,0.3826656838200623,0.5391487125591172,0.41718048210737235
YME1L1,0.382666165595857,0.5391487125591172,0.4171799353313057
ERP29,0.382666165595857,0.5391487125591172,0.4171799353313057
RUVBL1,0.382666165595857,0.5391487125591172,0.4171799353313057
MECOM,0.3832160413862217,0.5606936416184971,0.41655631968821205
TIPIN,0.38350633685424684,0.5321071991592223,0.4162274556052346
PLEKHA6,0.38374175413069933,0.5981082501313715,0.4159609435642981
KIF3C,0.38393216648746387,0.5394640042038885,0.41574550043068653
G0S2,0.38394239805171604,0.5394640042038885,0.41573392689484767
ITGAX,0.38394612944056417,0.5390436153441933,0.4157297061739264
ZNF710,0.38394661090531146,0.5390436153441934,0.4157291615731717
SRP9,0.38394661090531146,0.5390436153441933,0.4157291615731717
SMPDL3A,0.38394661090531146,0.5390436153441933,0.4157291615731717
EIF3M,0.38394661090531146,0.5390436153441934,0.4157291615731717
SLC5A6,0.38394661090531146,0.5390436153441933,0.4157291615731717
MRPL40,0.38394661090531146,0.5390436153441934,0.4157291615731717
ASCC1,0.38394661090531146,0.5390436153441934,0.4157291615731717
NHEJ1,0.38394661090531146,0.5390436153441933,0.4157291615731717
PHKA1,0.3840378938173623,0.5551234892275354,0.4156259207787581
UBIAD1,0.38414608873109235,0.5183394640042039,0.4155035843193131
UBA6,0.3846694762089906,0.6152390961639517,0.41491227389577645
GDAP2,0.3848308488520181,0.6582238570677876,0.4147301212776633
SLC27A5,0.3848903864008406,0.7693116132422491,0.41466293635983337
PNLIPRP1,0.38500742439357805,0.9466106148187073,0.4145308955770235
PNLIPRP1_1,0.38500742439357805,0.9466106148187073,0.4145308955770235
ARHGEF16,0.38508370614941256,0.5507094062007356,0.41444485706957096
SPDL1,0.3852291939462058,0.5388334209143457,0.414280808023852
PHF2,0.3852295548071246,0.5389385181292696,0.41428040120153725
ELP3,0.3852296750939608,0.5389385181292696,0.41428026559433795
FAM114A1,0.3852296750939608,0.5389385181292696,0.41428026559433795
KCTD5,0.3852296750939608,0.5389385181292696,0.41428026559433795
MYO1D,0.3852296750939608,0.5389385181292696,0.41428026559433795
HSPB8,0.38552017440103636,0.5333683657383079,0.4139528902413193
VARS1_2,0.3861634605626888,0.5342091434576983,0.41322882228821994
VARS1_6,0.3861634605626888,0.5342091434576983,0.41322882228821994
VARS1_3,0.3861634605626888,0.5342091434576983,0.41322882228821994
VARS1,0.3861634605626888,0.5342091434576983,0.41322882228821994
VARS1_1,0.3861634605626888,0.5342091434576983,0.41322882228821994
VARS1_4,0.3861634605626888,0.5342091434576983,0.41322882228821994
VARS1_5,0.3861634605626888,0.5342091434576983,0.41322882228821994
TPST1,0.3863712270400145,0.531161324224908,0.4129952228440772
USP10,0.38651487561273545,0.5388334209143457,0.4128337869404681
BSPRY,0.3865153564375464,0.5388334209143457,0.4128332466781251
MAPK14,0.3865153564375464,0.5388334209143457,0.4128332466781251
AP2A2_2,0.3865153564375464,0.5388334209143457,0.4128332466781251
AP2A2_1,0.3865153564375464,0.5388334209143457,0.4128332466781251
AP2A2,0.3865153564375464,0.5388334209143457,0.4128332466781251
CCNP,0.3865153564375464,0.5388334209143457,0.4128332466781251
HNRNPCL1_1,0.3865153564375464,0.5388334209143457,0.4128332466781251
HNRNPCL1,0.3865153564375464,0.5388334209143457,0.4128332466781251
ULK1,0.3865153564375464,0.5388334209143457,0.4128332466781251
MYDGF,0.3865153564375464,0.5388334209143457,0.4128332466781251
PLCB3,0.3866537475573193,0.5084603258013662,0.412677776160762
BACH1,0.38694653433035986,0.6854440357330531,0.4123490387263163
FKBP10,0.38715905782958504,0.5387283236994219,0.41211057568912357
HIPK2,0.38768722099084585,0.5370467682606411,0.41151851404212303
CHSY1,0.38780365317943655,0.538728323699422,0.4113881041067259
UBE2Z,0.38780365317943655,0.5387283236994219,0.4113881041067259
TSC22D3,0.38780365317943655,0.538728323699422,0.4113881041067259
ITFG2,0.3878137056732369,0.6971098265895954,0.4113768466418502
HIKESHI,0.38805634339459616,0.7742511823436679,0.4111052129396606
SERPINA6,0.38810134683502995,0.7891749868628481,0.411054850117479
SERPINA6_1,0.38810134683502995,0.7891749868628481,0.411054850117479
FHL3,0.38833238994075925,0.5352601156069364,0.4107963844066037
MT1M,0.38849631047573685,0.7582764056752496,0.41061310131000894
TMCO3,0.38885370241361605,0.9475564897530215,0.4102137616178235
CLDND1,0.3889096203392577,0.5428271150814503,0.4101513137088593
MAP1S,0.38909216271440583,0.5389385181292696,0.40994751688108355
PDCD6,0.38909456353058924,0.5386232264844981,0.40994483716120306
TSPYL4,0.38909456353058924,0.5386232264844981,0.40994483716120306
ANO10,0.38909456353058924,0.5386232264844981,0.40994483716120306
IRF2,0.38909456353058924,0.5386232264844981,0.40994483716120306
RAPGEF2,0.38909456353058924,0.5386232264844981,0.40994483716120306
C1orf105,0.3893845101226837,0.8964792433000526,0.40962132888698566
CDHR2,0.3895150626965517,0.8251182343667893,0.4094757433328561
EXTL1,0.3895363141609709,0.7296899632159748,0.4094520494045579
GUCY1B2,0.3896237411676571,0.9636363636363636,0.40935458787153195
WFDC2,0.39033349907290416,0.5372569626904887,0.40856417524140926
TIMP3,0.3903880856695162,0.5385181292695743,0.40850344512148834
IQSEC1,0.3903880856695162,0.5385181292695743,0.40850344512148834
SCO2,0.3903880856695162,0.5385181292695743,0.40850344512148834
MAFG,0.3903880856695162,0.5385181292695743,0.40850344512148834
PDLIM5,0.3903880856695162,0.5385181292695744,0.40850344512148834
WFDC1,0.3909524074133054,0.500578034682081,0.4078761082200212
CDK10,0.39115672969355963,0.5186547556489753,0.4076491934925158
PKNOX1,0.39129414746618296,0.5173935890698896,0.40749664773476557
CBLIF,0.3912962490414592,0.9818181818181818,0.40749431521816465
ANKRD2,0.3912962490414592,0.9818181818181818,0.40749431521816465
TP53AIP1,0.3912962490414592,0.9818181818181818,0.40749431521816465
GPR22_1,0.3912962490414592,0.9818181818181818,0.40749431521816465
GPR22,0.3912962490414592,0.9818181818181818,0.40749431521816465
KRT76,0.3912962490414592,0.9818181818181818,0.40749431521816465
DLL3,0.3912962490414592,0.9818181818181818,0.40749431521816465
PODXL2,0.3912962490414592,0.9818181818181818,0.40749431521816465
USP2,0.3912962490414592,0.9818181818181818,0.40749431521816465
HTR1F,0.3912962490414592,0.9818181818181818,0.40749431521816465
FGF21,0.3912962490414592,0.9818181818181818,0.40749431521816465
ZBTB7A,0.391356938574262,0.7055176037834998,0.40742696193915057
ALDH1B1,0.3915106835936939,0.8831318970047294,0.4072563823608743
GDF3,0.3915543024637136,0.9474513925380977,0.40720799957039516
PER2,0.39166983306210645,0.5384130320546505,0.4070798771097582
MIF_1,0.3916842177422475,0.5384130320546505,0.4070639272663803
MIF,0.3916842177422475,0.5384130320546505,0.4070639272663803
CILP,0.3916842177422475,0.5384130320546505,0.4070639272663803
CHCHD2,0.3916842177422475,0.5384130320546505,0.4070639272663803
SLC25A3,0.3916842177422475,0.5384130320546505,0.4070639272663803
TRMT2A,0.3923331420912035,0.5384130320546505,0.4063450035722905
APOBEC2,0.39297000979223995,0.7934839726747241,0.40564059231853206
DCAF7,0.392982838082253,0.5383079348397267,0.4056264152452369
SNRPC,0.39298295786229553,0.5383079348397267,0.4056262828735439
METTL18,0.39298295786229553,0.5383079348397267,0.4056262828735439
KCNMB2,0.39298295786229553,0.5383079348397267,0.4056262828735439
RNF130,0.39298295786229553,0.5383079348397267,0.4056262828735439
ENOX2,0.39335773176157884,0.5432475039411455,0.40521230900473165
COL7A1,0.39366741363541746,0.5844456121912769,0.4048705330483182
LDB2,0.3942838253488311,0.5382028376248029,0.4041910385641879
RAB11FIP2,0.3942843041106223,0.5382028376248029,0.4041905112195076
PLPBP,0.3942843041106223,0.5382028376248029,0.4041905112195076
ZFP36,0.3942843041106223,0.5382028376248029,0.4041905112195076
CUL3,0.3942843041106223,0.5382028376248029,0.4041905112195076
CHP1,0.3942843041106223,0.5382028376248029,0.4041905112195076
PTGS2,0.39434982505111804,0.8852338413032055,0.40411834750779474
SLC5A7,0.39474192530178165,0.9637414608512874,0.4036867449998351
AGFG1,0.3955882545356042,0.5380977404098791,0.40275661157966314
DPYSL2,0.3955882545356042,0.5380977404098791,0.40275661157966314
MPHOSPH6,0.3955882545356042,0.5380977404098791,0.40275661157966314
TMEM30A,0.3955882545356042,0.5380977404098791,0.40275661157966314
ATP6AP2,0.3955882545356042,0.5380977404098791,0.40275661157966314
GAS8,0.3955882545356042,0.5380977404098791,0.40275661157966314
ZBTB18,0.39640904140107935,0.5468208092485549,0.40185644857168334
KCND1_1,0.3964634775090765,0.9158171308460326,0.40179681401305567
KCND1,0.3964634775090765,0.9158171308460326,0.40179681401305567
ACVR2B,0.396652882031009,0.5083552285864424,0.4015893858361001
ACAD10,0.3968948071530004,0.5379926431949553,0.40132458322826253
RTCB,0.3968948071530004,0.5379926431949553,0.40132458322826253
NKIRAS2,0.3968948071530004,0.5379926431949553,0.40132458322826253
KHSRP,0.3968948071530004,0.5379926431949553,0.40132458322826253
YTHDC1_1,0.3968948071530004,0.5379926431949553,0.40132458322826253
SUSD6,0.3968948071530004,0.5379926431949553,0.40132458322826253
ZC3H4,0.3968948071530004,0.5379926431949553,0.40132458322826253
MT1HL1,0.3968948071530004,0.5379926431949553,0.40132458322826253
CLASRP,0.3968948071530004,0.5379926431949553,0.40132458322826253
YTHDC1,0.3968948071530004,0.5379926431949553,0.40132458322826253
SQSTM1,0.3968948071530004,0.5379926431949553,0.40132458322826253
SQSTM1_1,0.3968948071530004,0.5379926431949553,0.40132458322826253
ZNF112,0.397133807840674,0.5021544929059379,0.4010631400485021
ATAD2B,0.3975489391953143,0.5378875459800315,0.4006094010598118
EPB41L1,0.3978156151862229,0.5176037834997372,0.4003181738105973
ACAP1,0.3980677851019634,0.5410404624277456,0.4000429676521746
ACAP1_1,0.3980677851019634,0.5410404624277456,0.4000429676521746
GMEB1,0.39816122050168634,0.6518129269574356,0.39994104099937805
UBXN1,0.3982039599459193,0.5378875459800315,0.399894425438418
ERC1,0.3982039599459193,0.5378875459800315,0.399894425438418
VPS52_3,0.3982039599459193,0.5378875459800315,0.399894425438418
GDPD5,0.3982039599459193,0.5378875459800315,0.399894425438418
CTNNAL1,0.3982039599459193,0.5378875459800315,0.399894425438418
VPS52,0.3982039599459193,0.5378875459800315,0.399894425438418
VPS52_1,0.3982039599459193,0.5378875459800315,0.399894425438418
VPS52_2,0.3982039599459193,0.5378875459800315,0.399894425438418
VPS52_5,0.3982039599459193,0.5378875459800315,0.399894425438418
VPS52_4,0.3982039599459193,0.5378875459800315,0.399894425438418
IL4R,0.3982039599459193,0.5378875459800315,0.399894425438418
OLFML2B,0.3982039599459193,0.5378875459800315,0.399894425438418
VPS52_6,0.3982039599459193,0.5378875459800315,0.399894425438418
PPP2R5B,0.3982039599459193,0.5378875459800315,0.399894425438418
SF3B1,0.3982039599459193,0.5378875459800315,0.399894425438418
CSPG4,0.39879931426212223,0.8991066736731477,0.39924559713177704
SLCO1B3,0.39879931426212223,0.8991066736731477,0.39924559713177704
CALY,0.39937443310762444,0.9819232790331056,0.39861974095675534
PCSK2,0.39937443310762444,0.9819232790331056,0.39861974095675534
NR1H4,0.39937443310762444,0.9819232790331056,0.39861974095675534
SIGLEC9,0.39937443310762444,0.9819232790331056,0.39861974095675534
MYH2,0.39937443310762444,0.9819232790331056,0.39861974095675534
ACSM3,0.39937443310762444,0.9819232790331056,0.39861974095675534
ADH6,0.39937443310762444,0.9819232790331056,0.39861974095675534
TBX5,0.39937443310762444,0.9819232790331056,0.39861974095675534
CREB5,0.39937443310762444,0.9819232790331056,0.39861974095675534
SLC6A3,0.39937443310762444,0.9819232790331056,0.39861974095675534
SLC6A3_1,0.39937443310762444,0.9819232790331056,0.39861974095675534
PRMT8,0.39937443310762444,0.9819232790331056,0.39861974095675534
ACKR2,0.39937443310762444,0.9819232790331056,0.39861974095675534
PLD1,0.39937443310762444,0.9819232790331056,0.39861974095675534
SCRN3,0.39937443310762444,0.9819232790331056,0.39861974095675534
ETV2,0.39937443310762444,0.9819232790331056,0.39861974095675534
KPNA4,0.39950139238542004,0.5370467682606411,0.3984817026972969
PTMS,0.3995056880338179,0.5384130320546505,0.39847703296046694
TNKS2,0.3995157108647871,0.5377824487651077,0.3984661374821001
NEIL1,0.3995157108647871,0.5377824487651077,0.3984661374821001
TEFM,0.3995157108647871,0.5377824487651077,0.3984661374821001
MXRA5,0.3995157108647871,0.5377824487651077,0.3984661374821001
GNB3,0.3995157108647871,0.5377824487651077,0.3984661374821001
MRPL13,0.3995157108647871,0.5377824487651077,0.3984661374821001
SLC6A2,0.39990056191418155,0.9638465580662112,0.3980479856237754
RIMBP2,0.39990056191418155,0.9638465580662112,0.3980479856237754
LGI1,0.39990056191418155,0.9638465580662112,0.3980479856237754
SPAM1,0.39990056191418155,0.9638465580662112,0.3980479856237754
SERPINA2_1,0.40017244070388636,0.5377824487651077,0.3977528239015978
SERPINA2,0.40017244070388636,0.5377824487651077,0.3977528239015978
EDN2,0.40026282245837974,0.5589069889647924,0.39765474651991684
TIGAR,0.4008103856999238,0.5368365738307935,0.39706103366343987
ARL4C,0.4008299386079802,0.5376773515501839,0.3970398478028531
MKRN2,0.4008300578273175,0.5376773515501839,0.3970397186301351
PHLPP1,0.40100637810862383,0.5841303205465056,0.396848719760487
NEDD4L,0.40132964660406745,0.534944823962165,0.396498757333232
MTSS2,0.40171535121533153,0.5219127693116132,0.39608157175172054
CDC20,0.4019885070260666,0.5356805044666316,0.3957863633496373
WLS,0.4021327037490071,0.5371518654755649,0.39563060613066653
MYLIP,0.4021327037490071,0.5375722543352601,0.39563060613066653
TPT1,0.4021469987184806,0.5375722543352601,0.39561516815220477
ZNF593,0.4021469987184806,0.5375722543352601,0.39561516815220477
DNAJB14,0.4021469987184806,0.5375722543352601,0.39561516815220477
GLB1L,0.4021469987184806,0.5375722543352601,0.39561516815220477
CMTR1,0.4021469987184806,0.5375722543352601,0.39561516815220477
CHD9,0.40346653139047284,0.5374671571203363,0.39419248531684464
EHD1,0.40346653139047284,0.5374671571203363,0.39419248531684464
PDIA4,0.40346653139047284,0.5374671571203363,0.39419248531684464
NPM1,0.40346653139047284,0.5374671571203363,0.39419248531684464
SAP130,0.40346653139047284,0.5374671571203363,0.39419248531684464
RAB30,0.4036132287146449,0.7948502364687335,0.3940346078870075
PRUNE2,0.40443698173150355,0.8793483972674724,0.39314913936295204
ARHGAP22,0.40443979439854694,0.7172884918549658,0.39314611906168384
HOXA3,0.40457550600826553,0.8847083552285865,0.39300041402061925
TMEM97,0.40478853474402,0.5373620599054125,0.39277179697834136
FBXW7,0.404788653662689,0.5373620599054125,0.3927716693914417
CALML4,0.404788653662689,0.5373620599054125,0.3927716693914417
MOB1A,0.404788653662689,0.5373620599054125,0.3927716693914417
CCDC6,0.4048417595594672,0.5597477666841828,0.3927146962402761
SPEF1,0.405099525824377,0.963951655281135,0.392438265164911
BIRC5,0.4051732563563595,0.5309511297950604,0.3923592281690243
PRODH,0.4059051715711165,0.786547556489753,0.3915754153728088
CHRD,0.40591447986844786,0.6699947451392538,0.391565456160415
ZNF267,0.4061132445062654,0.5372569626904887,0.39135284670254916
MYNN,0.4061133633216929,0.5372569626904887,0.3913527196422336
ZMYM3,0.4061133633216929,0.5372569626904887,0.3913527196422336
NAXD,0.4061133633216929,0.5372569626904887,0.3913527196422336
SCAPER,0.4063504812355899,0.5327377824487651,0.3910992215815395
RPL36,0.40744065812119,0.5371518654755649,0.38993563533430703
ZMIZ2,0.40744065812119,0.5371518654755649,0.38993563533430703
BBLN,0.40744065812119,0.5371518654755649,0.38993563533430703
ECE1,0.40744065812119,0.5371518654755649,0.38993563533430703
CDCA3,0.40744065812119,0.5371518654755649,0.38993563533430703
RAB23,0.40760029395378417,0.8457172884918549,0.3897655114603601
MMP3,0.40805955913183045,0.5285338938518129,0.3892764439823432
SLC22A8,0.408105155579934,0.5371518654755649,0.38922791876318236
ZSWIM8-AS1,0.40847994698394463,0.5125591171833946,0.3888292589063099
EML2,0.4085878025007147,0.5350499211770888,0.38871460242628686
CHPF,0.4087705357820002,0.537046768260641,0.38852041573159607
UBAP2L,0.4087705357820002,0.5370467682606411,0.38852041573159607
MTMR4,0.4087705357820002,0.5370467682606411,0.38852041573159607
PYROXD1,0.4087705357820002,0.5370467682606411,0.38852041573159607
ASB8,0.4087705357820002,0.5370467682606411,0.38852041573159607
PITRM1,0.4087705357820002,0.537046768260641,0.38852041573159607
CDK5RAP2,0.4087705357820002,0.537046768260641,0.38852041573159607
ABCD1,0.4087705357820002,0.537046768260641,0.38852041573159607
SLC6A15,0.4095953697769168,0.9123489227535471,0.3876449614357922
ZSCAN5A,0.41002240020561387,0.5394640042038885,0.3871924164023363
AZIN1,0.4101029939920321,0.5369416710457173,0.38710706009688006
LDLR,0.4108231432307261,0.6821860220704151,0.38634509892508184
MT3,0.41101094655341597,0.636048344718865,0.3861466113004849
ACTR1B_1,0.4114380304062557,0.5368365738307935,0.3856955676917839
CTSD,0.4114380304062557,0.5368365738307935,0.3856955676917839
ZNF236,0.4114380304062557,0.5368365738307935,0.3856955676917839
SNX4,0.4114380304062557,0.5368365738307935,0.3856955676917839
ACTR1B,0.4114380304062557,0.5368365738307935,0.3856955676917839
MRPS30,0.4114380304062557,0.5368365738307935,0.3856955676917839
CSNK1G2,0.4114380304062557,0.5368365738307935,0.3856955676917839
IFITM2,0.4114380304062557,0.5368365738307934,0.3856955676917839
GNB1,0.4114380304062557,0.5368365738307934,0.3856955676917839
CBR3,0.4114380304062557,0.5368365738307934,0.3856955676917839
PFDN6,0.41176081015925337,0.5201261166579085,0.3853549902617069
PFDN6_1,0.41176081015925337,0.5201261166579085,0.3853549902617069
PFDN6_2,0.41176081015925337,0.5201261166579085,0.3853549902617069
PFDN6_4,0.41176081015925337,0.5201261166579085,0.3853549902617069
PFDN6_3,0.41176081015925337,0.5201261166579085,0.3853549902617069
CIDEA,0.41188370105100547,0.897320021019443,0.3852253934858315
PRPS1,0.4120869889552151,0.5378875459800315,0.3850110974728833
CLSTN2,0.41238779429008166,0.5353652128218602,0.3846941972947072
RHOBTB3,0.41276901905391494,0.5362059905412506,0.38429290672690253
PIP,0.412774459878296,0.5367314766158697,0.3842871822070777
PRPF8_1,0.41277564264667954,0.5367314766158697,0.3842859377767741
PEBP1,0.41277564264667954,0.5367314766158697,0.3842859377767741
PRPF8,0.41277564264667954,0.5367314766158697,0.3842859377767741
NME6,0.41299947096159884,0.5314766158696795,0.38405050465983503
SPTBN2,0.4130267754833792,0.6761954808197583,0.38402179321586927
TNFRSF9,0.413315045428872,0.948922753547031,0.383718785311546
BRPF1,0.41344529572902433,0.5366263794009459,0.38358194520377986
LGI2,0.41411571013812765,0.5366263794009459,0.3828782935331695
CKB,0.4141158283023245,0.5366263794009459,0.3828781696111591
ZNF35_1,0.4141158283023245,0.5366263794009459,0.3828781696111591
TGOLN2_1,0.4141158283023245,0.5366263794009459,0.3828781696111591
UTP11,0.4141158283023245,0.5366263794009458,0.3828781696111591
RSAD1,0.4141158283023245,0.5366263794009459,0.3828781696111591
PEX2,0.4141158283023245,0.5366263794009459,0.3828781696111591
TGOLN2,0.4141158283023245,0.5366263794009459,0.3828781696111591
ZNF35,0.4141158283023245,0.5366263794009459,0.3828781696111591
TGIF2,0.4142843203656036,0.5686810299527063,0.38270150336006453
NSG2,0.4149037714781483,0.8243825538623226,0.3820526174132444
AKAP12,0.41544441838851265,0.5361008933263268,0.3814870715232785
TRAF3,0.4154584668788499,0.536521282186022,0.3814723858555758
PPP3CA,0.41545858492920074,0.536521282186022,0.38147226245308735
CNTNAP1,0.41545858492920074,0.5365212821860221,0.38147226245308735
ALDH3A2,0.41545858492920074,0.5365212821860221,0.38147226245308735
NR3C1,0.41545858492920074,0.5365212821860221,0.38147226245308735
RNF7,0.41545858492920074,0.536521282186022,0.38147226245308735
INTS15,0.41545858492920074,0.536521282186022,0.38147226245308735
DUS2,0.41545858492920074,0.536521282186022,0.38147226245308735
LINS1,0.4156178952539086,0.9641618497109826,0.38130576130083954
SCN3A,0.4156178952539086,0.9641618497109826,0.38130576130083954
SLC2A11,0.4156178952539086,0.9641618497109826,0.38130576130083954
SLC2A11_1,0.4156178952539086,0.9641618497109826,0.38130576130083954
XAB2,0.41599936291239215,0.6113504992117709,0.38090733447865255
C8orf44,0.4160024771330033,0.626379400945875,0.38090408331077824
GALNT12,0.416358036577801,0.8769311613242249,0.38053304813620414
ZNF43_1,0.41678975735310475,0.5353652128218602,0.3800829624045138
ZNF43,0.41678975735310475,0.5353652128218602,0.3800829624045138
NECTIN2,0.4168039100502854,0.5364161849710982,0.3800682155595448
THUMPD1,0.4168039100502854,0.5364161849710982,0.3800682155595448
PIEZO1,0.4168039100502854,0.5364161849710982,0.3800682155595448
RNF13,0.4168039100502854,0.5364161849710982,0.3800682155595448
POLD3,0.4168039100502854,0.5364161849710982,0.3800682155595448
TMEM242,0.4169472293059746,0.8169206516027325,0.37991890778754595
PKNOX2,0.4171590083106371,0.9171833946400421,0.37969837363749076
PI15,0.4174187021868965,0.9148712559117184,0.3794280965388695
SLC1A6,0.417469237827653,0.604308985811876,0.37937552098017496
CDH22,0.41780287064777233,0.6863899106673673,0.3790285803868159
PHTF1,0.4180362973860343,0.6746190225959012,0.3787860075310119
C1QB,0.4181518011554989,0.5363110877561745,0.37866602818635486
VIPAS39,0.4181518011554989,0.5363110877561744,0.37866602818635486
ZNF510,0.4187212994185574,0.51823436678928,0.37807494695526056
PSMD11,0.4188225865490578,0.535995796111403,0.37796990543369835
EPHA4,0.4189660015143791,0.6344718864950079,0.37782121797350326
MRM3,0.4194763600837186,0.5352601156069364,0.3772925091487058
RMND5A,0.4195022557016844,0.5362059905412506,0.3772656995881759
CDC123,0.4195022557016844,0.5362059905412506,0.3772656995881759
TNPO2,0.4195022557016844,0.5362059905412506,0.3772656995881759
SLC25A20,0.4195022557016844,0.5362059905412506,0.3772656995881759
CAVIN3,0.4195022557016844,0.5362059905412506,0.3772656995881759
TRIM28,0.4208552711125869,0.5361008933263268,0.3758672290184997
SLC30A3,0.4208552711125869,0.5361008933263269,0.3758672290184997
SDCBP,0.4208552711125869,0.5361008933263269,0.3758672290184997
OAS3,0.4208552711125869,0.5361008933263269,0.3758672290184997
LSM6,0.4208552711125869,0.5361008933263268,0.3758672290184997
BRDT,0.42093701077095147,0.9642669469259064,0.37578288735023796
AMBRA1,0.422210844778832,0.535995796111403,0.37447061572965074
AKR7A2,0.422210844778832,0.535995796111403,0.37447061572965074
GTF2B,0.422210844778832,0.535995796111403,0.37447061572965074
TFCP2,0.422210844778832,0.535995796111403,0.37447061572965074
RPS16,0.422210844778832,0.535995796111403,0.37447061572965074
MFSD9,0.4224114486841486,0.7691014188124015,0.374264319562856
ALDH3B2,0.4224868569519675,0.5266421439831844,0.37418679687291295
KCNJ15,0.42269489161875407,0.5205465055176037,0.3739730007046749
TIMM22,0.42320748410673914,0.6341565948502365,0.37344666073298644
TIMM22_1,0.42320748410673914,0.6341565948502365,0.37344666073298644
TIMM22_2,0.42320748410673914,0.6341565948502365,0.37344666073298644
HPGD,0.42339838625411785,0.744613767735155,0.37325080158884916
NXPE4,0.42346682551265347,0.8657908565423016,0.3731806067290786
TRA2B,0.42356897405790706,0.5358906988964792,0.3730758589727839
JADE3,0.42356897405790706,0.5358906988964792,0.3730758589727839
POLR1B,0.42356897405790706,0.5358906988964792,0.3730758589727839
SNAI2,0.42356897405790706,0.5358906988964792,0.3730758589727839
FAM30A_1,0.42367848369935757,0.9656332107199159,0.3729635908678128
FAM30A,0.42367848369935757,0.9656332107199159,0.3729635908678128
PIAS4,0.4239085830190973,0.7137151865475565,0.3727277900368858
CAMK1G,0.4240895355169948,0.5034156594850236,0.3725424436999105
EPHX2,0.42485942467520876,0.6473988439306358,0.3717547433305625
TMEM140,0.42489942317478946,0.5576458223857068,0.37171385848962424
SENP5,0.42490678968625406,0.6115606936416185,0.3717063291606275
RANBP10,0.42492309235937553,0.5352601156069364,0.37168966662350716
PYGL,0.4249273120441114,0.5357856016815554,0.3716853538979106
UTP3,0.4249296562741425,0.5357856016815554,0.3716829579978832
HPS6,0.4249296562741425,0.5357856016815554,0.3716829579978832
HMGXB3,0.4249296562741425,0.5357856016815554,0.3716829579978832
CANX_1,0.4249296562741425,0.5357856016815554,0.3716829579978832
CANX,0.4249296562741425,0.5357856016815554,0.3716829579978832
HSP90AA1,0.4249296562741425,0.5357856016815554,0.3716829579978832
UQCRB,0.4249296562741425,0.5357856016815554,0.3716829579978832
ENGASE,0.4249296562741425,0.5357856016815554,0.3716829579978832
SRSF9,0.4249296562741425,0.5357856016815554,0.3716829579978832
FLNC,0.4255269953195676,0.7088807146610615,0.3710728831788377
TNFRSF10B,0.4256097824051913,0.5355754072517078,0.37098839858009025
IQSEC3,0.4260659354605235,0.5727798213347346,0.3705231868343018
IQSEC3_1,0.4260659354605235,0.5727798213347346,0.3705231868343018
CYB5R4,0.4261124949386562,0.5398843930635838,0.3704757307529645
APAF1,0.42622731024336047,0.5337887545980031,0.37035872658803043
BRME1,0.4262927716338841,0.5356805044666316,0.3702920313362883
BRME1_1,0.4262927716338841,0.5356805044666316,0.3702920313362883
BCORL1,0.4262928887186933,0.5356805044666316,0.3702919120537601
PCBP2,0.4262928887186933,0.5356805044666316,0.3702919120537601
RBMX2,0.4262928887186933,0.5356805044666316,0.3702919120537601
ADAM10,0.4262928887186933,0.5356805044666316,0.3702919120537601
BCL6,0.4262928887186933,0.5356805044666316,0.3702919120537601
UBR5,0.4262928887186933,0.5356805044666316,0.3702919120537601
RPL35A,0.4262928887186933,0.5356805044666316,0.3702919120537601
MAPK10,0.4264284196031417,0.8100893326326852,0.3701538591749013
ADAMTSL3_1,0.42656246489534944,0.9824487651077246,0.3700173626840991
ADAMTSL3,0.42656246489534944,0.9824487651077246,0.3700173626840991
EAF2,0.4269742902056033,0.5357856016815554,0.3695982747595043
HOXD11,0.42706972443918845,0.9655281135049921,0.3695012152157513
ST3GAL1,0.4275632081837575,0.5324224908039937,0.368999672897843
PIGK,0.4276585516922651,0.5355754072517078,0.36890283916010536
SPP1,0.4276585516922651,0.5355754072517078,0.36890283916010536
PGK1,0.4276586686495214,0.5355754072517078,0.3689027203880525
OFD1,0.4276586686495214,0.5355754072517078,0.3689027203880525
P4HA1,0.4276586686495214,0.5355754072517078,0.3689027203880525
CEP76,0.42784375076479453,0.6050446663163427,0.3687148070851978
AP4E1,0.42842828463773774,1.0,0.3681218649723114
STK4,0.42842828463773774,1.0,0.3681218649723114
HPD,0.42842828463773774,1.0,0.3681218649723114
CHRNA3,0.42842828463773774,1.0,0.3681218649723114
CEACAM7_1,0.42842828463773774,1.0,0.3681218649723114
UMOD,0.42842828463773774,1.0,0.3681218649723114
DNASE2B,0.42842828463773774,1.0,0.3681218649723114
HOXA6,0.42842828463773774,1.0,0.3681218649723114
INHA,0.42842828463773774,1.0,0.3681218649723114
P2RY4,0.42842828463773774,1.0,0.3681218649723114
ALPK3,0.42842828463773774,1.0,0.3681218649723114
PAEP,0.42842828463773774,1.0,0.3681218649723114
CNTLN,0.42842828463773774,1.0,0.3681218649723114
IL12B,0.42842828463773774,1.0,0.3681218649723114
FRRS1L,0.42842828463773774,1.0,0.3681218649723114
CDH9,0.42842828463773774,1.0,0.3681218649723114
TGFB2,0.42842828463773774,1.0,0.3681218649723114
GBA3,0.42842828463773774,1.0,0.3681218649723114
PMP2,0.42842828463773774,1.0,0.3681218649723114
CCK,0.42842828463773774,1.0,0.3681218649723114
OTUD4,0.42842828463773774,1.0,0.3681218649723114
CNMD,0.42842828463773774,1.0,0.3681218649723114
DOK3,0.42842828463773774,1.0,0.3681218649723114
SLC25A21,0.42842828463773774,1.0,0.3681218649723114
BTN1A1_1,0.42842828463773774,1.0,0.3681218649723114
BTN1A1,0.42842828463773774,1.0,0.3681218649723114
PSG3,0.42842828463773774,1.0,0.3681218649723114
GRTP1,0.42842828463773774,1.0,0.3681218649723114
SEMA3A,0.42842828463773774,1.0,0.3681218649723114
CKM,0.42842828463773774,1.0,0.3681218649723114
ZG16,0.42842828463773774,1.0,0.3681218649723114
FES,0.42842828463773774,1.0,0.3681218649723114
IFNA8,0.42842828463773774,1.0,0.3681218649723114
GBA3_1,0.42842828463773774,1.0,0.3681218649723114
PRKAB2,0.42842828463773774,1.0,0.3681218649723114
LHX1,0.42842828463773774,1.0,0.3681218649723114
MYBPH,0.42842828463773774,1.0,0.3681218649723114
TAP2_6,0.42842828463773774,1.0,0.3681218649723114
TAP2_7,0.42842828463773774,1.0,0.3681218649723114
TAP2,0.42842828463773774,1.0,0.3681218649723114
TAP2_4,0.42842828463773774,1.0,0.3681218649723114
C19orf73,0.42842828463773774,1.0,0.3681218649723114
FOXL2,0.42842828463773774,1.0,0.3681218649723114
CASP2,0.42842828463773774,1.0,0.3681218649723114
CYP1A1,0.42842828463773774,1.0,0.3681218649723114
TAP2_1,0.42842828463773774,1.0,0.3681218649723114
TAP2_2,0.42842828463773774,1.0,0.3681218649723114
TAP2_3,0.42842828463773774,1.0,0.3681218649723114
MELTF,0.42842828463773774,1.0,0.3681218649723114
FRMPD1,0.42842828463773774,1.0,0.3681218649723114
ITGA2B,0.42842828463773774,1.0,0.3681218649723114
HCN2,0.42842828463773774,1.0,0.3681218649723114
PCDHB13_1,0.42842828463773774,1.0,0.3681218649723114
PCDHB13,0.42842828463773774,1.0,0.3681218649723114
LORICRIN,0.42842828463773774,1.0,0.3681218649723114
PAX9,0.42842828463773774,1.0,0.3681218649723114
ALLC,0.42842828463773774,1.0,0.3681218649723114
LHX1_1,0.42842828463773774,1.0,0.3681218649723114
MAGEB4,0.42842828463773774,1.0,0.3681218649723114
DSG1,0.42842828463773774,1.0,0.3681218649723114
HRK,0.42842828463773774,1.0,0.3681218649723114
PITX3,0.42842828463773774,1.0,0.3681218649723114
INPP4A,0.42842828463773774,1.0,0.3681218649723114
PROX1,0.42842828463773774,1.0,0.3681218649723114
CEACAM7,0.42842828463773774,1.0,0.3681218649723114
DNAH9,0.42842828463773774,1.0,0.3681218649723114
KCNE5,0.42842828463773774,1.0,0.3681218649723114
MCPH1,0.42842828463773774,1.0,0.3681218649723114
SCGB1A1,0.42842828463773774,1.0,0.3681218649723114
MTAP,0.42842828463773774,1.0,0.3681218649723114
UTS2,0.42842828463773774,1.0,0.3681218649723114
HAND2-AS1,0.42842828463773774,1.0,0.3681218649723114
ECEL1,0.42842828463773774,1.0,0.3681218649723114
RAB3B,0.42842828463773774,1.0,0.3681218649723114
TENM1,0.42842828463773774,1.0,0.3681218649723114
KIF25-AS1,0.42842828463773774,1.0,0.3681218649723114
PDIA2,0.42842828463773774,1.0,0.3681218649723114
DNAJC4,0.42842828463773774,1.0,0.3681218649723114
FOXN3-AS2,0.42842828463773774,1.0,0.3681218649723114
ZNF804A,0.42842828463773774,1.0,0.3681218649723114
CSRP3,0.42842828463773774,1.0,0.3681218649723114
SLC6A7,0.42842828463773774,1.0,0.3681218649723114
TAP2_5,0.42842828463773774,1.0,0.3681218649723114
TRO,0.42842828463773774,1.0,0.3681218649723114
CDKL1,0.42842828463773774,1.0,0.3681218649723114
NCOA2,0.4286182572015479,0.5213872832369942,0.3679293339171136
CDC42EP2,0.42862971374483594,0.6222806095638466,0.3679177258090734
GIMAP6,0.42887154973132646,0.5388334209143457,0.3676727628178417
GRB7,0.42900128940081805,0.535995796111403,0.36754140250334405
AGAP1,0.4290129734087955,0.5358906988964792,0.3675295744943904
PALLD,0.4290269932913793,0.535470310036784,0.36751538224722263
ST13,0.4290269932913793,0.535470310036784,0.36751538224722263
PIGP,0.4290269932913793,0.535470310036784,0.36751538224722263
EHBP1,0.4290269932913793,0.535470310036784,0.36751538224722263
ANXA11,0.4290269932913793,0.535470310036784,0.36751538224722263
NR1D2,0.429027958694027,0.5767735155018392,0.3675144049926966
ARHGAP24,0.42922542445130485,0.8492905937992643,0.36731456123571754
GGH,0.42971094136879495,0.5352601156069364,0.3668235880996752
PLLP,0.42978037990678697,0.6096689437729901,0.366753414560512
PSPC1,0.43039774313822465,0.5353652128218602,0.36613001463066636
KDR,0.4303978598357937,0.5353652128218602,0.36612989687655584
PCNT,0.4303978598357937,0.5353652128218602,0.36612989687655584
MRPL15,0.4303978598357937,0.5353652128218602,0.36612989687655584
CTCF,0.4303978598357937,0.5353652128218602,0.36612989687655584
SEMA6C,0.4303978598357937,0.5353652128218602,0.36612989687655584
PTPRN,0.4304767305146392,0.9654230162900683,0.36605031943034855
PDCD1_1,0.4304767305146392,0.9654230162900683,0.36605031943034855
PDCD1,0.4304767305146392,0.9654230162900683,0.36605031943034855
ZNF155,0.4305983293756609,0.8379400945874934,0.36592765947383976
IL22,0.43071971815223886,0.9482921702574881,0.3658052459790032
MYF5,0.43085710048286874,0.9823436678928008,0.3656667455288547
GDE1,0.43138901966996024,0.5418812401471361,0.3651309133768096
COL2A1,0.4314035226492354,0.8512874408828166,0.3651163129634726
TAF10,0.43177126544105027,0.5352601156069364,0.364746263520159
FMNL1,0.43177126544105027,0.5352601156069364,0.364746263520159
ARHGEF18,0.43177126544105027,0.5352601156069364,0.364746263520159
RPL8,0.43177126544105027,0.5352601156069364,0.364746263520159
PDLIM2,0.43177126544105027,0.5352601156069364,0.364746263520159
COL15A1,0.43177126544105027,0.5352601156069364,0.364746263520159
SLC25A10,0.4319382278626678,0.5119285338938518,0.3645783578531284
TSPAN9,0.4323039139501549,0.5342091434576983,0.3642108324763878
TMC6,0.43262665983367965,0.5033105622700998,0.3638867214621034
MKI67,0.43272719706822493,0.5124540199684708,0.3637858083708008
RAI1,0.432848733353961,0.7020493956910142,0.36366384902156773
PGLYRP4,0.4329217138002366,0.659695218076721,0.3635906309871948
PLXNC1,0.43314313207846544,0.5351550183920126,0.3633685673877311
B4GALT3,0.4331472072321787,0.5351550183920126,0.3633644814209593
CLNS1A,0.4331472072321787,0.5351550183920126,0.3633644814209593
AHR,0.4331472072321787,0.5351550183920126,0.3633644814209593
ATP6V0A1,0.4331472072321787,0.5351550183920126,0.3633644814209593
TRPM4,0.4333123591814345,0.5266421439831844,0.36319892359486744
EN2,0.43354070531673305,0.8289017341040462,0.36297012018427954
DEFA5_1,0.4338994584874516,0.9653179190751445,0.362610891875993
DEFA5,0.4338994584874516,0.9653179190751445,0.362610891875993
NINL,0.43394798490585573,0.5460851287440882,0.36256232399480176
SPRED2,0.4340468136518846,0.5077246452968996,0.3624634275974719
GRIK5,0.4345256823009396,0.5350499211770888,0.3619845498207018
RNASEH2A,0.4345256823009396,0.5350499211770888,0.3619845498207018
DEXI,0.4345256823009396,0.5350499211770888,0.3619845498207018
TMEM14A,0.4345256823009396,0.5350499211770888,0.3619845498207018
RCN2,0.4345256823009396,0.5350499211770888,0.3619845498207018
CRMP1,0.4345256823009396,0.5350499211770888,0.3619845498207018
ARSD,0.43461235132528697,0.8776668418286915,0.36189793554841243
PHTF2,0.435140621183127,0.5148712559117183,0.3613703726203631
BPI,0.43517671366526145,0.982238570677877,0.36133435181459367
CUL1,0.4358927480216651,0.535995796111403,0.360620356310081
BAG6_5,0.43590668770580965,0.534944823962165,0.3606064679599494
MAP2K5,0.43590668770580965,0.534944823962165,0.3606064679599494
BAG6_2,0.43590668770580965,0.534944823962165,0.3606064679599494
WDR43,0.43590668770580965,0.534944823962165,0.3606064679599494
BAG6_1,0.43590668770580965,0.534944823962165,0.3606064679599494
BAG6,0.43590668770580965,0.534944823962165,0.3606064679599494
BAG6_3,0.43590668770580965,0.534944823962165,0.3606064679599494
BAG6_4,0.43590668770580965,0.534944823962165,0.3606064679599494
PSME3,0.43590668770580965,0.534944823962165,0.3606064679599494
BAG6_6,0.43590668770580965,0.534944823962165,0.3606064679599494
SYMPK,0.4361087072332933,0.5923279033105623,0.3604052422290697
CD36,0.4366561574114579,0.5266421439831844,0.35986041135352226
SPC25_1,0.4367405893315055,0.7171833946400421,0.3597764442052036
SPC25,0.4367405893315055,0.7171833946400421,0.3597764442052036
SLC37A1,0.4372762973783749,0.5348397267472411,0.3592440630090533
ANKRD27,0.4372902204719712,0.5348397267472412,0.35923023507807955
POGZ,0.4372902204719712,0.5348397267472412,0.35923023507807955
COQ3,0.4372902204719712,0.5348397267472411,0.35923023507807955
NHP2,0.4372902204719712,0.5348397267472412,0.35923023507807955
DLGAP5,0.4375192397410753,0.5371518654755649,0.3590028442881596
USP19,0.4376064909975914,0.8124014713610089,0.35891624475614115
CHEK1,0.43773817258752123,0.693011035207567,0.3587855794520952
ZNF280D,0.4379731934726523,0.534419337887546,0.35855247005109664
ABCA12,0.43856863760861375,0.802101944298476,0.3579624282912218
COMP,0.4386107554327703,0.5297950604308986,0.35792072293703747
PPP2R5A,0.4386476071495976,0.8307934839726747,0.35788423540278574
TMEM254,0.43865715614089495,0.5347346295323174,0.3578747812782856
SMAD1,0.43867616170949364,0.5347346295323174,0.3578559651375984
TLK2,0.43867627759129846,0.5347346295323174,0.3578558504132843
S100A2,0.4389504633412876,0.6097740409879138,0.35758448821211797
ZNF573,0.4393371269219417,0.5332632685233841,0.3572020943991081
OSMR,0.43952121424398294,0.9821334734629532,0.3570201581175135
DDX52,0.4397260136509683,0.5300052548607462,0.3568178412920803
DDX52_1,0.4397260136509683,0.5300052548607462,0.3568178412920803
CYP4F2,0.44006369861432204,0.534419337887546,0.3564844554355205
VPS4B,0.44006485602234724,0.5346295323173936,0.35648331320256826
ACAA1,0.44006485602234724,0.5346295323173935,0.35648331320256826
RFXANK,0.44006485602234724,0.5346295323173935,0.35648331320256826
ZNF277,0.44006485602234724,0.5346295323173936,0.35648331320256826
ADAM17,0.44006485602234724,0.5346295323173935,0.35648331320256826
PIGZ,0.44031568642052976,0.5859169732002102,0.3562358423521345
POLR3G,0.44060738478619565,0.8113504992117708,0.3559482281452652
WWC1,0.4407074529848912,0.5338938518129269,0.35584960489547596
ZCCHC2,0.44075997410095147,0.5345244351024698,0.355797851126217
NDNF,0.44083481316156814,0.7703625853914872,0.35572411613684474
C1orf21,0.4411408284223137,0.6691539674198634,0.3554227455814983
GRIN2A,0.4413338451120472,0.8551760378349974,0.3552327659999484
RPS6KA2,0.44141387049701386,0.5356805044666316,0.35515402417465936
FADS1,0.44143051951371304,0.5335785601681555,0.35513764399223025
SHC3,0.441454796710833,0.5347346295323174,0.35511375990999633
MFN1,0.4414559526903449,0.5345244351024698,0.35511262268174637
CLSTN1,0.4414559526903449,0.5345244351024698,0.35511262268174637
MBD3,0.4414559526903449,0.5345244351024698,0.35511262268174637
TTC38,0.4414559526903449,0.5345244351024698,0.35511262268174637
IMPA1,0.4414559526903449,0.5345244351024698,0.35511262268174637
SNRPD1,0.4414559526903449,0.5345244351024698,0.35511262268174637
HOXD1,0.4414559526903449,0.5345244351024698,0.35511262268174637
RMC1,0.4414559526903449,0.5345244351024698,0.35511262268174637
CA1,0.4418209648214173,0.6143983184445612,0.354753680292936
TNFRSF13B,0.44184810638869276,0.714555964266947,0.35472700190554945
BICD2,0.44204046700159416,0.5385181292695744,0.35453797094270517
CCDC134,0.4422592847693082,0.6420388859695219,0.35432304076589605
HOXA1,0.4425553743031,0.9478717813977929,0.35403238089909467
PHLDA3,0.44284956448718016,0.534419337887546,0.35374377808544316
NGLY1,0.44284956448718016,0.534419337887546,0.35374377808544316
PUS3,0.44284956448718016,0.5344193378875459,0.35374377808544316
OGT,0.44284956448718016,0.5344193378875459,0.35374377808544316
TUBB6,0.44284956448718016,0.5344193378875459,0.35374377808544316
TBCB,0.44284956448718016,0.534419337887546,0.35374377808544316
CYP2E1,0.4429700819735892,0.9288491854965844,0.3536256048662052
ZNF821,0.4429700819735892,0.9288491854965844,0.3536256048662052
MYBL1,0.443081946601688,0.5110877561744613,0.35351594496047783
GNG4,0.44384288672352235,0.6229111928533894,0.35277073597626757
SMR3B,0.4438905087954337,0.9820283762480294,0.3527241408990245
CELA2B,0.4438905087954337,0.9820283762480294,0.3527241408990245
AKAP3,0.4438905087954337,0.9820283762480294,0.3527241408990245
CRADD,0.4440680314187617,0.53011035207567,0.3525504906816778
AGRN,0.4442456882713939,0.5343142406726222,0.3523767786470916
SMARCD1,0.4442456882713939,0.5343142406726221,0.3523767786470916
TRMT61A,0.4442456882713939,0.5343142406726221,0.3523767786470916
LIN7C,0.4442456882713939,0.5343142406726221,0.3523767786470916
FOXJ1,0.4442456882713939,0.5343142406726221,0.3523767786470916
NUDC,0.4442456882713939,0.5343142406726222,0.3523767786470916
CMC2,0.4442456882713939,0.5343142406726221,0.3523767786470916
CMC2_1,0.4442456882713939,0.5343142406726221,0.3523767786470916
TUBGCP4,0.4448663159087056,0.5313715186547556,0.3517704766272995
UBE2W,0.44561898399578936,0.5356805044666316,0.3510363158841557
RPS6KA5,0.445643860228219,0.5342091434576983,0.3510120725073616
CHTOP,0.4456443208681715,0.5342091434576983,0.3510116235989305
INSIG1,0.4456443208681715,0.5342091434576983,0.3510116235989305
RTCA,0.4456443208681715,0.5342091434576983,0.3510116235989305
XRCC2,0.4456443208681715,0.5342091434576983,0.3510116235989305
UQCRC2,0.4456443208681715,0.5342091434576983,0.3510116235989305
PIK3C3,0.4456443208681715,0.5342091434576983,0.3510116235989305
FXR1,0.4456443208681715,0.5342091434576983,0.3510116235989305
KLF3,0.4456443208681715,0.5342091434576983,0.3510116235989305
ITPA,0.4456443208681715,0.5342091434576983,0.3510116235989305
GLRX,0.4456443208681715,0.5342091434576983,0.3510116235989305
PLAGL1,0.44592358317604397,0.5401996847083552,0.35073955888523056
HACD1,0.44606370846524035,0.7090909090909091,0.350603109317072
PLXNA2,0.4461055530358091,0.7922228060956384,0.35056237071086094
SLC38A7,0.44614064984543733,0.5296899632159747,0.35052820446680727
TIAL1,0.4470390183504638,0.5334734629532317,0.34965456922877186
GFOD1,0.44704545906933524,0.5341040462427745,0.34964831217200365
ZNF574,0.44704545906933524,0.5341040462427745,0.34964831217200365
TRAPPC3,0.44704545906933524,0.5341040462427746,0.34964831217200365
IFI30,0.44704545906933524,0.5341040462427746,0.34964831217200365
IMMT,0.44704545906933524,0.5341040462427746,0.34964831217200365
SLC2A9,0.44809335444747034,0.783920126116658,0.3486314969443422
ZFP2,0.4482845006677011,0.9819232790331056,0.34844627650528864
RGS9,0.4482845006677011,0.9819232790331056,0.34844627650528864
DIPK1A,0.44843531588426033,0.5332632685233841,0.34830019248718774
IL17RB,0.44844507947808676,0.5339989490278507,0.34829073687873774
GSTT4,0.4484490996333369,0.5339989490278507,0.34828684359615836
GSTT4_1,0.4484490996333369,0.5339989490278507,0.34828684359615836
ESRP1,0.4484490996333369,0.5339989490278507,0.34828684359615836
CHRNA2,0.4484490996333369,0.5339989490278507,0.34828684359615836
FCGRT,0.4484490996333369,0.5339989490278507,0.34828684359615836
UBOX5,0.4484490996333369,0.5339989490278507,0.34828684359615836
PRKACG,0.4484490996333369,0.5339989490278507,0.34828684359615836
KLF10,0.4484490996333369,0.5339989490278507,0.34828684359615836
FCGBP_1,0.4490049649766731,0.5132947976878612,0.347748856658035
FCGBP,0.4490049649766731,0.5132947976878612,0.347748856658035
FERMT2,0.44907378750440263,0.5318970047293746,0.3476822940230779
IL37,0.4491306491435847,0.7705727798213348,0.34762730721794943
INKA2,0.44926670367761534,0.567735155018392,0.3474957669064523
ZNF571,0.4494041575402996,0.7221229637414608,0.347362914141059
F2RL1,0.44949740100598257,0.647819232790331,0.3472728150142306
ABLIM3,0.44951676620261394,0.5477666841828692,0.34725410519107974
CALCRL,0.4496971357932982,0.5828691539674198,0.347079878527515
TMEM135,0.4498551245769251,0.5338938518129269,0.3469273278405565
STEEP1,0.4498552392852525,0.5338938518129269,0.34692721710004354
NES,0.4498552392852525,0.533893851812927,0.34692721710004354
WDR48,0.4498552392852525,0.533893851812927,0.34692721710004354
CYP4A11,0.4502141881382885,0.929059379926432,0.34658082267829404
NR2F1,0.45027722776268175,0.5198108250131371,0.3465200164105684
PPP6R2,0.4505771139879755,0.525275880189175,0.34623087102575145
BEAN1,0.45085775547319307,0.8957435627955859,0.3459604553662513
GABRB2,0.45119971302025563,0.5314766158696794,0.34563118525201697
CSN3,0.45124731713884214,0.9647924330005255,0.3455853671478042
SCARB2,0.45126158360856927,0.5339989490278507,0.3455716368697446
HPS1,0.4512638747167761,0.5337887545980031,0.34556943191110884
PEX7,0.4512638747167761,0.5337887545980031,0.34556943191110884
VPS37B,0.4512638747167761,0.5337887545980031,0.34556943191110884
APOE,0.4512638747167761,0.5337887545980031,0.34556943191110884
GAA,0.4512638747167761,0.5337887545980031,0.34556943191110884
UROD,0.4512638747167761,0.5337887545980031,0.34556943191110884
GAA_1,0.4512638747167761,0.5337887545980031,0.34556943191110884
ZNF44,0.4512902759617081,0.8524435102469785,0.3455440242056897
HAUS7,0.45166223125734783,0.9180241723594325,0.34518622434300245
PLCL1,0.45233572784327214,0.6651602732527588,0.3445391080480592
PKD1,0.4526713811411165,0.5744613767735155,0.3442169616686038
C1RL_1,0.45267454498731796,0.5337887545980031,0.3442139262742706
NUP42,0.45267454498731796,0.5335785601681555,0.3442139262742706
C1RL,0.45267454498731796,0.5337887545980031,0.3442139262742706
MYBL2,0.45267500258621574,0.5336836573830793,0.3442134872556026
DNASE1L1,0.45267500258621574,0.5336836573830793,0.3442134872556026
KCTD2,0.45267500258621574,0.5336836573830793,0.3442134872556026
PMVK,0.45267500258621574,0.5336836573830793,0.3442134872556026
CASP5,0.45267500258621574,0.5336836573830793,0.3442134872556026
CHRNB3,0.4527030899779826,0.9818181818181818,0.34418654116675973
ZNF74,0.45286469294969134,0.5772990015764583,0.34403153724338603
SEMA4F,0.45376474570795344,0.5194955333683657,0.3431692487314966
LRRC20,0.45408861951848967,0.5335785601681555,0.34285938235857016
RAP2B,0.45408861951848967,0.5335785601681555,0.34285938235857016
SIGMAR1,0.45408861951848967,0.5335785601681555,0.34285938235857016
VPS35L,0.45408861951848967,0.5335785601681555,0.34285938235857016
LY6E_1,0.45408861951848967,0.5335785601681555,0.34285938235857016
LY6E,0.45408861951848967,0.5335785601681555,0.34285938235857016
STMN3,0.4542824792514165,0.5250656857593273,0.3426740127146755
MEIS2,0.45439498172094683,0.5966368891224383,0.3425664735623015
BMP2,0.4547633927986364,0.9646873357856017,0.3422145020876843
SMCP,0.45517072216095333,0.5259064634787178,0.3418256807361614
ZNF473,0.45546208133151433,0.6090383604834472,0.34154777358443333
RCBTB2,0.4555046080203514,0.5334734629532317,0.3415072252163649
POMGNT1,0.4555047221051225,0.5334734629532317,0.3415071164438531
SIGLEC1,0.4555047221051225,0.5334734629532317,0.3415071164438531
CAPN2,0.4555047221051225,0.5334734629532317,0.3415071164438531
POLR2A_1,0.4555047221051225,0.5334734629532317,0.3415071164438531
SYNCRIP,0.4555047221051225,0.5334734629532317,0.3415071164438531
SLC25A40,0.4555047221051225,0.5334734629532317,0.3415071164438531
POLR2A,0.4555047221051225,0.5334734629532317,0.3415071164438531
NCLN,0.4562514438572056,0.5201261166579085,0.3407957481612774
DYRK1A,0.4568818335264173,0.5322122963741461,0.3401961099593598
MMP25,0.4569193194857044,0.5333683657383079,0.34016047869489335
B3GAT3,0.456923306904243,0.5333683657383079,0.3401566887340875
PPID,0.456923306904243,0.5333683657383079,0.3401566887340875
UBA1,0.456923306904243,0.5333683657383079,0.3401566887340875
CREBL2,0.456923306904243,0.5333683657383079,0.3401566887340875
PHKA2,0.456923306904243,0.5333683657383079,0.3401566887340875
ATG9A,0.456923306904243,0.5333683657383079,0.3401566887340875
GYG1,0.456923306904243,0.5333683657383079,0.3401566887340875
CDC25B,0.456923306904243,0.5333683657383079,0.3401566887340875
MTHFSD,0.4572149219366316,0.6676826064109301,0.3398796041538637
CBL,0.4578701054633437,0.7137151865475565,0.3392577108207052
TMEM132A,0.4583443704405834,0.5332632685233841,0.3388080984507013
ZNF354A,0.4583443704405834,0.5332632685233841,0.3388080984507013
UXT,0.4583443704405834,0.5332632685233841,0.3388080984507013
TYW1,0.4583443704405834,0.5332632685233841,0.3388080984507013
IDH1,0.4583443704405834,0.5332632685233841,0.3388080984507013
ERCC4,0.45836056491160915,0.5499737256962691,0.3387927539944138
TMSB15A,0.4589569204646291,0.5502890173410404,0.3382280771697704
MOSPD3,0.45905571695748015,0.5331581713084603,0.3381345996508492
MAP9,0.4592664704101558,0.520966894377299,0.33793525988882434
GRB14,0.45931472987056243,0.6303730951129796,0.33788962686832025
RBP4,0.45933584385144055,0.7594324750394115,0.33786966348800945
KDM3B,0.4597679092054764,0.5331581713084603,0.337461344813915
NOP56,0.4597679092054764,0.5331581713084603,0.337461344813915
SHMT2,0.4597679092054764,0.5331581713084603,0.337461344813915
DRP2,0.4597679092054764,0.5331581713084603,0.337461344813915
ZNF672,0.4597679092054764,0.5331581713084603,0.337461344813915
HP,0.46025966110364314,0.6277456647398845,0.33699708664803174
MFNG,0.460534000652983,0.6017866526537047,0.3367383008615523
GNL3L,0.460552434325196,0.6771413557540725,0.33672091781948293
SORBS2,0.46096417933582,0.5384130320546505,0.3363328215110406
FOLR2,0.46119391965685697,0.5330530740935365,0.33611642704273786
KEAP1,0.46119391965685697,0.5330530740935365,0.33611642704273786
STK38,0.46119391965685697,0.5330530740935365,0.33611642704273786
CARS2,0.46119391965685697,0.5330530740935365,0.33611642704273786
PUS7,0.46119391965685697,0.5330530740935365,0.33611642704273786
PTTG1IP,0.46119391965685697,0.5330530740935365,0.33611642704273786
TPH1,0.4612051668615188,0.9293746715712033,0.33610583596780486
ARHGAP26,0.46137296143861795,0.9007882291119286,0.3359478607080505
PPFIA4,0.4616252117060642,0.7882291119285338,0.33571048016900845
NADK,0.46189832867422564,0.5322122963741461,0.335453609195052
CDC7,0.46205970607174696,0.5261166579085654,0.3353019024912311
DDX28,0.4622647917023255,0.6633736205990541,0.33510918324738553
SLC44A4_5,0.46237743354240757,0.5514450867052023,0.3350033699317366
SLC44A4_7,0.46237743354240757,0.5514450867052023,0.3350033699317366
SLC44A4_6,0.46237743354240757,0.5514450867052023,0.3350033699317366
SLC44A4_4,0.46237743354240757,0.5514450867052023,0.3350033699317366
SLC44A4_2,0.46237743354240757,0.5514450867052023,0.3350033699317366
SLC44A4,0.46237743354240757,0.5514450867052023,0.3350033699317366
SLC44A4_1,0.46237743354240757,0.5514450867052023,0.3350033699317366
SLC44A4_3,0.46237743354240757,0.5514450867052023,0.3350033699317366
TAF2,0.4626223982192612,0.5329479768786127,0.3347733443549682
NTAN1_1,0.4626223982192612,0.5329479768786127,0.3347733443549682
NTAN1,0.4626223982192612,0.5329479768786127,0.3347733443549682
NCAPG2,0.4626223982192612,0.5329479768786127,0.3347733443549682
MXRA8,0.4626223982192612,0.5329479768786127,0.3347733443549682
SCAF4,0.4637725474760993,0.8454019968470836,0.33369496253827874
IL17RC,0.4640533412838289,0.5328428796636889,0.3334320959671906
PHF3,0.4640533412838289,0.5328428796636889,0.3334320959671906
KPNA3,0.4640533412838289,0.5328428796636889,0.3334320959671906
GTPBP3,0.4640533412838289,0.5328428796636889,0.3334320959671906
ELK1,0.4640533412838289,0.5328428796636889,0.3334320959671906
RNF126,0.4642315375471592,0.9151865475564898,0.333265359103162
PSG9,0.4642994647418148,0.5910667367314766,0.3332018170010889
IFT27,0.4647460754113638,0.5218076720966894,0.33278426897808644
ARSJ,0.4647648182936448,0.7400945874934315,0.33276675454031956
POLM,0.4647696228484116,0.5327377824487651,0.33276226499903766
ACBD4,0.46532539461551814,0.5245401996847083,0.33224324568198416
SMO,0.46535795412441483,0.5352601156069364,0.33221285851523785
DDX43,0.4654036962090953,0.9643720441408302,0.33217017189406833
PTEN,0.4654844865058615,0.5327377824487651,0.3320947884466973
NCAPD2,0.4654844865058615,0.5330530740935365,0.3320947884466973
PTEN_1,0.4654844865058615,0.5327377824487651,0.3320947884466973
CAST,0.46548674520830435,0.5327377824487651,0.3320926810947754
COPG1,0.46548674520830435,0.5327377824487651,0.3320926810947754
PARP8,0.46548674520830435,0.5327377824487651,0.3320926810947754
SCML2,0.46548674520830435,0.5327377824487651,0.3320926810947754
RBM28,0.46548674520830435,0.5327377824487651,0.3320926810947754
LIG3,0.4661857477389657,0.5337887545980031,0.33144100789166797
LY96,0.46619488924948227,0.5330530740935365,0.33143249182555456
IFI35,0.46689779654208907,0.5335785601681555,0.33077817565555084
PELO,0.4669224935530585,0.5326326852338413,0.3307552038360267
MARK4,0.46692260631703997,0.5326326852338413,0.3307550989518764
WDR45,0.46692260631703997,0.5326326852338413,0.3307550989518764
UBXN4,0.46692260631703997,0.5326326852338413,0.3307550989518764
WDR45_1,0.46692260631703997,0.5326326852338413,0.3307550989518764
COMMD9,0.46692260631703997,0.5326326852338413,0.3307550989518764
NAP1L3,0.46713524568110987,0.8033631108775617,0.33055736365347116
GINS4,0.4674533270683512,0.7971623751970572,0.3302617448097645
ZNF165,0.4676365989094712,0.7685759327377825,0.33009150674368204
RNF25,0.467640330372853,0.5324224908039937,0.33008804134449293
MYO10,0.46835461564171477,0.5330530740935365,0.3294251954342431
BCAT2,0.46836092090099934,0.5325275880189175,0.32941934875142964
NRIP1,0.46836092090099934,0.5325275880189175,0.32941934875142964
CDKN1A,0.46836092090099934,0.5325275880189175,0.32941934875142964
GNAS,0.46836092090099934,0.5325275880189175,0.32941934875142964
USH1C,0.4685925069111352,0.8456121912769312,0.3292046603254083
PBK,0.46890753653814166,0.5097214923804518,0.32891278698684034
PGGHG,0.46932151584117754,0.5202312138728323,0.32852953528909706
MLF1,0.46976076024826063,0.5308460325801366,0.32812326324889
CFB_4,0.46980123554358766,0.5323173935890699,0.32808584539354135
CFB_2,0.46980123554358766,0.5323173935890699,0.32808584539354135
CFB_1,0.46980123554358766,0.5323173935890699,0.32808584539354135
CFB,0.46980123554358766,0.5323173935890699,0.32808584539354135
CFB_3,0.46980123554358766,0.5323173935890699,0.32808584539354135
CFB_6,0.46980123554358766,0.5323173935890699,0.32808584539354135
CFB_5,0.46980123554358766,0.5323173935890699,0.32808584539354135
SMIM7,0.4698016852177611,0.5324224908039937,0.3280854297051524
CASP9,0.4698016852177611,0.5324224908039936,0.3280854297051524
ZNF32,0.4698016852177611,0.5324224908039936,0.3280854297051524
GUSB,0.4698016852177611,0.5324224908039937,0.3280854297051524
SMAP1,0.4698016852177611,0.5324224908039936,0.3280854297051524
EXPH5,0.4699516790320053,0.5184445612191277,0.32794679442300895
RNF144A,0.4712127910162922,0.5312664214398318,0.3267829291878539
MGAT2,0.4712202002531627,0.5310562270099842,0.3267761004993045
DENND4B,0.4712448954915246,0.5323173935890699,0.3267533410235409
TPD52L2,0.4712448954915246,0.5323173935890699,0.3267533410235409
MSH3,0.4719489101028336,0.5317919075144508,0.3261050125128177
PFKFB1,0.47234448556454545,0.9296899632159747,0.32574115049485725
PKIA,0.4726720559445047,0.5334734629532317,0.32544007213717735
ACLY,0.47269054791311493,0.532212296374146,0.3254230819158692
LEPROTL1,0.47269054791311493,0.5322122963741461,0.3254230819158692
BCKDK,0.47269054791311493,0.5322122963741461,0.3254230819158692
ARRB1,0.47269054791311493,0.5322122963741461,0.3254230819158692
FGB,0.4733269371759673,0.7840252233315816,0.32483877900129177
SYT17,0.474097906527742,0.5321071991592223,0.3241319623892421
PPP1R10_3,0.47413863863998973,0.5321071991592223,0.3240946515901878
TRAF3IP2,0.47413863863998973,0.5321071991592223,0.3240946515901878
SMNDC1,0.47413863863998973,0.5321071991592223,0.3240946515901878
PPP1R10_6,0.47413863863998973,0.5321071991592223,0.3240946515901878
BNIP3,0.47413863863998973,0.5321071991592223,0.3240946515901878
THAP7,0.47413863863998973,0.5321071991592223,0.3240946515901878
PPP1R10,0.47413863863998973,0.5321071991592223,0.3240946515901878
PPP1R10_1,0.47413863863998973,0.5321071991592223,0.3240946515901878
PPA1,0.47413863863998973,0.5321071991592223,0.3240946515901878
PPP1R10_2,0.47413863863998973,0.5321071991592223,0.3240946515901878
PPP1R10_5,0.47413863863998973,0.5321071991592223,0.3240946515901878
PPP1R10_4,0.47413863863998973,0.5321071991592223,0.3240946515901878
RHO,0.47451692758664055,0.5611140304781923,0.3237482902412382
TMEM74B,0.47464427380404295,0.5452443510246978,0.3236317541675766
AURKB,0.47473655066757137,0.5490278507619548,0.32354733002137326
MAB21L4,0.47485420579864246,0.5324224908039936,0.32343971108320374
STT3A,0.47486348535901857,0.5321071991592223,0.32343122422041604
TRRAP,0.475189095766669,0.6016815554387809,0.3231335337311967
TP53TG5,0.47553832894994397,0.5320021019442984,0.3228144726685355
HDAC9,0.47558525394124407,0.5324224908039936,0.32277161963625217
ELK3,0.47558916379624594,0.5320021019442984,0.322768049253322
GLT8D2,0.47558916379624594,0.5320021019442984,0.322768049253322
FLOT1_7,0.47558916379624594,0.5320021019442984,0.322768049253322
CD5,0.47558916379624594,0.5320021019442984,0.322768049253322
FLOT1_1,0.47558916379624594,0.5320021019442984,0.322768049253322
FLOT1,0.47558916379624594,0.5320021019442984,0.322768049253322
CSDC2,0.47558916379624594,0.5320021019442984,0.322768049253322
FLOT1_2,0.47558916379624594,0.5320021019442984,0.322768049253322
FLOT1_5,0.47558916379624594,0.5320021019442984,0.322768049253322
FLOT1_6,0.47558916379624594,0.5320021019442984,0.322768049253322
FLOT1_3,0.47558916379624594,0.5320021019442984,0.322768049253322
FLOT1_4,0.47558916379624594,0.5320021019442984,0.322768049253322
LRFN4,0.4761734178843544,0.5224382553862322,0.3222348525018401
FRK,0.4761809469311361,0.9640567524960588,0.3222279856808496
CEP112,0.476794757871015,0.5509196006305833,0.3216685281004684
SPATS2L,0.47704200794488827,0.5318970047293747,0.3214433756446464
HSBP1,0.47704211947262853,0.5318970047293746,0.32144327411087015
DDX5,0.47704211947262853,0.5318970047293746,0.32144327411087015
SCAF8,0.47704211947262853,0.5318970047293747,0.32144327411087015
FBXL4,0.47813235744157323,0.5291644771413557,0.320451864581122
CSNK2A2,0.47827199522297825,0.5259064634787178,0.32032504809771445
PIK3CD,0.47845696749423283,0.5333683657383079,0.3201571166545526
CSNK1G3,0.47849739038153505,0.5317919075144508,0.32012042642630106
IARS1_1,0.47849750172653804,0.5317919075144508,0.32012032536720286
IARS1,0.47849750172653804,0.5317919075144508,0.32012032536720286
MTG1,0.47849750172653804,0.5317919075144508,0.32012032536720286
AHCYL2,0.47849750172653804,0.5317919075144508,0.32012032536720286
PYGB,0.47849750172653804,0.5317919075144508,0.32012032536720286
CYP3A4,0.47849750172653804,0.5317919075144508,0.32012032536720286
TDP1,0.47849750172653804,0.5317919075144508,0.32012032536720286
ATP6V0E2,0.47849750172653804,0.5317919075144508,0.32012032536720286
GABRA1,0.47928408500019315,0.73977929584866,0.31940699185392485
MAT2A,0.47958042798475553,0.5723594324750394,0.31913854907540723
ZNF135,0.4795965142779982,0.5552285864424593,0.3191239820271758
ZNF667,0.47968876695624596,0.914555964266947,0.31904045144454085
ING3,0.47992351174388015,0.5327377824487651,0.3188279731963535
WDR45B,0.4799553065820409,0.531686810299527,0.3187992022254608
LRP1,0.4799553065820409,0.531686810299527,0.3187992022254608
TMEM222,0.4799553065820409,0.5316868102995271,0.3187992022254608
PLAG1,0.4802328017981311,0.948922753547031,0.3185481792365154
TUBD1,0.48028665375582313,0.5199159222280609,0.3184994814033698
PITX1,0.48088223376028183,0.7265370467682606,0.31796126768061594
PLAC1,0.480997839546323,0.5077246452968996,0.3178568743022961
PTPRN2_1,0.4812023492380193,0.8275354703100368,0.3176722610940009
PTPRN2,0.4812023492380193,0.8275354703100368,0.3176722610940009
TGFBR3,0.48137513050586245,0.5331581713084603,0.31751635062739325
MEPE,0.4814144202773756,0.5315817130846032,0.3174809050184147
PLAC4,0.481415530029879,0.5315817130846032,0.31747990388755376
AP2B1,0.481415530029879,0.5315817130846032,0.31747990388755376
CLEC5A,0.48156085020781936,0.5953757225433526,0.31734882746000487
STK10,0.4817909928713847,0.5682606410930111,0.31714132343858953
MARCHF8,0.4821454386461591,0.5316868102995271,0.31682193754129795
MARCHF8_1,0.4821454386461591,0.5316868102995271,0.31682193754129795
INTS1,0.4823287683616321,0.5208617971623752,0.31665683393525185
MYO5A,0.48287772487664715,0.5314766158696794,0.3161628281185646
ARL2,0.4828781680274816,0.5314766158696795,0.31616242955415824
DPYD,0.48357873004229,0.5328428796636889,0.31553280960699037
MS4A4A,0.4839416841210449,0.5578560168155544,0.3152069685008507
PCDHA9,0.48425294454476986,0.5345244351024698,0.3149277298331008
PCDHA9_1,0.48425294454476986,0.5345244351024698,0.3149277298331008
INPP5J,0.4843188830821542,0.5304256437204414,0.3148685979398158
CDK5,0.4843299441479697,0.5309511297950604,0.31485867946428
ROBO3,0.4843299441479697,0.5309511297950604,0.31485867946428
GORASP1,0.4843432164989755,0.5313715186547556,0.3148467784247173
ATP5PO,0.4843432164989755,0.5313715186547556,0.3148467784247173
TEP1,0.4851067038989463,0.5597477666841828,0.3141627236295495
TEP1_1,0.4851067038989463,0.5597477666841828,0.3141627236295495
NDP,0.4854888127668814,0.8667367314766159,0.31382077319076346
TFDP1,0.48580846315480053,0.5315817130846032,0.3135349237231193
HMGB2,0.4858106713351983,0.5312664214398318,0.31353294969743833
KIF13B,0.4858106713351983,0.5312664214398318,0.31353294969743833
NAE1,0.4858106713351983,0.5312664214398318,0.31353294969743833
DLG3,0.4858106713351983,0.5312664214398318,0.31353294969743833
SLC11A2,0.4858106713351983,0.5312664214398318,0.31353294969743833
ZNF768,0.4858106713351983,0.5312664214398318,0.31353294969743833
AFP,0.4865207196576855,0.8195480819758276,0.3128986595243301
PRAMEF11_1,0.4865335372599181,0.7583815028901735,0.31288721799600505
PRAMEF11,0.4865335372599181,0.7583815028901735,0.31288721799600505
PPARG,0.4870197292387499,0.8550709406200736,0.31245344509754763
FAM149B1,0.48708782040799137,0.8330005254860746,0.3123927297912618
CDK19,0.48727435616527315,0.5317919075144508,0.31222644367506686
ZNF8,0.48728052839371205,0.531161324224908,0.3122209425692911
TYMP,0.48728052839371205,0.531161324224908,0.3122209425692911
SMAD2,0.48728052839371205,0.531161324224908,0.3122209425692911
TNIP2,0.48728052839371205,0.531161324224908,0.3122209425692911
DLEU1,0.48728052839371205,0.531161324224908,0.3122209425692911
NAA16,0.48728052839371205,0.531161324224908,0.3122209425692911
VAT1,0.48728052839371205,0.531161324224908,0.3122209425692911
KCTD20,0.4886757638850062,0.6242774566473989,0.3109791994862781
MPZ,0.48869115963650744,0.5296899632159747,0.3109655172349938
SLC35D2,0.4887527834988159,0.5310562270099842,0.31091075623600756
RSRP1,0.4887527834988159,0.5310562270099842,0.31091075623600756
CEP350,0.4887527834988159,0.5310562270099842,0.31091075623600756
METTL25B,0.4887527834988159,0.5310562270099842,0.31091075623600756
PRRC2C,0.4887527834988159,0.5310562270099842,0.31091075623600756
NME4,0.4887527834988159,0.5310562270099842,0.31091075623600756
NUBPL,0.48882320325724404,0.5635312664214398,0.3108481873657212
GPR35,0.48899431902349755,0.5070940620073567,0.3106961863387079
STK11,0.48948243353119536,0.652653704676826,0.3102628894734303
TNNC2,0.4899267837742838,0.7772990015764583,0.30986881747893286
MN1,0.4899975885940596,0.6119810825013137,0.30980605724265053
CD70,0.49012097617915895,0.5326326852338413,0.30969671017066747
PPAT,0.4901960187701565,0.5299001576458224,0.30963022028339726
RAB25,0.49022633415828165,0.5309511297950604,0.3096033628668066
IVNS1ABP,0.49022743244156264,0.5309511297950604,0.3096023898920785
DOCK1,0.49022743244156264,0.5309511297950604,0.3096023898920785
GNPDA1,0.49022743244156264,0.5309511297950604,0.3096023898920785
DGCR11,0.49022743244156264,0.5309511297950604,0.3096023898920785
AARS1,0.49022743244156264,0.5309511297950604,0.3096023898920785
LMBRD1,0.49022743244156264,0.5309511297950604,0.3096023898920785
HDAC7,0.49022743244156264,0.5309511297950604,0.3096023898920785
AASDHPPT,0.49022743244156264,0.5309511297950604,0.3096023898920785
FAM168B,0.49022743244156264,0.5309511297950604,0.3096023898920785
MUS81,0.49022743244156264,0.5309511297950604,0.3096023898920785
SSTR2,0.4903305830070409,0.7631108775617446,0.30951101799801023
PIP5K1A,0.4909645559749849,0.5310562270099842,0.3089498596084021
IGSF3,0.4909655435477156,0.5308460325801366,0.3089489860281185
APOLD1,0.4917022783362187,0.530635838150289,0.3082977793719184
SYNE2,0.4917033746615016,0.5310562270099842,0.30829681104715984
ALDH18A1,0.49170447097977177,0.5308460325801366,0.30829584273075433
PHF24,0.49170447097977177,0.5308460325801366,0.30829584273075433
ARHGEF10L,0.49170447097977177,0.5308460325801366,0.30829584273075433
ACTR3,0.49170447097977177,0.5308460325801366,0.30829584273075433
ZNF84,0.49170447097977177,0.5308460325801366,0.30829584273075433
CA7,0.4918230646898394,0.5660535995796112,0.30819110830847835
CENPA,0.4921865831525124,0.5963215974776668,0.3078702291993416
OSTF1,0.4931837854045631,0.5307409353652128,0.30699121031045656
LEPROT,0.4931838948380478,0.5307409353652128,0.30699111394404166
CD164,0.4931838948380478,0.5307409353652128,0.30699111394404166
TMX4,0.4931838948380478,0.5307409353652128,0.30699111394404166
RBM26,0.4931838948380478,0.5307409353652128,0.30699111394404166
GNL3,0.4931838948380478,0.5307409353652128,0.30699111394404166
TPSAB1,0.4931838948380478,0.5307409353652128,0.30699111394404166
VAMP3,0.4931838948380478,0.5307409353652128,0.30699111394404166
ACAT1,0.4931838948380478,0.5307409353652128,0.30699111394404166
GTF3A,0.4931838948380478,0.5307409353652128,0.30699111394404166
DTNB,0.49386086319669686,0.7612191276931162,0.3063953888438566
ATF7IP2,0.49466559047386327,0.530635838150289,0.305688298625248
CLP1,0.49466569970779617,0.530635838150289,0.305688202722703
PSMD3,0.49466569970779617,0.530635838150289,0.305688202722703
ATR,0.49466569970779617,0.530635838150289,0.305688202722703
MAP4,0.49466569970779617,0.530635838150289,0.305688202722703
RCHY1,0.49466569970779617,0.530635838150289,0.305688202722703
TCF25,0.49466569970779617,0.530635838150289,0.305688202722703
FLOT2,0.49466569970779617,0.530635838150289,0.305688202722703
IMPDH2,0.49466569970779617,0.530635838150289,0.305688202722703
CPNE1,0.49466569970779617,0.530635838150289,0.305688202722703
NXPH4,0.4949271121827328,0.6404624277456648,0.30545875481919704
CXCL8,0.4952083356343018,0.6383604834471887,0.3052120536294726
REEP1,0.49536672865215126,0.5617446137677351,0.30507316619591934
CWC25_1,0.495398326201156,0.5302154492905938,0.3050454650954176
CWC25,0.495398326201156,0.5302154492905938,0.3050454650954176
KLHL22,0.4955052262881269,0.503205465055176,0.30495176048017036
CLSTN3,0.49570663013652727,0.5217025748817656,0.3047752723144343
CLSTN3_1,0.49570663013652727,0.5217025748817656,0.3047752723144343
IAPP,0.49592502788670834,0.8307934839726747,0.3045839735826323
RRS1,0.49614988124724113,0.5305307409353652,0.3043871082562545
TMEM70,0.49614988124724113,0.5305307409353652,0.3043871082562545
C2orf68,0.49614988124724113,0.5305307409353652,0.3043871082562545
SETD4,0.49614988124724113,0.5305307409353652,0.3043871082562545
GBF1,0.49614988124724113,0.5305307409353652,0.3043871082562545
BTK,0.49614988124724113,0.5305307409353652,0.3043871082562545
CCN2,0.49614988124724113,0.5305307409353652,0.3043871082562545
FUS,0.49614988124724113,0.5305307409353652,0.3043871082562545
TNNI2_1,0.496277414090603,0.9162375197057278,0.3042754893785824
TNNI2,0.496277414090603,0.9162375197057278,0.3042754893785824
TPM3,0.49629146173529026,0.8826064109301104,0.30426319639877936
MCOLN3,0.4963499016149605,0.7437729900157646,0.30421205986905114
DPYSL3,0.49687488721684336,0.5300052548607462,0.30375295257778534
STC2,0.49688904924941735,0.5302154492905938,0.3037405744014919
CYSLTR2,0.4973859403483607,0.5371518654755649,0.30330649513247493
CNNM3,0.4976272930958888,0.5297950604308986,0.30309580814867165
LPIN2,0.4976359997599944,0.5304256437204414,0.30308820964442845
MTMR14,0.4976364350814443,0.5304256437204414,0.30308782973296516
SSB,0.4976364350814443,0.5304256437204414,0.30308782973296516
NOD1,0.4976364350814443,0.5304256437204414,0.30308782973296516
YARS1,0.4976364350814443,0.5304256437204414,0.30308782973296516
KDM6B,0.4976364350814443,0.5304256437204414,0.30308782973296516
UPF3B,0.4976364350814443,0.5304256437204414,0.30308782973296516
POLDIP3,0.4976364350814443,0.5304256437204414,0.30308782973296516
FCN2,0.4980866386102931,0.8468733578560168,0.30269510824884643
HMGCS2,0.4986098492892568,0.5967419863373621,0.30223914691181436
KLF4,0.4986837576870061,0.5391487125591172,0.3021747766819381
ETV5,0.4989808222127976,0.5347346295323174,0.301916145693663
COPA,0.49912535680232395,0.5303205465055176,0.3017903663398549
CXXC1,0.49912535680232395,0.5303205465055176,0.3017903663398549
CEP192,0.49912535680232395,0.5303205465055176,0.3017903663398549
IQGAP2,0.49912535680232395,0.5303205465055176,0.3017903663398549
LMF2,0.49912535680232395,0.5303205465055176,0.3017903663398549
MEX3C,0.49912535680232395,0.5303205465055176,0.3017903663398549
STXBP2,0.49912535680232395,0.5303205465055176,0.3017903663398549
RRP8,0.4997330158374317,0.5282186022070415,0.30126195709664094
AKR1C3,0.5004260912417142,0.5582764056752496,0.3006600551199009
ADK,0.5006166419686752,0.5302154492905937,0.30049471726269295
EPM2AIP1,0.5006166419686752,0.5302154492905938,0.30049471726269295
RANBP1,0.5006166419686752,0.5302154492905937,0.30049471726269295
KRT24,0.50067005126357,0.6078822911192854,0.30044838615246455
CNNM1,0.5009845278652956,0.8823962165002628,0.3001756864411065
SGCG,0.5018513282487067,0.927377824487651,0.29942492206649873
ADAM15,0.5019868775544659,0.5260115606936416,0.2993076356043288
LAMC2,0.5020496757093105,0.5324224908039936,0.29925330911179304
TRGC1,0.5020888123796496,0.8543352601156069,0.29921945553446566
AXL,0.5020973000080557,0.5310562270099842,0.29921211400656395
RFC1,0.5021102861061897,0.53011035207567,0.2992008816859973
IFRD1,0.5021102861061897,0.53011035207567,0.2992008816859973
MRPL48,0.5021102861061897,0.53011035207567,0.2992008816859973
INSL4,0.5025332392875055,0.8003152916447714,0.29883520721747564
PAOX,0.5033217047728696,0.6676826064109301,0.2981543410913552
PCYT2,0.5033875403317158,0.526852338413032,0.2980975381562481
STK19_4,0.5035933236516492,0.5307409353652128,0.2979200361504893
STK19,0.5035933236516492,0.5307409353652128,0.2979200361504893
STK19_3,0.5035933236516492,0.5307409353652128,0.2979200361504893
STK19_2,0.5035933236516492,0.5307409353652128,0.2979200361504893
STK19_1,0.5035933236516492,0.5307409353652128,0.2979200361504893
STK19_5,0.5035933236516492,0.5307409353652128,0.2979200361504893
EMC1,0.5036061767028326,0.5300052548607461,0.297908951932908
ITPR3,0.5036062847074788,0.5300052548607461,0.29790885879303197
TAOK3,0.5036062847074788,0.5300052548607462,0.29790885879303197
SUB1,0.5036062847074788,0.5300052548607461,0.29790885879303197
FAM98A,0.5036062847074788,0.5300052548607462,0.29790885879303197
AGO1,0.5036062847074788,0.5300052548607462,0.29790885879303197
LTA4H,0.5036062847074788,0.5300052548607461,0.29790885879303197
RNF4,0.5036062847074788,0.5300052548607462,0.29790885879303197
FGGY,0.5042614993384233,0.8542301629006831,0.2973441892138011
AZGP1,0.5051045254376499,0.5299001576458224,0.29661874044865766
UTP6,0.505104633232095,0.5299001576458224,0.29661864776580626
RYK,0.505104633232095,0.5299001576458224,0.29661864776580626
HEG1,0.505104633232095,0.5299001576458224,0.29661864776580626
RNF123,0.505104633232095,0.5299001576458224,0.29661864776580626
CUL4A,0.505104633232095,0.5299001576458224,0.29661864776580626
GNS,0.505104633232095,0.5299001576458224,0.29661864776580626
UFL1,0.505104633232095,0.5299001576458224,0.29661864776580626
SLC12A7,0.505104633232095,0.5299001576458224,0.29661864776580626
SLC12A7_1,0.505104633232095,0.5299001576458224,0.29661864776580626
NAGPA,0.505104633232095,0.5299001576458224,0.29661864776580626
SOBP,0.5054212644196422,0.5058328954282711,0.2963464901053842
ARSA,0.5055389971024384,0.5468208092485549,0.29624533745546255
CCNE1,0.5059397718087197,0.6131371518654756,0.29590117946048994
NDRG2,0.5066015616696729,0.5297950604308985,0.2953334757703502
IFIT5,0.5066053271065543,0.5297950604308985,0.2953302477850736
ASNSD1,0.5066053271065543,0.5297950604308986,0.2953302477850736
FAIM,0.5066053271065543,0.5297950604308985,0.2953302477850736
UBN1,0.5066053271065543,0.5297950604308986,0.2953302477850736
PTPRA,0.5066053271065543,0.5297950604308986,0.2953302477850736
HMG20A,0.5066053271065543,0.5297950604308986,0.2953302477850736
CABP5,0.5066345353440949,0.9655281135049921,0.29530520933788335
GULP1,0.5073316607397609,0.5160273252758802,0.2947080340841026
PCDHGB5,0.507702025682642,0.8947976878612717,0.2943911037983919
CTDP1_1,0.50798591528023,0.5333683657383079,0.2941483290563861
CTDP1,0.50798591528023,0.5333683657383079,0.2941483290563861
RMND1,0.5080353343916013,0.5282186022070415,0.29410608102782765
HLCS,0.5080679812403956,0.8820809248554913,0.2940781737351938
CLMN,0.5081072880263124,0.5296899632159747,0.2940445757511652
ATRX,0.5081082543548698,0.5296899632159748,0.2940437498020576
YWHAZ,0.5081083617243614,0.5296899632159747,0.2940436580303291
MTF2,0.5081083617243614,0.5296899632159748,0.2940436580303291
DAB2,0.5081083617243614,0.5296899632159748,0.2940436580303291
GAREM1,0.5083464836072551,0.5823436678928009,0.29384017624827463
LDHC,0.5083961418165743,0.7411455596426695,0.29379775393653823
TNFRSF4,0.5087085254923489,0.9462953231739359,0.2935309839270165
COBL,0.5087567855346729,0.5287440882816605,0.2934897853330865
SNED1,0.509504859501976,0.5009984235417762,0.2928516694694714
TRAF6,0.5096136252912917,0.5295848660010509,0.29275896899743825
GANAB,0.5096137324460337,0.5295848660010509,0.2927588776798087
PCBP1,0.5096137324460337,0.5295848660010509,0.2927588776798087
POLD2,0.5096137324460337,0.5295848660010509,0.2927588776798087
ARMCX2,0.5096137324460337,0.5295848660010509,0.2927588776798087
MTREX,0.5096137324460337,0.5295848660010509,0.2927588776798087
UNC119,0.5096137324460337,0.5295848660010509,0.2927588776798087
DCLRE1C,0.5096137324460337,0.5295848660010509,0.2927588776798087
SLC7A1,0.5111037888095631,0.5286389910667367,0.29149089961023494
THADA,0.5111214345991262,0.5294797687861271,0.29147590591048783
TFEB,0.5111214345991262,0.5294797687861272,0.29147590591048783
EIF3D,0.5111214345991262,0.5294797687861272,0.29147590591048783
DNAJB12,0.5111214345991262,0.5294797687861272,0.29147590591048783
EPS15,0.5111214345991262,0.5294797687861272,0.29147590591048783
CDC42,0.5111214345991262,0.5294797687861271,0.29147590591048783
IPO7,0.5111214345991262,0.5294797687861271,0.29147590591048783
DCAF6,0.5111214345991262,0.5294797687861271,0.29147590591048783
SCN10A,0.5111214345991262,0.5294797687861272,0.29147590591048783
KPNB1-DT,0.5111693142303482,0.5029952706253285,0.2914352249991634
ELL,0.5114278463735559,0.9132947976878613,0.29121562907242404
ZNF234,0.5116293115870221,0.8289017341040462,0.2910445824579626
TAF1B,0.5116302661329089,0.5244351024697845,0.2910437721962844
ZNF273,0.5119286843421993,0.8939569101418813,0.2907905354184589
KLF9,0.5122486419900345,0.7485023646873358,0.29051918427282136
EGR2,0.5124077177833373,0.5452443510246978,0.29038433762080607
FTL,0.512631463478258,0.5293746715712033,0.29019474189807987
EIF1AX,0.512631463478258,0.5293746715712033,0.29019474189807987
IFIT1,0.512631463478258,0.5293746715712033,0.29019474189807987
LAD1,0.512631463478258,0.5293746715712033,0.29019474189807987
ICAM4,0.5128537635098789,0.9478717813977929,0.29000645312310525
NEUROD4,0.513180314755393,0.9464004203888597,0.2897300112158079
NMT2,0.513662153647932,0.7600630583289543,0.2893224316814702
PSG1,0.5137088094899416,0.7821334734629533,0.28928298658233026
BCAP31,0.5141438143451398,0.5292695743562796,0.2889153848170341
MAP2K1,0.5141438143451398,0.5292695743562795,0.2889153848170341
MRPL42,0.5141438143451398,0.5292695743562795,0.2889153848170341
RBM34,0.5141438143451398,0.5292695743562795,0.2889153848170341
KIRREL1,0.5145109917209829,0.9126642143983185,0.2886053427814736
MOCS1,0.5150199313257149,0.86988964792433,0.2881759633912798
CD1D,0.5155265082126742,0.9327377824487652,0.28774899851915875
PLN,0.5155900862026859,0.7778244876510773,0.2876954418788775
PHB2,0.5156584824285999,0.5291644771413557,0.2876378338405353
PRDX1,0.5156584824285999,0.5291644771413557,0.2876378338405353
BIN3,0.5156584824285999,0.5291644771413557,0.2876378338405353
NIT2,0.5156584824285999,0.5291644771413557,0.2876378338405353
AUTS2,0.5156584824285999,0.5291644771413557,0.2876378338405353
QPCT,0.5163387727390656,0.5573305307409353,0.28706526183175785
H2BC15,0.5171627354325146,0.5300052548607461,0.2863727760945893
MGP,0.5171754629246147,0.5290593799264319,0.28636208814050107
JUN,0.5171754629246147,0.5290593799264319,0.28636208814050107
GET1,0.5171754629246147,0.5290593799264319,0.28636208814050107
ACSF2,0.5171754629246147,0.5290593799264319,0.28636208814050107
SAMD4B,0.5172096074493084,0.877982133473463,0.28633341646088817
STRN,0.5176049485894789,0.8793483972674724,0.28600158022415056
TTBK2,0.5176475655447719,0.6384655806621125,0.28596582410035076
LY6G5C_2,0.5176724910545204,0.9465055176037835,0.28594491267054606
LY6G5C_6,0.5176724910545204,0.9465055176037835,0.28594491267054606
LY6G5C_4,0.5176724910545204,0.9465055176037835,0.28594491267054606
LY6G5C_1,0.5176724910545204,0.9465055176037835,0.28594491267054606
LY6G5C,0.5176724910545204,0.9465055176037835,0.28594491267054606
LY6G5C_5,0.5176724910545204,0.9465055176037835,0.28594491267054606
LY6G5C_3,0.5176724910545204,0.9465055176037835,0.28594491267054606
GALNT3,0.5177470788051166,0.5353652128218602,0.28588234277231256
IFNA6,0.517882822986723,0.8808197582764057,0.28576849331845317
ZNF493,0.5179359513536721,0.9127693116132423,0.2857239423657376
PEG3,0.5185074069292769,0.7405149763531267,0.28524503529126305
SRR,0.5185740547162959,0.525801366263794,0.2851892156334179
PKD2,0.5186946451618372,0.5289542827115081,0.2850882355010551
KIF1C,0.5186947509963362,0.5289542827115081,0.2850881468875815
MFSD1,0.5186947509963362,0.5289542827115081,0.2850881468875815
PIGR,0.5186947509963362,0.5289542827115081,0.2850881468875815
MAP3K4,0.5186947509963362,0.5289542827115081,0.2850881468875815
TTR,0.5188808469888555,0.692485549132948,0.2849323597551952
TENT5C,0.5189663763252749,0.6686284813452443,0.2848607790483292
NPHP4,0.5191997411760602,0.6620073568050446,0.28466553270583217
CAMK2N1,0.5202163417741228,0.5288491854965843,0.283816009251157
ARFRP1,0.5202163417741228,0.5288491854965843,0.283816009251157
TNIK,0.5206367531066258,0.5013137151865475,0.2834651771641647
ALDOC,0.5209690317440301,0.5294797687861272,0.2831880919450291
ZNF276,0.52135900194198,0.5419863373620599,0.28286312339864994
RXRA,0.5217402303555697,0.5287440882816605,0.2825456743993371
CYB5RL,0.5217402303555697,0.5287440882816605,0.2825456743993371
NACA2,0.5217402303555697,0.5287440882816605,0.2825456743993371
FBXL5,0.5217402303555697,0.5287440882816605,0.2825456743993371
COPS4,0.5217402303555697,0.5287440882816605,0.2825456743993371
TOX,0.5222842600487145,0.9651077246452969,0.2820930621909437
ZNF271P,0.5232363349401279,0.5296899632159748,0.2813021050582538
PPP2R3C,0.5232605230735407,0.5283236994219653,0.28128202898675847
ERLIN2,0.5232643087118116,0.5283236994219653,0.2812788870033833
PIGF,0.52326630665151,0.5286389910667367,0.28127722877346933
TMEM131_1,0.5232664118055408,0.5286389910667367,0.2812771414989589
RPL23,0.5232664118055408,0.5286389910667367,0.2812771414989589
TMEM131,0.5232664118055408,0.5286389910667367,0.2812771414989589
PMP22,0.5232664118055408,0.5286389910667367,0.2812771414989589
VPS26C,0.5244507792387101,0.537046768260641,0.28029526496917745
ALDH1A3,0.5247092400777931,0.5316868102995271,0.28008128785147207
VPREB3,0.5247264679739282,0.9824487651077246,0.2800670287974499
NR2E3,0.5247264679739282,0.9824487651077246,0.2800670287974499
SOX2,0.5247264679739282,0.9824487651077246,0.2800670287974499
A4GALT,0.5247264679739282,0.9824487651077246,0.2800670287974499
ZNF215,0.5247566841914222,0.53011035207567,0.2800420207989924
CLDN7_1,0.5247947762319969,0.5285338938518129,0.28001049654571447
CLDN7,0.5247947762319969,0.5285338938518129,0.28001049654571447
SETX,0.5247948811562003,0.5285338938518129,0.28001040971558566
GCA,0.5247948811562003,0.5285338938518129,0.28001040971558566
SERPINE1,0.5247948811562003,0.5285338938518129,0.28001040971558566
PPAN,0.5247948811562003,0.5285338938518129,0.28001040971558566
SOD3,0.52563894037406,0.5393589069889648,0.27931246886087074
KRT1,0.52623515478458,0.9650026274303731,0.2788201425312437
EVI2A,0.5263197704999395,0.5287440882816605,0.27875031598355615
CYTH2,0.5263256334070462,0.5284287966368891,0.2787454782135057
VGLL4,0.5263256334070462,0.5284287966368891,0.2787454782135057
YES1,0.5263256334070462,0.5284287966368891,0.2787454782135057
CYB5B,0.5263256334070462,0.5284287966368891,0.2787454782135057
TMEM39A,0.5263256334070462,0.5284287966368891,0.2787454782135057
SLC2A4RG,0.5263256334070462,0.5284287966368891,0.2787454782135057
SLC25A24,0.5263256334070462,0.5284287966368891,0.2787454782135057
APBA1,0.5263256334070462,0.5284287966368891,0.2787454782135057
APBA1_1,0.5263256334070462,0.5284287966368891,0.2787454782135057
ANXA5,0.5263256334070462,0.5284287966368891,0.2787454782135057
SLC25A24_1,0.5263256334070462,0.5284287966368891,0.2787454782135057
GUCY1B1,0.526469133362047,0.5122438255386232,0.27862708621353893
CYP4F3,0.5267175005597516,0.9467157120336311,0.27842225166290135
SPAG6,0.5271129263812782,0.8270099842354177,0.2780963334583014
CELF3,0.5277574094645311,0.5253809774040988,0.27756566068829125
GGA2,0.5278582456843293,0.5283236994219653,0.2774826899332557
WDR12,0.5278586635249441,0.5283236994219653,0.27748234615573014
CEBPZ,0.5278586635249441,0.5283236994219653,0.27748234615573014
FLRT1,0.5280075463275494,0.5121387283236994,0.27735987044915494
PLA1A,0.5281138591023059,0.7020493956910142,0.27727243532786844
ACTN2,0.5282361093878928,0.9281135049921178,0.2771719144280489
HSPA1L_3,0.5285550620353362,0.5249605885444035,0.27690976352685903
HSPA1L_4,0.5285550620353362,0.5249605885444035,0.27690976352685903
HSPA1L_1,0.5285550620353362,0.5249605885444035,0.27690976352685903
HSPA1L,0.5285550620353362,0.5249605885444035,0.27690976352685903
HSPA1L_2,0.5285550620353362,0.5249605885444035,0.27690976352685903
CD163,0.5285785480007423,0.5289542827115081,0.2768904663915056
KHK,0.5289705615929164,0.8692590646347872,0.2765684967616028
KRT4,0.5291872966647483,0.801576458223857,0.27639058975781655
SNORA25,0.5292092749196071,0.5244351024697845,0.27637255297450736
MYBPC3,0.5292703915443074,0.6493956910141881,0.276322400640494
FAH,0.5292751044872895,0.5272727272727272,0.2763185334375475
GGTLC1,0.5293918819165402,0.5285338938518129,0.2762227227737761
OTUB1,0.5293938622184333,0.5282186022070415,0.2762210982067861
PEX3,0.5293939664441616,0.5282186022070415,0.2762210127039924
LBR,0.5293939664441616,0.5282186022070415,0.2762210127039924
MSMO1,0.5293939664441616,0.5282186022070415,0.2762210127039924
SLC25A13,0.5293939664441616,0.5282186022070415,0.2762210127039924
HIBCH,0.5293939664441616,0.5282186022070415,0.2762210127039924
SIRT7,0.5293939664441616,0.5282186022070415,0.2762210127039924
AURKAIP1,0.5293939664441616,0.5282186022070415,0.2762210127039924
RAC1,0.5293939664441616,0.5282186022070415,0.2762210127039924
COX4I1,0.5293939664441616,0.5282186022070415,0.2762210127039924
CACTIN,0.5293939664441616,0.5282186022070415,0.2762210127039924
DLX4,0.5298573113638272,0.9823436678928008,0.2758410685700951
ALOX12,0.5298573113638272,0.9823436678928008,0.2758410685700951
FSD1,0.5298573113638272,0.9823436678928008,0.2758410685700951
NNT,0.5302027731426788,0.575302154492906,0.27555800508762296
LAMA3,0.5304245579371685,0.5499737256962691,0.2753763768926891
CTXND1,0.5304660758373037,0.8714661061481871,0.2753423847084543
OR1E1,0.5305340159820786,0.837099316868103,0.27528676542954317
ALDH6A1,0.5308307386432727,0.5264319495533368,0.2750439365298498
CCNT1,0.5309294572551395,0.5279033105622701,0.274963178278252
PTGES2,0.5309314330764927,0.5281135049921177,0.2749615620810293
PRPF31_6,0.5309315370664038,0.5281135049921177,0.2749614770187457
PRPF31_3,0.5309315370664038,0.5281135049921177,0.2749614770187457
PRPF31_8,0.5309315370664038,0.5281135049921177,0.2749614770187457
PRPF31_7,0.5309315370664038,0.5281135049921177,0.2749614770187457
MRE11,0.5309315370664038,0.5281135049921177,0.2749614770187457
PRPF31_5,0.5309315370664038,0.5281135049921177,0.2749614770187457
CTNNBL1,0.5309315370664038,0.5281135049921177,0.2749614770187457
PRPF31_4,0.5309315370664038,0.5281135049921177,0.2749614770187457
PRPF31_1,0.5309315370664038,0.5281135049921177,0.2749614770187457
PRPF31_2,0.5309315370664038,0.5281135049921177,0.2749614770187457
LRRC47,0.5309315370664038,0.5281135049921177,0.2749614770187457
SH3BP4,0.5309315370664038,0.5281135049921177,0.2749614770187457
PSMB3,0.5309315370664038,0.5281135049921177,0.2749614770187457
PSMB3_1,0.5309315370664038,0.5281135049921177,0.2749614770187457
ELOVL1,0.5309315370664038,0.5281135049921177,0.2749614770187457
ZZEF1,0.5309315370664038,0.5281135049921177,0.2749614770187457
PRPF31_9,0.5309315370664038,0.5281135049921177,0.2749614770187457
PIP5K1C,0.5309315370664038,0.5281135049921177,0.2749614770187457
FMOD,0.5309315370664038,0.5281135049921177,0.2749614770187457
PRPF31,0.5309315370664038,0.5281135049921177,0.2749614770187457
CLK2,0.5309315370664038,0.5281135049921177,0.2749614770187457
CLK2_1,0.5309315370664038,0.5281135049921177,0.2749614770187457
RRP12,0.5324712665082484,0.5280084077771939,0.27370382288190287
SYNGR2,0.5324713702608492,0.5280084077771938,0.2737037382591627
TEX261,0.5324713702608492,0.5280084077771938,0.2737037382591627
ARL2BP,0.5324713702608492,0.5280084077771938,0.2737037382591627
LPCAT1_1,0.5324713702608492,0.5280084077771939,0.2737037382591627
LPCAT1,0.5324713702608492,0.5280084077771939,0.2737037382591627
CYP26B1,0.5325615652626126,0.827955859169732,0.2736301796106962
POLR3D,0.5326645494982788,0.5136100893326327,0.27354620591761364
OAS1,0.5332250332746399,0.5290593799264319,0.27308946998991696
CLEC3B,0.5335703567366965,0.5694167104571729,0.27280830627157826
DAAM2,0.5339906861788297,0.5284287966368891,0.2724663178336444
UBE2A,0.5340134608641866,0.5279033105622701,0.2724477955831336
RARRES2,0.5340134608641866,0.5279033105622701,0.2724477955831336
MDH2,0.5340134608641866,0.5279033105622701,0.2724477955831336
MPPE1,0.5340134608641866,0.5279033105622701,0.2724477955831336
LAPTM4B,0.5340134608641866,0.5279033105622701,0.2724477955831336
OMG,0.5342202139403388,0.538728323699422,0.2722796830749278
OMG_1,0.5342202139403388,0.538728323699422,0.2722796830749278
PSG11,0.5343019445979931,0.8786127167630058,0.27221324519452045
FER,0.5343105225421271,0.5701523909616395,0.27220627287496
FMO1,0.5349385881145163,0.5217025748817656,0.2716960728831827
GCNT4,0.5350135292286782,0.982238570677877,0.27163523555808405
NR2E1,0.5354749204148349,0.8814503415659485,0.27126086503849267
SPAG9,0.5355577004071456,0.5277982133473462,0.27119373189381496
INF2,0.5355578036806529,0.5277982133473463,0.27119364814726443
METTL3,0.5355578036806529,0.5277982133473463,0.27119364814726443
ROCK1,0.5355578036806529,0.5277982133473462,0.27119364814726443
MLEC,0.5355578036806529,0.5277982133473463,0.27119364814726443
FECH,0.5363297865051602,0.5275880189174987,0.27056808266475446
BRCC3,0.5367456086289765,0.7034156594850236,0.2702315000468234
PPP4R2,0.5368303956358882,0.5516552811350499,0.270162902147524
MICB_4,0.5370466850215334,0.5253809774040988,0.2699879598014361
MICB,0.5370466850215334,0.5253809774040988,0.2699879598014361
MICB_5,0.5370466850215334,0.5253809774040988,0.2699879598014361
MICB_6,0.5370466850215334,0.5253809774040988,0.2699879598014361
MICB_1,0.5370466850215334,0.5253809774040988,0.2699879598014361
MICB_2,0.5370466850215334,0.5253809774040988,0.2699879598014361
MICB_3,0.5370466850215334,0.5253809774040988,0.2699879598014361
MICB_7,0.5370466850215334,0.5253809774040988,0.2699879598014361
RCN3,0.537087392322805,0.526852338413032,0.2699550422044679
BMP1,0.5370920291870434,0.5276931161324225,0.26995129280374075
OS9,0.5371043934820717,0.5276931161324225,0.2699412951068757
STAB1,0.5371043934820717,0.5276931161324225,0.2699412951068757
JUNB,0.5371043934820717,0.5276931161324225,0.2699412951068757
ACVR1,0.5371043934820717,0.5276931161324225,0.2699412951068757
UBQLN2,0.5371043934820717,0.5276931161324225,0.2699412951068757
ENTREP3_1,0.5371043934820717,0.5276931161324225,0.2699412951068757
AGL,0.5371043934820717,0.5276931161324225,0.2699412951068757
ENTREP3,0.5371043934820717,0.5276931161324225,0.2699412951068757
PRDX6,0.5371043934820717,0.5276931161324225,0.2699412951068757
SAP25,0.5371043934820717,0.5276931161324225,0.2699412951068757
FAT4,0.5379749624666472,0.6093536521282186,0.26923793607265095
NBEAL2,0.5383034180474666,0.7300052548607462,0.2689728625502033
RNF24,0.5386158055002959,0.5260115606936416,0.2687209065114991
ARVCF,0.5386532250078919,0.5275880189174987,0.26869073561600165
FBXO46,0.5386532250078919,0.5275880189174987,0.26869073561600165
PIH1D1,0.5386532250078919,0.5275880189174987,0.26869073561600165
IRS2,0.5386532250078919,0.5275880189174986,0.26869073561600165
HIVEP3,0.5386532250078919,0.5275880189174986,0.26869073561600165
ST3GAL5,0.5386532250078919,0.5275880189174986,0.26869073561600165
TALDO1,0.5386532250078919,0.5275880189174987,0.26869073561600165
AMPD2,0.5386532250078919,0.5275880189174987,0.26869073561600165
RAB35,0.5391878241342105,0.5144508670520231,0.26825992354067013
SSX1,0.5401949275308136,0.9821334734629532,0.2674494981858137
PARD3,0.5402041904215164,0.5274829217025749,0.2674420512668891
COQ8A,0.5402041904215164,0.5274829217025749,0.2674420512668891
OLA1,0.5402042929652282,0.5274829217025749,0.2674419688273879
ITPR2,0.5402977383810389,0.5036258539148712,0.26736685035954694
WBP4,0.540980561522076,0.527377824487651,0.2668183396538119
CXXC4,0.541317715538413,0.7612191276931162,0.2665477596544039
PDGFA,0.5413467708416694,0.6095638465580662,0.26652444946359954
RGS4,0.5413595983263019,0.6378349973725697,0.26651415875884066
CAV3,0.5414913884743067,0.5345244351024698,0.2664084457197836
MYBBP1A,0.5416740946539436,0.5308460325801366,0.2662619338753528
MAP1B,0.5417453158455157,0.527377824487651,0.26620483508196
CBX5,0.5417575920289018,0.527377824487651,0.26619499389249035
INTS3_1,0.5417575920289018,0.527377824487651,0.26619499389249035
INTS3,0.5417575920289018,0.527377824487651,0.26619499389249035
STX10,0.5417575920289018,0.527377824487651,0.26619499389249035
TMBIM1,0.5417575920289018,0.527377824487651,0.26619499389249035
TOE1,0.5417575920289018,0.527377824487651,0.26619499389249035
RGS2,0.5417575920289018,0.527377824487651,0.26619499389249035
USP22,0.5417575920289018,0.527377824487651,0.26619499389249035
PHLDB1,0.5417575920289018,0.527377824487651,0.26619499389249035
EIF2B3,0.5417575920289018,0.527377824487651,0.26619499389249035
EGR3,0.5425058520720965,0.5267472411981082,0.2655955726703798
USP29,0.5431407043653598,0.9144508670520232,0.26508764883903685
CARMIL1,0.5432906642557237,0.5267472411981082,0.2649677576886403
OSBPL10,0.5433110758332327,0.5272727272727272,0.2649514414337456
NSFL1C,0.5433131168414814,0.5272727272727273,0.2649498099614741
YIPF1,0.5433131168414814,0.5272727272727273,0.2649498099614741
ZNF292,0.5433131168414814,0.5272727272727273,0.2649498099614741
XPC,0.5433131168414814,0.5272727272727272,0.2649498099614741
NPPA,0.5433131168414814,0.5272727272727273,0.2649498099614741
RUBCN,0.5433131168414814,0.5272727272727273,0.2649498099614741
PAN2,0.5433131168414814,0.5272727272727272,0.2649498099614741
ZBTB17,0.543415488021141,0.6652653704676825,0.26486798780575893
UST,0.5438716092997082,0.9293746715712033,0.2645036112460283
RIPK1,0.5447216930407878,0.5813977929584866,0.2638253290038779
ENAH,0.544870862013326,0.5271676300578034,0.26370641618321156
CHD8,0.544870862013326,0.5271676300578034,0.26370641618321156
BTRC,0.5450610371754816,0.8023121387283236,0.26355486171559966
CUL2,0.5456337881780259,0.5260115606936416,0.2630987439877228
GPS1,0.5460179703102312,0.5365212821860221,0.2627930637455513
ADCYAP1,0.5462160723845884,0.964477141355754,0.2626355249116984
NF1,0.5463150112151511,0.5270625328428796,0.2625568661185128
DNPH1,0.5464186356497917,0.5281135049921177,0.26247449742707785
DDAH1,0.5464308221226278,0.5270625328428797,0.26246481170528113
NPR1,0.5464308221226278,0.5270625328428796,0.26246481170528113
LPAR6,0.5464308221226278,0.5270625328428796,0.26246481170528113
PDHA1,0.5464308221226278,0.5270625328428796,0.26246481170528113
PEPD,0.5464308221226278,0.5270625328428797,0.26246481170528113
RABGAP1L,0.5464308221226278,0.5270625328428796,0.26246481170528113
SUPT5H,0.5464308221226278,0.5270625328428796,0.26246481170528113
MED6,0.5466572519023185,0.5378875459800315,0.26228488621235596
DCUN1D4,0.5472031112218612,0.5266421439831844,0.2618514420214105
ALDH5A1,0.5473243966941352,0.6104046242774566,0.2617551929802885
ACOXL,0.547682658260259,0.8995270625328429,0.26147101028741304
SGPP1,0.5478445780532594,0.7313715186547556,0.26134263214985126
SGPP1_1,0.5478445780532594,0.7313715186547556,0.26134263214985126
GALNT14,0.5479468942416168,0.5290593799264319,0.26126153030289295
WDR59,0.5479928904176897,0.5269574356279558,0.2612250759543084
G6PD,0.547992991715456,0.5269574356279558,0.261224995673966
RBFA,0.547992991715456,0.5269574356279558,0.261224995673966
CEP68,0.547992991715456,0.5269574356279558,0.261224995673966
DERL1,0.547992991715456,0.5269574356279558,0.261224995673966
TET3,0.547992991715456,0.5269574356279558,0.261224995673966
CMPK1,0.547992991715456,0.5269574356279558,0.261224995673966
SIAH2,0.547992991715456,0.5269574356279558,0.261224995673966
PHACTR2,0.5493783101390056,0.5327377824487651,0.2601284908435434
MEPCE,0.5495573653058012,0.526852338413032,0.25998696723425246
HELZ,0.5495573653058012,0.526852338413032,0.25998696723425246
RNASE1,0.5495573653058012,0.526852338413032,0.25998696723425246
ADAR,0.5495573653058012,0.526852338413032,0.25998696723425246
RNF122,0.5495573653058012,0.526852338413032,0.25998696723425246
TMEM126B,0.5495573653058012,0.526852338413032,0.25998696723425246
ECT2,0.5495573653058012,0.526852338413032,0.25998696723425246
ATP1B1,0.5495573653058012,0.526852338413032,0.25998696723425246
GSDMB,0.5496564964928249,0.5428271150814503,0.2599086346565407
PCSK5,0.5498325388132621,0.7842354177614294,0.2597695624028927
SLC24A2,0.5502510991335796,0.868313189700473,0.2594390812649883
FAT2,0.5502569095420708,0.9643720441408302,0.25943449533135504
SMG7,0.5503237246923489,0.526326852338413,0.25938176416344905
FRZB,0.5505196051210017,0.5328428796636889,0.25922721030847135
NRL_1,0.550632469010139,0.9819232790331056,0.25913818325111637
NRL,0.550632469010139,0.9819232790331056,0.25913818325111637
TSPAN2,0.55096052092773,0.5684708355228587,0.25887951940139964
GAS1,0.5510674849349626,0.5290593799264319,0.25879521323494625
ATP13A3,0.5511239373756212,0.5267472411981082,0.2587507255298287
YLPM1,0.5511239373756212,0.5267472411981082,0.2587507255298287
SRPK1,0.5511239373756212,0.5267472411981082,0.2587507255298287
SEL1L,0.5511239373756212,0.5267472411981082,0.2587507255298287
OSBP,0.5511239373756212,0.5267472411981082,0.2587507255298287
POLA2,0.5511239373756212,0.5267472411981082,0.2587507255298287
DHX57,0.5511239373756212,0.5267472411981082,0.2587507255298287
SPACA1,0.5512665720873684,0.8728323699421965,0.258638341636728
GTF2H4_2,0.5519872442677105,0.8490803993694167,0.2580709581551376
GTF2H4_1,0.5519872442677105,0.8490803993694167,0.2580709581551376
GTF2H4_3,0.5519872442677105,0.8490803993694167,0.2580709581551376
GTF2H4,0.5519872442677105,0.8490803993694167,0.2580709581551376
GTF2H4_4,0.5519872442677105,0.8490803993694167,0.2580709581551376
GTF2H4_5,0.5519872442677105,0.8490803993694167,0.2580709581551376
OSGIN1,0.5525378024202816,0.5313715186547556,0.25763800393984293
NAA15,0.5526926018423712,0.5266421439831844,0.2575163486994593
SPAG7,0.5526927023748868,0.5266421439831844,0.25751626970308295
STAM,0.5526927023748868,0.5266421439831844,0.25751626970308295
BCAS2,0.5526927023748868,0.5266421439831844,0.25751626970308295
ELF1,0.5526927023748868,0.5266421439831844,0.25751626970308295
HNRNPA2B1,0.5526927023748868,0.5266421439831844,0.25751626970308295
RNASEH1,0.5526927023748868,0.5266421439831844,0.25751626970308295
EHD4,0.5526927023748868,0.5266421439831844,0.25751626970308295
ZNF239,0.5534778050762528,0.5265370467682606,0.2568997900087015
TTC28,0.5540968188240234,0.5153967419863373,0.2564143432007504
ALKBH4,0.5542580392461789,0.5260115606936416,0.2562879989352902
STRN4,0.5542635544471308,0.5265370467682606,0.25628367746540875
EXTL2,0.5542636547216282,0.5265370467682606,0.256283598895103
FNBP1,0.5542636547216282,0.5265370467682606,0.256283598895103
C6orf15_3,0.5542636547216282,0.5265370467682606,0.256283598895103
CDK2AP2,0.5542636547216282,0.5265370467682606,0.256283598895103
C6orf15_2,0.5542636547216282,0.5265370467682606,0.256283598895103
C6orf15,0.5542636547216282,0.5265370467682606,0.256283598895103
C6orf15_1,0.5542636547216282,0.5265370467682606,0.256283598895103
C6orf15_5,0.5542636547216282,0.5265370467682606,0.256283598895103
TMX1,0.5542636547216282,0.5265370467682606,0.256283598895103
C6orf15_4,0.5542636547216282,0.5265370467682606,0.256283598895103
SERINC1,0.5542636547216282,0.5265370467682606,0.256283598895103
HLA-DQA1_2,0.5543107792698083,0.5108775617446137,0.2562466759233627
HLA-DQA2_7,0.5543107792698083,0.5108775617446137,0.2562466759233627
HLA-DQA1_5,0.5543107792698083,0.5108775617446137,0.2562466759233627
HLA-DQA2_1,0.5543107792698083,0.5108775617446137,0.2562466759233627
HLA-DQA1_1,0.5543107792698083,0.5108775617446137,0.2562466759233627
HLA-DQA2,0.5543107792698083,0.5108775617446137,0.2562466759233627
HLA-DQA1_3,0.5543107792698083,0.5108775617446137,0.2562466759233627
HLA-DQA1_4,0.5543107792698083,0.5108775617446137,0.2562466759233627
HLA-DQA2_2,0.5543107792698083,0.5108775617446137,0.2562466759233627
HLA-DQA2_3,0.5543107792698083,0.5108775617446137,0.2562466759233627
HLA-DQA2_4,0.5543107792698083,0.5108775617446137,0.2562466759233627
HLA-DQA2_5,0.5543107792698083,0.5108775617446137,0.2562466759233627
HLA-DQA1,0.5543107792698083,0.5108775617446137,0.2562466759233627
HLA-DQA2_6,0.5543107792698083,0.5108775617446137,0.2562466759233627
CCKBR,0.5543124128150934,0.9642669469259064,0.25624539606613383
RSAD2,0.5544992664713124,0.595165528113505,0.2560990240282062
LRRN3,0.5545391089930338,0.6468733578560169,0.25606781972054843
HDHD3,0.5546208856102106,0.5550183920126117,0.25600378002595836
CDK6,0.5547566049242469,0.8465580662112454,0.25589751836124885
ID3,0.5558366887869683,0.5264319495533368,0.25505279039086703
IFFO1,0.5558366887869683,0.5264319495533368,0.25505279039086703
ID3_1,0.5558366887869683,0.5264319495533368,0.25505279039086703
CHD4,0.5558367888019842,0.5264319495533368,0.25505271224567355
DCP2,0.5558367888019842,0.5264319495533368,0.25505271224567355
GABARAPL1,0.5558367888019842,0.5264319495533368,0.25505271224567355
TLN2,0.5558367888019842,0.5264319495533368,0.25505271224567355
PRDX3,0.5558367888019842,0.5264319495533368,0.25505271224567355
TXN2,0.5558367888019842,0.5264319495533368,0.25505271224567355
CCDC186,0.5558882038780432,0.9818181818181818,0.2550125417287166
SLC19A1,0.5558882038780432,0.9818181818181818,0.2550125417287166
ACAD8,0.5565787177458412,0.5287440882816605,0.2544734040786056
PGBD5,0.5568089353814821,0.8446663163426169,0.2542938040086035
LYL1,0.5570265892380686,0.5495533368365738,0.2541240736166484
ZKSCAN1,0.5573757840569364,0.5284287966368891,0.2538519037226476
SRPX,0.5573757840569364,0.5251707829742511,0.2538519037226476
BRD2_4,0.5574120989702487,0.526326852338413,0.25382360889327604
BRD2_1,0.5574120989702487,0.526326852338413,0.25382360889327604
BRD2_2,0.5574120989702487,0.526326852338413,0.25382360889327604
FBXL12,0.5574120989702487,0.526326852338413,0.25382360889327604
BRD2,0.5574120989702487,0.526326852338413,0.25382360889327604
BRD2_3,0.5574120989702487,0.526326852338413,0.25382360889327604
BRD2_5,0.5574120989702487,0.526326852338413,0.25382360889327604
BRD2_6,0.5574120989702487,0.526326852338413,0.25382360889327604
TSR2,0.5574120989702487,0.526326852338413,0.25382360889327604
SVEP1,0.5576713388442498,0.5158171308460326,0.25362167521732254
METTL8,0.558003322459379,0.544613767735155,0.2533632151816347
MYO1E,0.5582064269992615,0.5771939043615344,0.2532051674994016
ATG7,0.5586982797959619,0.5186547556489753,0.2528226658087484
ATP5MC2,0.5589895795489215,0.5262217551234892,0.2525962879750861
NCOR1,0.5589895795489215,0.5262217551234892,0.2525962879750861
SQOR,0.5589895795489215,0.5262217551234892,0.2525962879750861
FNTA,0.5589895795489215,0.5262217551234892,0.2525962879750861
TARDBP,0.5589895795489215,0.5262217551234892,0.2525962879750861
OTOF,0.5596687013413555,0.8091434576983709,0.2520689797018336
KCNJ2,0.559682820808119,0.5227535470310036,0.2520580233465121
TNC,0.5597627366667599,0.5272727272727273,0.2519960158352911
SAG,0.5605240692693858,0.5240147136100893,0.251405733780084
SAG_1,0.5605240692693858,0.5240147136100893,0.251405733780084
ATP6V0C,0.5605692248287575,0.5261166579085654,0.2513707486269728
HIPK1,0.5605692248287575,0.5261166579085654,0.2513707486269728
ARMC1,0.5605692248287575,0.5261166579085654,0.2513707486269728
ATP5MC3,0.5605692248287575,0.5261166579085654,0.2513707486269728
KDM4C,0.5605692248287575,0.5261166579085654,0.2513707486269728
GPATCH8,0.5605692248287575,0.5261166579085654,0.2513707486269728
TPM1,0.5605692248287575,0.5261166579085654,0.2513707486269728
CNOT9,0.5605692248287575,0.5261166579085654,0.2513707486269728
FUBP1,0.5605692248287575,0.5261166579085654,0.2513707486269728
DROSHA,0.5605692248287575,0.5261166579085654,0.2513707486269728
MAN2B1,0.5605692248287575,0.5261166579085654,0.2513707486269728
FADS3,0.5605692248287575,0.5261166579085654,0.2513707486269728
YJU2,0.5615374075670804,0.5490278507619548,0.2506213073298053
TRMT2B,0.5621059942382884,0.5281135049921177,0.25018178341239694
DNAJC7,0.5621510290688172,0.5260115606936416,0.2501469899834975
ARPC5L,0.5621510290688172,0.5260115606936416,0.2501469899834975
SYNGR1,0.5629344371027841,0.526326852338413,0.24954218287959856
DMBT1,0.5630285965470396,0.5390436153441933,0.2494695465213302
ELSPBP1,0.5631738942288362,0.6273252758801892,0.24935748500076962
KCNF1,0.5632862281695181,0.6285864424592749,0.24927086673571033
NSUN5P1,0.5637187007990041,0.5267472411981082,0.24893755765967832
CPN2,0.5637330125691828,0.5256962690488702,0.2489265318698524
SLC5A3,0.5637348878007851,0.5259064634787178,0.24892508721189474
STK24,0.5637349864965191,0.5259064634787178,0.24892501117791166
TYROBP,0.5637349864965191,0.5259064634787178,0.24892501117791166
EID1,0.5637349864965191,0.5259064634787178,0.24892501117791166
USP33,0.5637349864965191,0.5259064634787178,0.24892501117791166
ZBTB1,0.5637349864965191,0.5259064634787178,0.24892501117791166
SERPINI1,0.5637349864965191,0.5259064634787178,0.24892501117791166
USP36,0.563830817676026,0.7508145034156595,0.24885119029331165
VIPR2,0.5638657106030724,0.9111928533893852,0.24882431461302262
BST1,0.5642594574747402,0.5658434051497636,0.24852115303944092
LTC4S_1,0.5643925538137062,0.8966894377299002,0.24841872464651857
LTC4S,0.5643925538137062,0.8966894377299002,0.24841872464651857
NOS2,0.5648505328884394,0.8842879663688912,0.24806645718837605
RRAGC,0.565321091307691,0.525801366263794,0.24770481134215605
DMWD,0.565321091307691,0.525801366263794,0.24770481134215605
PSIP1,0.565321091307691,0.525801366263794,0.24770481134215605
BANF1,0.565321091307691,0.525801366263794,0.24770481134215605
STEAP1,0.5659407662720899,0.5227535470310036,0.24722902151025117
ADARB1,0.5660511595841345,0.5529164477141355,0.24714431559439273
TSPAN12,0.5664216566837248,0.5168681029952706,0.24686015009506684
MYL9,0.5669038407243308,0.5256962690488702,0.24649060069163173
PLA2G6,0.5669093376666241,0.5256962690488702,0.24648638960685895
CDK2,0.5669093376666241,0.5256962690488702,0.24648638960685895
PLG,0.5684595666513934,0.928533893851813,0.24530042034242472
SNHG3,0.5684781830240053,0.5265370467682606,0.2452861979491557
DHX8,0.568483567495295,0.5247503941145559,0.24528208444899963
SFT2D2,0.5684987408356224,0.5255911718339464,0.245270492891368
GSAP,0.5684993281587195,0.5254860746190226,0.24527004421658632
LCMT1,0.5684997197061255,0.5255911718339464,0.2452697451013353
MAP2K3,0.5684997197061255,0.5255911718339463,0.2452697451013353
RAB31,0.5684997197061255,0.5255911718339464,0.2452697451013353
RASSF1,0.5684997197061255,0.5255911718339463,0.2452697451013353
CUL7,0.5684997197061255,0.5255911718339464,0.2452697451013353
THEG,0.5684997197061255,0.5255911718339463,0.2452697451013353
KAT5,0.5684997197061255,0.5255911718339463,0.2452697451013353
SLC39A2,0.5698945248379743,0.521492380451918,0.24420551541444377
ZNF222,0.5699520124230737,0.5304256437204414,0.24416170856818573
ATXN2L,0.5700922315275739,0.5254860746190226,0.2440548769535847
ICE1,0.5700922315275739,0.5254860746190226,0.2440548769535847
PITPNC1,0.5700922315275739,0.5254860746190226,0.2440548769535847
GLI3,0.5700922315275739,0.5254860746190226,0.2440548769535847
POLE,0.5700922315275739,0.5254860746190226,0.2440548769535847
CUL9,0.5700922315275739,0.5254860746190226,0.2440548769535847
CLCN5,0.5704261873794788,0.6716763005780346,0.24380054491400993
CYP27B1,0.5707945081222356,0.5400945874934314,0.24352021408521538
F5,0.5708746901179717,0.8968996321597478,0.24345921112847962
SLC13A4,0.5714013618624296,0.8633736205990541,0.2430587288664129
CLN3,0.571686867200975,0.5253809774040987,0.24284178429029013
LMNB2,0.571686867200975,0.5253809774040987,0.24284178429029013
CD55,0.571686867200975,0.5253809774040988,0.24284178429029013
CD68,0.571686867200975,0.5253809774040987,0.24284178429029013
CYFIP1_1,0.571686867200975,0.5253809774040988,0.24284178429029013
PUM2,0.571686867200975,0.5253809774040988,0.24284178429029013
CYFIP1,0.571686867200975,0.5253809774040988,0.24284178429029013
CYFIP1_2,0.571686867200975,0.5253809774040988,0.24284178429029013
TTC1,0.571686867200975,0.5253809774040988,0.24284178429029013
KANK3,0.571686867200975,0.5253809774040987,0.24284178429029013
IL13,0.5718147889645036,0.7582764056752496,0.2427446165845015
CST6,0.5721600330315704,0.6579085654230163,0.24248248214778828
BMERB1_1,0.5724613305479729,0.5062532842879663,0.2422538443537185
BMERB1,0.5724613305479729,0.5062532842879663,0.2422538443537185
CHN2,0.5726079681768268,0.6272201786652654,0.2421426128090955
LPL,0.5728466476563161,0.5345244351024698,0.24196162408906566
PLAA,0.5731116156402056,0.5231739358906989,0.2417607893134536
STAP2,0.5732836207650158,0.525275880189175,0.24163046623681741
AFG3L2,0.5732836207650158,0.525275880189175,0.24163046623681741
XBP1,0.5732836207650158,0.525275880189175,0.24163046623681741
STX7,0.5732836207650158,0.525275880189175,0.24163046623681741
ACTR2,0.5732836207650158,0.525275880189175,0.24163046623681741
CMC4,0.5732836207650158,0.525275880189175,0.24163046623681741
CHGA_1,0.5735676148059008,0.9636363636363636,0.24141537810063143
CHGA,0.5735676148059008,0.9636363636363636,0.24141537810063143
PC,0.5740692431807326,0.5007882291119286,0.24103572063753512
PNMA3,0.5742935310516486,0.9483972674724119,0.2408660756644989
TRAT1,0.5745958611154608,0.9132947976878613,0.2406375066092826
NSD2,0.5746864526550108,0.5204414083026799,0.2405690405668772
PDGFRA,0.5748823894391897,0.5251707829742511,0.24042099503558087
H1-0,0.5748824862271243,0.5251707829742511,0.24042092191721237
DCHS2_1,0.5748824862271243,0.5251707829742511,0.24042092191721237
DCHS2,0.5748824862271243,0.5251707829742511,0.24042092191721237
MPP3,0.5748824862271243,0.5251707829742511,0.24042092191721237
ARHGAP1,0.5748824862271243,0.5251707829742511,0.24042092191721237
ZNF148,0.5748824862271243,0.5251707829742511,0.24042092191721237
ADAM21,0.5748824862271243,0.5251707829742511,0.24042092191721237
TACC1,0.5748824862271243,0.5251707829742511,0.24042092191721237
GRIK2,0.5750545526152271,0.9293746715712033,0.24029095396086758
ARG2,0.5756392569746861,0.7866526537046769,0.2398495960660104
TEX14,0.5759336795429627,0.850026274303731,0.2396275239844572
RPS14,0.5764834575635249,0.5250656857593273,0.2392131504542006
CCDC92_1,0.5764834575635249,0.5250656857593273,0.2392131504542006
CCDC92,0.5764834575635249,0.5250656857593273,0.2392131504542006
RNH1,0.5764834575635249,0.5250656857593274,0.2392131504542006
RNH1_1,0.5764834575635249,0.5250656857593274,0.2392131504542006
FGD1,0.5764834575635249,0.5250656857593274,0.2392131504542006
MSRB2,0.5764834575635249,0.5250656857593273,0.2392131504542006
C1GALT1C1_1,0.5764834575635249,0.5250656857593274,0.2392131504542006
ACADM,0.5764834575635249,0.5250656857593274,0.2392131504542006
FURIN,0.5764834575635249,0.5250656857593273,0.2392131504542006
ELAVL1,0.5764834575635249,0.5250656857593273,0.2392131504542006
SLC31A2,0.5764834575635249,0.5250656857593274,0.2392131504542006
C1GALT1C1,0.5764834575635249,0.5250656857593274,0.2392131504542006
TFAP2A,0.5772846346736729,0.5250656857593274,0.2386100017690684
SCYL2,0.577403561019672,0.6028376248029428,0.2385205420236659
DKKL1,0.5776527982165949,0.659695218076721,0.23833311854407027
SOWAHC,0.5780326297000717,0.5275880189174986,0.2380476451457181
ADD1,0.5780865287192978,0.5249605885444035,0.2380071509691856
SND1,0.5780865287192978,0.5249605885444035,0.2380071509691856
SRPK3,0.5780865287192978,0.5249605885444035,0.2380071509691856
ATP5F1B,0.5780865287192978,0.5249605885444035,0.2380071509691856
OXSR1,0.5780865287192978,0.5249605885444035,0.2380071509691856
SLC25A11,0.5780865287192978,0.5249605885444035,0.2380071509691856
MCL1,0.5780865287192978,0.5249605885444035,0.2380071509691856
SNAP29,0.5780865287192978,0.5249605885444035,0.2380071509691856
DBR1,0.5781061691465477,0.5971623751970573,0.23799239611181033
ETNK2,0.5784373667390079,0.5371518654755649,0.2377436596201972
MAGOH,0.5788451223276982,0.522543352601156,0.23743762196537324
PACSIN3,0.5794420055563361,0.5188649500788229,0.23699002463092456
SNHG17,0.579691693608438,0.5248554913294798,0.23680292258224736
NUPR1,0.579691693608438,0.5248554913294798,0.23680292258224736
GNPTAB,0.579691693608438,0.5248554913294797,0.23680292258224736
AIG1,0.579691693608438,0.5248554913294798,0.23680292258224736
SLC12A9,0.579691693608438,0.5248554913294797,0.23680292258224736
DEK,0.579691693608438,0.5248554913294797,0.23680292258224736
COG5,0.579691693608438,0.5248554913294797,0.23680292258224736
COG5_1,0.579691693608438,0.5248554913294797,0.23680292258224736
RIMS3,0.5797030800555132,0.8484498160798739,0.23679439214680684
OTUD3,0.5798474548999477,0.5764582238570678,0.23668624472813488
DKK4,0.5798584879006312,1.0,0.23667798130352183
ATP4B,0.5798584879006312,1.0,0.23667798130352183
ATP2B2,0.5798584879006312,1.0,0.23667798130352183
KLHL41,0.5798584879006312,1.0,0.23667798130352183
ST18,0.5798584879006312,1.0,0.23667798130352183
NAALAD2_1,0.5798584879006312,1.0,0.23667798130352183
ZNF674,0.5798584879006312,1.0,0.23667798130352183
ADCYAP1R1,0.5798584879006312,1.0,0.23667798130352183
COLQ,0.5798584879006312,1.0,0.23667798130352183
PCDHA3,0.5798584879006312,1.0,0.23667798130352183
RBBP9,0.5798584879006312,1.0,0.23667798130352183
ANXA13,0.5798584879006312,1.0,0.23667798130352183
ALPP,0.5798584879006312,1.0,0.23667798130352183
LINC00939,0.5798584879006312,1.0,0.23667798130352183
ACVR2B-AS1,0.5798584879006312,1.0,0.23667798130352183
KHDC1L,0.5798584879006312,1.0,0.23667798130352183
FOXN1,0.5798584879006312,1.0,0.23667798130352183
TXLNG,0.5798584879006312,1.0,0.23667798130352183
KCNIP1,0.5798584879006312,1.0,0.23667798130352183
STAG3,0.5798584879006312,1.0,0.23667798130352183
CASS4,0.5798584879006312,1.0,0.23667798130352183
LDHAL6B,0.5798584879006312,1.0,0.23667798130352183
CDHR1,0.5798584879006312,1.0,0.23667798130352183
DHODH,0.5798584879006312,1.0,0.23667798130352183
FRS2,0.5798584879006312,1.0,0.23667798130352183
GAN,0.5798584879006312,1.0,0.23667798130352183
OR2S2,0.5798584879006312,1.0,0.23667798130352183
LGALS14,0.5798584879006312,1.0,0.23667798130352183
RLN3_1,0.5798584879006312,1.0,0.23667798130352183
CPN1,0.5798584879006312,1.0,0.23667798130352183
CRX,0.5798584879006312,1.0,0.23667798130352183
RAX,0.5798584879006312,1.0,0.23667798130352183
ZNF711,0.5798584879006312,1.0,0.23667798130352183
GAS8-AS1,0.5798584879006312,1.0,0.23667798130352183
CASR,0.5798584879006312,1.0,0.23667798130352183
DAPK3,0.5798584879006312,1.0,0.23667798130352183
PCDHA3_1,0.5798584879006312,1.0,0.23667798130352183
LZTS1,0.5798584879006312,1.0,0.23667798130352183
ASB4,0.5798584879006312,1.0,0.23667798130352183
SPOCK3,0.5798584879006312,1.0,0.23667798130352183
UBASH3A,0.5798584879006312,1.0,0.23667798130352183
PAK5,0.5798584879006312,1.0,0.23667798130352183
ATF7,0.5798584879006312,1.0,0.23667798130352183
PADI4,0.5798584879006312,1.0,0.23667798130352183
PADI4_1,0.5798584879006312,1.0,0.23667798130352183
XPNPEP2,0.5798584879006312,1.0,0.23667798130352183
SMPX,0.5798584879006312,1.0,0.23667798130352183
AFF2,0.5798584879006312,1.0,0.23667798130352183
COLEC10,0.5798584879006312,1.0,0.23667798130352183
CLCNKB,0.5798584879006312,1.0,0.23667798130352183
PACRG,0.5798584879006312,1.0,0.23667798130352183
ZNF280A_1,0.5798584879006312,1.0,0.23667798130352183
ZNF280A,0.5798584879006312,1.0,0.23667798130352183
COL4A3,0.5798584879006312,1.0,0.23667798130352183
SOCS7_1,0.5798584879006312,1.0,0.23667798130352183
SOCS7,0.5798584879006312,1.0,0.23667798130352183
LRAT,0.5798584879006312,1.0,0.23667798130352183
FOXE3,0.5798584879006312,1.0,0.23667798130352183
RLN3,0.5798584879006312,1.0,0.23667798130352183
ADAM7,0.5798584879006312,1.0,0.23667798130352183
PCYT1B,0.5798584879006312,1.0,0.23667798130352183
NRG2,0.5798584879006312,1.0,0.23667798130352183
EPHB1,0.5798584879006312,1.0,0.23667798130352183
PCBP3,0.5798584879006312,1.0,0.23667798130352183
TXK,0.5798584879006312,1.0,0.23667798130352183
PDAP1,0.5798584879006312,1.0,0.23667798130352183
VN1R1,0.5798584879006312,1.0,0.23667798130352183
TP73,0.5798584879006312,1.0,0.23667798130352183
AICDA,0.5798584879006312,1.0,0.23667798130352183
SPN,0.5798584879006312,1.0,0.23667798130352183
PLSCR2,0.5798584879006312,1.0,0.23667798130352183
SLC17A6,0.5798584879006312,1.0,0.23667798130352183
SLC25A31,0.5798584879006312,1.0,0.23667798130352183
NR5A2,0.5798584879006312,1.0,0.23667798130352183
GAGE1,0.5798584879006312,1.0,0.23667798130352183
BCO1,0.5798584879006312,1.0,0.23667798130352183
GABRG3,0.5798584879006312,1.0,0.23667798130352183
MYH4,0.5798584879006312,1.0,0.23667798130352183
POU3F3,0.5798584879006312,1.0,0.23667798130352183
EHMT1,0.5798584879006312,1.0,0.23667798130352183
NOS3,0.5798584879006312,1.0,0.23667798130352183
ACSBG1,0.5798584879006312,1.0,0.23667798130352183
FEZF2,0.5798584879006312,1.0,0.23667798130352183
NAALAD2,0.5798584879006312,1.0,0.23667798130352183
LINC01587,0.5798584879006312,1.0,0.23667798130352183
ANGPTL7,0.5798584879006312,1.0,0.23667798130352183
APCS,0.5798584879006312,1.0,0.23667798130352183
TMEM212,0.5798584879006312,1.0,0.23667798130352183
TRAF3IP1,0.5798584879006312,1.0,0.23667798130352183
SLC30A10,0.5798584879006312,1.0,0.23667798130352183
EPN1,0.5798584879006312,1.0,0.23667798130352183
POU3F1,0.5798584879006312,1.0,0.23667798130352183
KCNC3,0.5798584879006312,1.0,0.23667798130352183
RAD51B,0.5798584879006312,1.0,0.23667798130352183
NLGN4Y,0.5798584879006312,1.0,0.23667798130352183
CLCA4,0.5798584879006312,1.0,0.23667798130352183
HIF3A,0.5798584879006312,1.0,0.23667798130352183
XPO4,0.5798584879006312,1.0,0.23667798130352183
S100A5,0.5798584879006312,1.0,0.23667798130352183
SCT,0.5798584879006312,1.0,0.23667798130352183
ENDOU,0.5798584879006312,1.0,0.23667798130352183
RGS6,0.5798584879006312,1.0,0.23667798130352183
FAM90A1,0.5798584879006312,1.0,0.23667798130352183
KCNJ4,0.5798584879006312,1.0,0.23667798130352183
CRCT1,0.5798584879006312,1.0,0.23667798130352183
PGLYRP1,0.5798584879006312,1.0,0.23667798130352183
PNLIP,0.5798584879006312,1.0,0.23667798130352183
MMP20,0.5798584879006312,1.0,0.23667798130352183
MSC,0.5798584879006312,1.0,0.23667798130352183
GPR37L1,0.5798584879006312,1.0,0.23667798130352183
SLC19A3,0.5798584879006312,1.0,0.23667798130352183
HNF4G,0.5798584879006312,1.0,0.23667798130352183
MYCNOS,0.5798584879006312,1.0,0.23667798130352183
C8G,0.5798584879006312,1.0,0.23667798130352183
BMP5,0.5798584879006312,1.0,0.23667798130352183
SH3PXD2A,0.5798584879006312,1.0,0.23667798130352183
NYX,0.5798584879006312,1.0,0.23667798130352183
SLCO1A2,0.5798584879006312,1.0,0.23667798130352183
SCT_1,0.5798584879006312,1.0,0.23667798130352183
CCL24,0.5798584879006312,1.0,0.23667798130352183
IFNA10,0.5798584879006312,1.0,0.23667798130352183
RCAN3,0.5798584879006312,1.0,0.23667798130352183
ALOXE3,0.5798584879006312,1.0,0.23667798130352183
IFNA21,0.5798584879006312,1.0,0.23667798130352183
CFAP43,0.5798584879006312,1.0,0.23667798130352183
HKDC1,0.5798584879006312,1.0,0.23667798130352183
SLC16A8,0.5798584879006312,1.0,0.23667798130352183
TULP1,0.5798584879006312,1.0,0.23667798130352183
ART4,0.5798584879006312,1.0,0.23667798130352183
PYGM,0.5798584879006312,1.0,0.23667798130352183
PODNL1_1,0.5798584879006312,1.0,0.23667798130352183
CDH6,0.5798584879006312,1.0,0.23667798130352183
ABCB4,0.5798584879006312,1.0,0.23667798130352183
MTUS2,0.5798584879006312,1.0,0.23667798130352183
PTPRR,0.5798584879006312,1.0,0.23667798130352183
KIF25,0.5798584879006312,1.0,0.23667798130352183
IL25,0.5798584879006312,1.0,0.23667798130352183
PLA2G2F,0.5798584879006312,1.0,0.23667798130352183
RBP3,0.5798584879006312,1.0,0.23667798130352183
PODNL1,0.5798584879006312,1.0,0.23667798130352183
MYO15A,0.5798584879006312,1.0,0.23667798130352183
REG1A,0.5798584879006312,1.0,0.23667798130352183
AQP5,0.5804021909961612,0.5271676300578034,0.23627095678608212
PPP1R15A,0.5812208607686855,0.5282186022070415,0.23565880670343117
SMU1,0.5812985634486625,0.5247503941145559,0.23560075030542119
RBM41,0.5812988504476997,0.5247503941145559,0.23560053588537055
OAZ2,0.5812989461139151,0.5247503941145559,0.23560046441214125
PHIP,0.5812989461139151,0.5247503941145559,0.23560046441214125
BTBD1,0.5812989461139151,0.5247503941145559,0.23560046441214125
FGF4,0.5814810992850854,0.6675775091960063,0.23546439720310963
TMEM231,0.5827427984403915,0.5104571728849185,0.23452308480339512
KHDRBS3,0.582781364118849,0.5280084077771938,0.23449434432440877
LARP4B,0.5828735566522383,0.5227535470310036,0.23442564696313367
TRPV6_1,0.5828968337552577,0.5250656857593274,0.23440830372388083
TRPV6,0.5828968337552577,0.5250656857593274,0.23440830372388083
HPF1,0.5829082800877337,0.5246452968996321,0.23439977557629685
PRDX4,0.5829082800877337,0.5246452968996322,0.23439977557629685
ALG6,0.5829082800877337,0.5246452968996322,0.23439977557629685
NMRK2,0.5839150628523391,0.7727798213347347,0.23365032141033998
LDAH,0.5842246338611929,0.5777193904361535,0.23342013492763056
CITED1,0.5844123797682037,0.6802942722017866,0.23328059286082067
RGS1,0.5845143638288256,0.5250656857593274,0.23320481203858326
ZNF207,0.584519689350996,0.5245401996847083,0.23320085519081551
ELOA-AS1,0.584519689350996,0.5245401996847083,0.23320085519081551
NNMT,0.584519689350996,0.5245401996847083,0.23320085519081551
TXN,0.584519689350996,0.5245401996847083,0.23320085519081551
ANAPC13,0.584519689350996,0.5245401996847083,0.23320085519081551
NARF,0.584519689350996,0.5245401996847083,0.23320085519081551
EIF4G3,0.584519689350996,0.5245401996847083,0.23320085519081551
TNMD,0.5849335477670129,0.911823436678928,0.23289346977656566
H2BC3,0.5851493757954613,0.9638465580662112,0.23273325391327815
MMP7,0.5851998245740699,0.5271676300578034,0.23269581273559353
PDLIM7,0.5859586924152151,0.7634261692065161,0.23213299880862012
OCA2_1,0.5861327884535639,0.5244351024697845,0.2320039833681597
OCA2,0.5861327884535639,0.5244351024697845,0.2320039833681597
SOS2,0.5861331676939627,0.5244351024697845,0.23200370237047024
COX7B,0.5861331676939627,0.5244351024697845,0.23200370237047024
CCT2,0.5861331676939627,0.5244351024697845,0.23200370237047024
MTOR,0.5861331676939627,0.5244351024697845,0.23200370237047024
USP14,0.5861331676939627,0.5244351024697845,0.23200370237047024
BFSP1,0.5862440617022473,0.9128744088281661,0.23192154339499688
SLC22A7,0.5867651828006041,0.8787178139779296,0.2315356640281126
STK32B,0.5869738743350433,0.5575407251707829,0.2313812283684471
MEAK7,0.5871411236435023,0.558591697320021,0.23125750036500242
CAMK2A,0.5876953404691732,0.7657383079348398,0.23084775256711967
DSTYK,0.5877468184283965,0.5241198108250131,0.23080971310515994
LOXL1,0.5877486143543458,0.5243300052548607,0.23080838607196538
CDC42SE1,0.5877487088761167,0.5243300052548607,0.23080831622870374
UBE2V2,0.5877487088761167,0.5243300052548607,0.23080831622870374
EIF4A2,0.5877487088761167,0.5243300052548607,0.23080831622870374
CATSPERB,0.5881166974852866,0.8426694692590646,0.2305364901732411
CATSPERB_1,0.5881166974852866,0.8426694692590646,0.2305364901732411
FBXL15,0.588487437774377,0.8296374146085128,0.2302628034467123
IL7,0.5892637533266625,0.8643194955333684,0.2296902723179833
OBI1,0.5893610295274065,0.5239096163951655,0.2296185845036523
GATM,0.5893610295274065,0.5239096163951655,0.2296185845036523
CD58,0.5893662123940959,0.5242249080399369,0.22961476531576286
SLC4A1,0.5893663066262267,0.5242249080399369,0.22961469587762698
RNF167,0.5893663066262267,0.5242249080399369,0.22961469587762698
ZNF385D,0.5896033411626114,0.6377299001576457,0.22944006408324197
KRT2,0.5896788371398327,0.7968470835522858,0.2293844582461299
TRAF4,0.5900119334169076,0.5081450341565948,0.2291392043498867
AMMECR1,0.5901757806593395,0.5242249080399369,0.22901861683169494
RAPGEF5,0.5907697195556869,0.5283236994219653,0.2285817729519852
LYPD1,0.5909807181308737,0.963951655281135,0.22842668857047022
TAF1C,0.5909850152286613,0.5243300052548607,0.22842353077019786
CYP21A2_2,0.5909859546424119,0.5241198108250131,0.22842284042801775
CYP21A2_1,0.5909859546424119,0.5241198108250131,0.22842284042801775
MMS19,0.5909859546424119,0.5241198108250131,0.22842284042801775
PPT1,0.5909859546424119,0.5241198108250131,0.22842284042801775
CYP21A2_5,0.5909859546424119,0.5241198108250131,0.22842284042801775
CYP21A2_4,0.5909859546424119,0.5241198108250131,0.22842284042801775
CYP21A2,0.5909859546424119,0.5241198108250131,0.22842284042801775
SMARCE1,0.5909859546424119,0.5241198108250131,0.22842284042801775
PPM1F,0.5909859546424119,0.5241198108250131,0.22842284042801775
CADM1,0.5909859546424119,0.5241198108250131,0.22842284042801775
CYP21A2_3,0.5909859546424119,0.5241198108250131,0.22842284042801775
SMARCA5,0.5909859546424119,0.5241198108250131,0.22842284042801775
SATB1,0.5909859546424119,0.5241198108250131,0.22842284042801775
GSR,0.5916477768366889,0.59033105622701,0.22793676304103058
PLSCR4,0.5917056279197301,0.5231739358906989,0.22789429997622512
AQP2,0.5921649929467784,0.7053074093536521,0.22755727040065793
RBL2,0.5925964082965249,0.5244351024697845,0.22724098508972904
CCNB1IP1,0.592607646592206,0.5240147136100893,0.22723274898932033
SMC6,0.592607646592206,0.5240147136100893,0.22723274898932033
COX7A2L,0.592607646592206,0.5240147136100893,0.22723274898932033
FKBP1A,0.592607646592206,0.5240147136100893,0.22723274898932033
CCNB1IP1_1,0.592607646592206,0.5240147136100893,0.22723274898932033
HDAC3,0.592607646592206,0.5240147136100893,0.22723274898932033
SRRM2,0.592607646592206,0.5240147136100893,0.22723274898932033
EFCAB14,0.592607646592206,0.5240147136100893,0.22723274898932033
TAGLN,0.592607646592206,0.5240147136100893,0.22723274898932033
DEPTOR,0.592607646592206,0.5240147136100893,0.22723274898932033
AMZ2,0.592607646592206,0.5240147136100893,0.22723274898932033
ACAN,0.5927065160949746,0.697320021019443,0.22716029818946967
ZNF75D,0.5931539961302743,0.6127167630057804,0.22683253937245365
GPR12,0.5938369660459191,0.9325275880189174,0.22633277129021198
TAF4B,0.59390517510324,0.5477666841828692,0.22628289040072158
MOGS,0.5942281086568449,0.5234892275354703,0.22604680869890817
PPP1R13L,0.5942312827578372,0.5239096163951655,0.22604448889807036
BPTF,0.5942313761126256,0.5239096163951655,0.22604442066964242
CD151,0.5942313761126256,0.5239096163951655,0.22604442066964242
GAPDH,0.5942313761126256,0.5239096163951655,0.22604442066964242
IPO13,0.5942313761126256,0.5239096163951655,0.22604442066964242
SAP30BP,0.5942313761126256,0.5239096163951655,0.22604442066964242
NARS1,0.5942313761126256,0.5239096163951655,0.22604442066964242
SGK2,0.5943765400973955,0.5579611140304782,0.2259383404105253
BMP7,0.594606938853763,0.9149763531266422,0.22577002703771293
GUCY1A2,0.5951250577349672,0.9299001576458223,0.2253917633851474
DLGAP1,0.5951250577349672,0.9299001576458223,0.2253917633851474
DPT,0.5954191269967144,0.5038360483447188,0.22517721836966734
TBXAS1,0.595602896145236,0.9121387283236995,0.2250431991387386
PIP4K2B,0.5958571368102347,0.5238045191802417,0.22485785457575513
SPHK1,0.5958571368102347,0.5238045191802417,0.22485785457575513
PPP1R11_2,0.5958571368102347,0.5238045191802417,0.22485785457575513
PPP1R11_3,0.5958571368102347,0.5238045191802417,0.22485785457575513
PPP1R11_5,0.5958571368102347,0.5238045191802417,0.22485785457575513
ATAT1_2,0.5958571368102347,0.5238045191802417,0.22485785457575513
ATAT1,0.5958571368102347,0.5238045191802417,0.22485785457575513
ATAT1_1,0.5958571368102347,0.5238045191802417,0.22485785457575513
ATAT1_6,0.5958571368102347,0.5238045191802417,0.22485785457575513
PPP1R11_4,0.5958571368102347,0.5238045191802417,0.22485785457575513
ATAT1_5,0.5958571368102347,0.5238045191802417,0.22485785457575513
ATAT1_4,0.5958571368102347,0.5238045191802417,0.22485785457575513
PPP1R11_1,0.5958571368102347,0.5238045191802417,0.22485785457575513
ATAT1_3,0.5958571368102347,0.5238045191802417,0.22485785457575513
PIP4K2B_1,0.5958571368102347,0.5238045191802417,0.22485785457575513
SSH1,0.5958571368102347,0.5238045191802417,0.22485785457575513
DDX17,0.5958571368102347,0.5238045191802417,0.22485785457575513
KIFAP3,0.5958571368102347,0.5238045191802417,0.22485785457575513
PPP1R11_7,0.5958571368102347,0.5238045191802417,0.22485785457575513
HINT1,0.5958571368102347,0.5238045191802417,0.22485785457575513
PPP1R11_6,0.5958571368102347,0.5238045191802417,0.22485785457575513
PPP1R11,0.5958571368102347,0.5238045191802417,0.22485785457575513
NSMCE4A,0.5958571368102347,0.5238045191802417,0.22485785457575513
NKX2-2,0.596151516646751,0.9477666841828691,0.22464334683571316
GHR,0.5965661434446204,0.5556489753021545,0.22434139752508786
AURKC,0.5968301633931723,0.652653704676826,0.2241492360310692
ARHGDIG,0.5968386432479764,0.9640567524960588,0.22414306555207478
HIPK3,0.5968386432479764,0.9640567524960588,0.22414306555207478
PCDH7,0.5968386432479764,0.9640567524960588,0.22414306555207478
ACADL,0.5968386432479764,0.9640567524960588,0.22414306555207478
NEK11,0.5973950050284969,0.522017866526537,0.2237384129632766
TRIM21,0.5974845512092066,0.5238045191802417,0.22367331952012987
PRKD2,0.5974849222612131,0.5236994219653179,0.22367304981309136
CDH5,0.5974849222612131,0.5236994219653179,0.22367304981309136
GCLM,0.5974849222612131,0.5236994219653179,0.22367304981309136
PRSS23,0.5974849222612131,0.5236994219653179,0.22367304981309136
DNM1L,0.5974849222612131,0.5236994219653179,0.22367304981309136
DHRS3,0.5974849222612131,0.5236994219653179,0.22367304981309136
SETD5,0.5974849222612131,0.5236994219653179,0.22367304981309136
SEC31B,0.5974849222612131,0.5236994219653179,0.22367304981309136
NR0B2,0.5981215482299104,0.734944823962165,0.22321055119302619
S1PR4,0.5990955969126356,0.7837099316868104,0.22250387227004684
AP5S1,0.5991147260114252,0.5235943247503941,0.2224900054857438
PLA2G2A,0.5991147260114252,0.5235943247503941,0.2224900054857438
DEGS1,0.5991147260114252,0.5235943247503941,0.2224900054857438
G6PC2_1,0.5991789682512678,0.9122438255386233,0.22244343918830092
G6PC2,0.5991789682512678,0.9122438255386233,0.22244343918830092
LIG4,0.599346397211111,0.5740409879138203,0.2223221009572729
VASH2,0.5998310569911027,0.9476615869679453,0.22197105186312285
AGPAT4,0.5998310569911027,0.9476615869679453,0.22197105186312285
POLQ,0.5999294595672557,0.5233841303205465,0.22189981148584031
OLR1,0.6003798912567608,0.5561744613767735,0.2215738621690668
NPR3,0.6003823608909191,0.6383604834471887,0.22157207572302332
PF4,0.6005158757399804,0.6485549132947976,0.22147550673712646
PBX3,0.6007313334146365,0.5226484498160798,0.2213197151906785
CRYZL1,0.6007461729142562,0.5234892275354703,0.22130898721156037
BORCS6,0.6007465415764881,0.5234892275354703,0.2213087206964645
ORC6,0.6007465415764881,0.5234892275354703,0.2213087206964645
TSEN34_7,0.6007465415764881,0.5234892275354703,0.2213087206964645
SP3,0.6007465415764881,0.5234892275354703,0.2213087206964645
TSEN34,0.6007465415764881,0.5234892275354703,0.2213087206964645
TSEN34_4,0.6007465415764881,0.5234892275354703,0.2213087206964645
TSEN34_6,0.6007465415764881,0.5234892275354703,0.2213087206964645
BUB3,0.6007465415764881,0.5234892275354703,0.2213087206964645
TSEN34_5,0.6007465415764881,0.5234892275354703,0.2213087206964645
MTMR1,0.6007465415764881,0.5234892275354703,0.2213087206964645
TSEN34_9,0.6007465415764881,0.5234892275354703,0.2213087206964645
SNX10,0.6007465415764881,0.5234892275354703,0.2213087206964645
TSEN34_2,0.6007465415764881,0.5234892275354703,0.2213087206964645
TSEN34_8,0.6007465415764881,0.5234892275354703,0.2213087206964645
TSEN34_1,0.6007465415764881,0.5234892275354703,0.2213087206964645
TSEN34_3,0.6007465415764881,0.5234892275354703,0.2213087206964645
HSD11B2,0.6010035252078298,0.861797162375197,0.22112298061985938
CHST4,0.6020991641489855,0.8004203888596952,0.22033197569226287
ADGRB1,0.6022175706124843,0.5296899632159748,0.2202465774371351
CDO1,0.6023571954839526,0.5347346295323174,0.22014589740764515
NMD3,0.6023693382291597,0.5243300052548607,0.2201371426785158
MMP9,0.6023802705771781,0.5233841303205465,0.22012926077777217
GTF2E2,0.602380362441842,0.5233841303205465,0.22012919454666285
UBB,0.602380362441842,0.5233841303205465,0.22012919454666285
VAMP7,0.602380362441842,0.5233841303205464,0.22012919454666285
VAMP7_1,0.602380362441842,0.5233841303205464,0.22012919454666285
TMEM51,0.602380362441842,0.5233841303205464,0.22012919454666285
KCNJ6,0.6026704812972952,0.5379926431949553,0.2199200796846496
EYA4,0.6027228508503362,0.9641618497109826,0.2198823429437648
DCAF17,0.6027228508503362,0.9641618497109826,0.2198823429437648
FABP3,0.6032418327955593,0.9301103520756699,0.21950854922992175
THNSL1,0.6035208418123783,0.9475564897530215,0.21930772750894134
NT5DC3,0.6036109442680373,0.8049395691014188,0.21924289448934475
GFAP,0.6036267850685569,0.9146610614818708,0.21923149727720032
NREP,0.6040084905934706,0.5232790331056227,0.21895695642526702
TRPM6,0.6040084905934706,0.5239096163951655,0.21895695642526702
DBN1,0.6040161820628203,0.5232790331056227,0.21895142613640467
NCBP2,0.6040161820628203,0.5232790331056227,0.21895142613640467
KIF5B,0.6040161820628203,0.5232790331056227,0.21895142613640467
WDR19,0.6040161820628203,0.5232790331056227,0.21895142613640467
ATP5ME,0.6040161820628203,0.5232790331056227,0.21895142613640467
FAM162A,0.6040161820628203,0.5232790331056227,0.21895142613640467
EIF5,0.6040161820628203,0.5232790331056227,0.21895142613640467
PSMD2,0.6040161820628203,0.5232790331056227,0.21895142613640467
SCAMP4,0.6040660726470655,0.503730951129795,0.21891555572217672
ZBTB7B,0.6052203710584186,0.7490278507619548,0.21808646252365388
KRT12_1,0.605443931247726,0.5189700472937467,0.21792606965916111
KRT12,0.605443931247726,0.5189700472937467,0.21792606965916111
ZBTB20,0.6056536288286302,0.5231739358906988,0.21777567631981778
ATP6AP1,0.6056539938647214,0.5231739358906988,0.21777541456441038
ADAMTS2,0.6063920802152062,0.5100367840252233,0.21724647944278164
MME,0.6070274811480707,0.5184445612191277,0.2167916472430246
MACO1,0.6071326129259618,0.5289542827115081,0.21671643780178582
DPF1,0.60729379124288,0.5230688386757751,0.21660115892805457
ELOVL5,0.60729379124288,0.5230688386757751,0.21660115892805457
TMPRSS6,0.60729379124288,0.5230688386757751,0.21660115892805457
TMEM59,0.60729379124288,0.5230688386757751,0.21660115892805457
CAMSAP2,0.60729379124288,0.5230688386757751,0.21660115892805457
VWA7_5,0.6073188042318993,0.9302154492905939,0.2165832717380995
VWA7_1,0.6073188042318993,0.9302154492905939,0.2165832717380995
VWA7_3,0.6073188042318993,0.9302154492905939,0.2165832717380995
VWA7_2,0.6073188042318993,0.9302154492905939,0.2165832717380995
VWA7,0.6073188042318993,0.9302154492905939,0.2165832717380995
VWA7_4,0.6073188042318993,0.9302154492905939,0.2165832717380995
TWIST1,0.6076180839900914,0.5159222280609563,0.2163693091011639
OSM,0.6086330355208679,0.9642669469259064,0.21564447860446376
MRPS2,0.6089346610829405,0.5229637414608513,0.21542930482767228
SRRD,0.6089355675627406,0.5229637414608513,0.21542865832336355
FAF1,0.6089355675627406,0.5229637414608512,0.21542865832336355
ARIH2,0.6089355675627406,0.5229637414608513,0.21542865832336355
AFTPH,0.6089355675627406,0.5229637414608513,0.21542865832336355
OGFR,0.6089355675627406,0.5229637414608513,0.21542865832336355
XPNPEP1,0.6089355675627406,0.5229637414608512,0.21542865832336355
CAVIN1,0.6089355675627406,0.5229637414608513,0.21542865832336355
DRICH1,0.6089355675627406,0.5229637414608513,0.21542865832336355
AMPH,0.6092462671208221,0.6456121912769311,0.21520712307683687
KDM7A,0.610579225819901,0.5228586442459275,0.21425797610231648
SSR2,0.6105793161599306,0.5228586442459275,0.21425791184501491
ABT1,0.6105793161599306,0.5228586442459275,0.21425791184501491
ABT1_1,0.6105793161599306,0.5228586442459275,0.21425791184501491
ADAM9,0.6105793161599306,0.5228586442459274,0.21425791184501491
BMPR1A,0.6105793161599306,0.5228586442459275,0.21425791184501491
QRICH1,0.6105793161599306,0.5228586442459274,0.21425791184501491
ERP44,0.6105793161599306,0.5228586442459274,0.21425791184501491
RSL1D1,0.6105793161599306,0.5228586442459274,0.21425791184501491
ADAM9_1,0.6105793161599306,0.5228586442459274,0.21425791184501491
ST3GAL6,0.6119185122909829,0.643615344193379,0.21330640795025965
SMPD1,0.6119907383296552,0.5183394640042039,0.21325515027724898
BLTP2,0.6122142261741763,0.5217025748817656,0.2130965828125834
CDC34,0.6122246702159662,0.5228586442459275,0.2130891740480765
SWAP70,0.6122246702159662,0.5227535470310036,0.2130891740480765
PLEKHM1_2,0.6122250303403352,0.5227535470310036,0.21308891858633533
MAIP1,0.6122250303403352,0.5227535470310036,0.21308891858633533
ZBTB24,0.6122250303403352,0.5227535470310036,0.21308891858633533
PLEKHM1,0.6122250303403352,0.5227535470310036,0.21308891858633533
AMPD3,0.6122250303403352,0.5227535470310036,0.21308891858633533
PLEKHM1_1,0.6122250303403352,0.5227535470310036,0.21308891858633533
CLTA,0.6122250303403352,0.5227535470310036,0.21308891858633533
PPFIA3,0.6130610938710228,0.6113504992117709,0.21249624422713864
KIF5A,0.6131213341571897,0.9652128218602207,0.21245357190808792
MEGF8,0.613393567538769,0.9294797687861271,0.21226078263632653
HS1BP3,0.613872703380171,0.5226484498160798,0.21192167763930045
RECQL,0.613872703380171,0.5226484498160798,0.21192167763930045
EIF1,0.613872703380171,0.5226484498160799,0.21192167763930045
MGST3,0.613872703380171,0.5226484498160798,0.21192167763930045
PARM1-AS1,0.6144095621586503,0.7884393063583814,0.21154203392637932
IRAK4,0.6146941375544578,0.5221229637414608,0.2113409288018534
CACNB1,0.6151544043322708,0.8179716237519705,0.21101586221953555
CLIC3,0.6151834725845475,0.8993168681029953,0.2109953407322245
TPR,0.6155223285260636,0.522543352601156,0.21075618809453234
PEX11B,0.6155223285260636,0.522543352601156,0.21075618809453234
CCT4,0.6155223285260636,0.522543352601156,0.21075618809453234
MITF,0.6155223285260636,0.522543352601156,0.21075618809453234
FIG4,0.6155223285260636,0.522543352601156,0.21075618809453234
SDHB,0.6155223285260636,0.522543352601156,0.21075618809453234
GPRC5D,0.6159657547114221,0.8078822911192853,0.21044343224025058
ATP2C2,0.6160065356010525,0.5949553336836574,0.21041468010762668
GYG2,0.6163585875688498,0.6789280084077771,0.21016654872474003
STS,0.6164850992884553,0.6170257488176563,0.21007741602689786
CRTAM,0.6166827817931009,0.9293746715712033,0.20993817720469227
RSPH6A,0.6169420402631038,0.5284287966368891,0.20975563463169353
LRIF1,0.6171664147351905,0.5232790331056227,0.20959771561608964
C2CD2L,0.6171689095371281,0.5224382553862322,0.209595960049845
GALNT2,0.617173542611716,0.522543352601156,0.20959269982214357
CALM2,0.6171738989951225,0.5224382553862323,0.20959244904129906
POGLUT1,0.6171738989951225,0.5224382553862323,0.20959244904129906
DAPK1,0.6171738989951225,0.5224382553862323,0.20959244904129906
ARPC1B,0.6171738989951225,0.5224382553862322,0.20959244904129906
PTPRM,0.6171738989951225,0.5224382553862322,0.20959244904129906
MYO1C,0.6171738989951225,0.5224382553862322,0.20959244904129906
RSF1,0.6174993887437312,0.5884393063583815,0.2093634679717071
TICAM1,0.618466445397087,0.5317919075144508,0.20868385783630697
PRR5,0.6185362281738618,0.5165528113504992,0.20863485830612832
PAMR1,0.6185963673758537,0.5302154492905937,0.20859263466141043
BATF3,0.6188167537763575,0.5230688386757751,0.20843793677272437
YY1AP1,0.6188274079750196,0.5223331581713084,0.2084304595675128
TP53I11,0.6188274079750196,0.5223331581713084,0.2084304595675128
TMEM214,0.6188274079750196,0.5223331581713084,0.2084304595675128
DTX4,0.6188274079750196,0.5223331581713084,0.2084304595675128
RBM23,0.6188274079750196,0.5223331581713084,0.2084304595675128
CDCA8,0.6188274079750196,0.5223331581713084,0.2084304595675128
CARHSP1,0.6188274079750196,0.5223331581713084,0.2084304595675128
MCTS1,0.6188274079750196,0.5223331581713084,0.2084304595675128
CHAC1,0.6188760902225248,0.7055176037834998,0.20839629559932518
SHBG,0.6189294437786493,0.896794534944824,0.20835885651153202
BLMH,0.6196402635434162,0.5227535470310036,0.20786037001774277
PLIN1,0.6201231695625768,0.5159222280609563,0.20752204187479947
BOP1,0.6203664231357404,0.507514450867052,0.2073517160832666
ADRA2A,0.6203970966010541,0.5222280609563846,0.2073302433102242
MTRF1,0.6204001111985054,0.5594324750394115,0.2073281330168902
FNDC4,0.6204778059914112,0.5215974776668418,0.2072737482633084
BHMT2,0.6204810793020996,0.5222280609563846,0.20727145716279513
PNP,0.6204827601585537,0.5222280609563846,0.20727028067938816
PNP_1,0.6204827601585537,0.5222280609563846,0.20727028067938816
C3AR1,0.6204828486240661,0.5222280609563846,0.20727021875972884
KIF2A,0.6204828486240661,0.5222280609563846,0.20727021875972884
CBR1,0.6204828486240661,0.5222280609563846,0.20727021875972884
RAB32,0.6204828486240661,0.5222280609563846,0.20727021875972884
UPF2,0.6204828486240661,0.5222280609563846,0.20727021875972884
VENTX,0.6207027504266185,0.543562795585917,0.2071163301866075
SERGEF,0.6208472395666784,0.7961114030478192,0.20701524551500822
ASXL3,0.6208963585043191,0.8625328428796637,0.20698088724069366
KCND2,0.6211580061626865,0.8157645822385706,0.2067979127443347
MEIS1,0.6217607061341829,0.5614293221229638,0.2063767278514049
C1orf159,0.6219236380393707,0.5423016290068313,0.20626293623203562
PSTPIP1,0.6220250074774996,0.9650026274303731,0.20619215487322454
SCN2A,0.6220250074774996,0.9650026274303731,0.20619215487322454
TNK2,0.6221402140712919,0.5221229637414608,0.20611172570314434
CYLD,0.6221402140712919,0.5221229637414608,0.20611172570314434
CLCN3,0.6221402140712919,0.5221229637414608,0.20611172570314434
ZNF516,0.6225830897519085,0.5033105622700998,0.2058026795532305
SYNE1,0.6237977408069207,0.522017866526537,0.2049562024497705
LAT2,0.6237994095866279,0.522017866526537,0.20495504062951767
NUP153,0.6237994974165253,0.522017866526537,0.20495497948159658
HBG2,0.6237994974165253,0.522017866526537,0.20495497948159658
ZC3H15,0.6237994974165253,0.522017866526537,0.20495497948159658
KAT6A,0.6237994974165253,0.522017866526537,0.20495497948159658
LSM14A,0.6237994974165253,0.522017866526537,0.20495497948159658
LSM14A_1,0.6237994974165253,0.522017866526537,0.20495497948159658
MFN2,0.6237994974165253,0.522017866526537,0.20495497948159658
ITSN2,0.6237994974165253,0.522017866526537,0.20495497948159658
KDM6A,0.6245448750116396,0.5210719915922228,0.20443635109328911
RUNX1,0.624972543059441,0.7479768786127168,0.20413906211145813
HOMER3,0.6251736801084542,0.5304256437204414,0.20399931412097894
CIDEC,0.6254165977765506,0.6731476615869679,0.203830597306202
GSTM3,0.6254603416897613,0.5219127693116132,0.2038002222316721
MINDY2,0.6254606042203863,0.5219127693116132,0.20380003994101314
ZNF146,0.6254606917304724,0.5219127693116132,0.20379997917756204
SUPT6H,0.6254606917304724,0.5219127693116132,0.20379997917756204
PHF1,0.6254606917304724,0.5219127693116132,0.20379997917756204
PDCD11,0.6254606917304724,0.5219127693116132,0.20379997917756204
VPS54,0.6254606917304724,0.5219127693116132,0.20379997917756204
PDIA5,0.6254606917304724,0.5219127693116132,0.20379997917756204
PHF1_2,0.6254606917304724,0.5219127693116132,0.20379997917756204
PHF1_1,0.6254606917304724,0.5219127693116132,0.20379997917756204
SERPINE2,0.6254606917304724,0.5219127693116132,0.20379997917756204
RBM15,0.6254606917304724,0.5219127693116132,0.20379997917756204
VRTN,0.6262013528721627,0.595165528113505,0.20328599844973225
ZNF528,0.6270392753490799,0.5188649500788229,0.2027052557670918
DDX46,0.6271237900547981,0.5218076720966894,0.2026467238721554
BICRA,0.6271237900547981,0.5218076720966894,0.2026467238721554
EIF2AK1,0.6271237900547981,0.5218076720966894,0.2026467238721554
USP5,0.6271237900547981,0.5218076720966894,0.2026467238721554
DUSP1,0.6271237900547981,0.5218076720966894,0.2026467238721554
DSG2,0.6271237900547981,0.5218076720966894,0.2026467238721554
ELOA,0.6271237900547981,0.5218076720966894,0.2026467238721554
XRCC5,0.628788785402209,0.5217025748817656,0.20149521264512732
ZDHHC3,0.628788785402209,0.5217025748817656,0.20149521264512732
NME8,0.6292205751117524,0.9458749343142406,0.2011970846638145
HCP5_3,0.629506621255342,0.5255911718339463,0.20099969755050248
HCP5_2,0.629506621255342,0.5255911718339463,0.20099969755050248
HCP5_1,0.629506621255342,0.5255911718339463,0.20099969755050248
HCP5,0.629506621255342,0.5255911718339463,0.20099969755050248
EGOT,0.6296099780175288,0.563426169206516,0.20092839792406297
ANO1,0.6297234318613689,0.5131897004729374,0.20085014640134907
GRIA1,0.6298509082076827,0.8142932212296374,0.20076224007902232
UPF3A,0.630171831181755,0.5282186022070415,0.20054101378617484
NAA80,0.6302564621054956,0.5173935890698896,0.200482692748112
CUBN,0.6304231448532953,0.634892275354703,0.2003678508840569
ZNF133,0.630455584213853,0.5215974776668418,0.20034550419049313
PIK3C2B,0.630455670756534,0.5215974776668418,0.20034544457486408
CASP4,0.630455670756534,0.5215974776668418,0.20034544457486408
ALG3,0.630455670756534,0.5215974776668418,0.20034544457486408
CHGB,0.6309843372541883,0.9647924330005255,0.19998142099120936
NPTXR,0.6313013839404378,0.6154492905937993,0.19976325861017727
REL,0.6315207686531786,0.5478717813977929,0.1996123623483084
TTK,0.6316100256005379,0.5317919075144508,0.19955098501517626
POU6F1,0.6319915923177313,0.5250656857593274,0.19928869930353746
CERT1,0.6321243528552403,0.521492380451918,0.1991974779732682
CCT8,0.6321244390728087,0.521492380451918,0.19919741873838587
CCT8_1,0.6321244390728087,0.521492380451918,0.19919741873838587
NEU1_3,0.6321244390728087,0.521492380451918,0.19919741873838587
NEU1_2,0.6321244390728087,0.521492380451918,0.19919741873838587
SETDB1,0.6321244390728087,0.521492380451918,0.19919741873838587
ALKBH1,0.6321244390728087,0.521492380451918,0.19919741873838587
BASP1,0.6321244390728087,0.521492380451918,0.19919741873838587
BPHL,0.6321244390728087,0.521492380451918,0.19919741873838587
NAGA,0.6321244390728087,0.521492380451918,0.19919741873838587
NEU1,0.6321244390728087,0.521492380451918,0.19919741873838587
GTF2A2,0.6321244390728087,0.521492380451918,0.19919741873838587
PRB4,0.6321244390728087,0.521492380451918,0.19919741873838587
NEU1_1,0.6321244390728087,0.521492380451918,0.19919741873838587
NEU1_4,0.6321244390728087,0.521492380451918,0.19919741873838587
NEU1_7,0.6321244390728087,0.521492380451918,0.19919741873838587
ZHX2,0.6321244390728087,0.521492380451918,0.19919741873838587
NEU1_5,0.6321244390728087,0.521492380451918,0.19919741873838587
NEU1_6,0.6321244390728087,0.521492380451918,0.19919741873838587
REC8_1,0.6321244390728087,0.521492380451918,0.19919741873838587
REC8,0.6321244390728087,0.521492380451918,0.19919741873838587
SPRY1,0.6321244390728087,0.521492380451918,0.19919741873838587
PRB4_1,0.6321244390728087,0.521492380451918,0.19919741873838587
JADE2,0.6333266122419738,0.5029952706253285,0.19837226263269367
ELAPOR1,0.6337638149187304,0.5213872832369942,0.19807256071173546
ABTB2,0.6337950832773591,0.5213872832369942,0.19805113421134526
NLRX1,0.6337950832773591,0.5213872832369942,0.19805113421134526
TASOR2,0.6337950832773591,0.5213872832369942,0.19805113421134526
TMCC1,0.6346239053050668,0.5221229637414608,0.19748357272325168
ARMCX1,0.6346310208919508,0.5213872832369942,0.19747870331513603
ZNF576,0.6354658849884569,0.521492380451918,0.1969077596008524
ARFGEF1,0.6354675962678855,0.5212821860220704,0.19690659006802666
GARS1,0.6354675962678855,0.5212821860220704,0.19690659006802666
PPIH,0.6354675962678855,0.5212821860220704,0.19690659006802666
NXPH3,0.6354675962678855,0.5212821860220704,0.19690659006802666
ACAA2,0.6354675962678855,0.5212821860220704,0.19690659006802666
APOBR,0.6359293307982047,0.8814503415659485,0.19659114370636102
RIMS2,0.6364438071332994,0.8937467157120337,0.19623993502564116
ANKRD26,0.6367039769334586,0.7285338938518129,0.196062437469499
C7,0.6369271070589657,0.5426169206516027,0.1959102675288255
AP4M1,0.6370250094315815,0.6363636363636364,0.1958435170446816
ATP13A2,0.6371109416497092,0.5230688386757751,0.1957849363442854
NIPBL,0.6371419709135484,0.5211770888071466,0.19576378538134437
RBM15B,0.6371419709135484,0.5211770888071466,0.19576378538134437
GJA1,0.6371419709135484,0.5211770888071466,0.19576378538134437
SRSF3,0.6371419709135484,0.5211770888071466,0.19576378538134437
PARP12,0.6371419709135484,0.5211770888071466,0.19576378538134437
WDR47,0.6371419709135484,0.5211770888071466,0.19576378538134437
S100PBP,0.6371419709135484,0.5211770888071466,0.19576378538134437
PTER,0.637668610871019,0.513399894902785,0.19540496055864773
NSD1,0.6379555218510398,0.5197057277982133,0.19520959915974453
RFWD3,0.6383963401046595,0.5314766158696795,0.19490961143944932
THSD4,0.6386435917860009,0.9460851287440882,0.19474144122094933
EIF4A3_1,0.6388182000550546,0.5210719915922228,0.1946227192228414
GJA8,0.6388182000550546,0.5210719915922228,0.1946227192228414
PXDN,0.6388182000550546,0.5210719915922228,0.1946227192228414
LAMTOR5,0.6388182000550546,0.5210719915922228,0.1946227192228414
B4GALT1,0.6388182000550546,0.5210719915922228,0.1946227192228414
CRELD2,0.6388182000550546,0.5210719915922228,0.1946227192228414
PDE6G,0.6388182000550546,0.5210719915922228,0.1946227192228414
CLCC1,0.6388182000550546,0.5210719915922228,0.1946227192228414
EIF4A3,0.6388182000550546,0.5210719915922228,0.1946227192228414
DPY19L1,0.6396569230783729,0.520966894377299,0.19405289533415232
VEGFB,0.6399553587829732,0.5582764056752496,0.19385031993862353
RADX,0.6399982310201227,0.9645822385706779,0.19382122642120825
ITGA4,0.6400911646122245,0.7551234892275355,0.19375816747166633
GEMIN4,0.640365879808171,0.5251707829742511,0.193571816362045
PRX,0.6404945850464268,0.5211770888071466,0.19348453757331138
BRD9,0.6404962765047437,0.5209668943772989,0.19348339066268855
GRWD1,0.6404962765047437,0.520966894377299,0.19348339066268855
SUCLG2,0.6404962765047437,0.5209668943772989,0.19348339066268855
ZNF451,0.6404962765047437,0.520966894377299,0.19348339066268855
FXN,0.6404962765047437,0.5209668943772989,0.19348339066268855
ITGB3BP,0.6404962765047437,0.520966894377299,0.19348339066268855
EMILIN2,0.6409831593344739,0.9310562270099842,0.1931533806281205
ALDH4A1,0.6410803161555667,0.5146610614818707,0.1930875575668333
AMT,0.6412541878688978,0.5243300052548607,0.1929697856034579
BEX4,0.6413289149017785,0.5212821860220704,0.19291917907668282
QPRT,0.6419479631043348,0.5717288491854966,0.19250017481678475
C2_4,0.6421761930466752,0.5208617971623752,0.19234579876968302
C2_5,0.6421761930466752,0.5208617971623752,0.19234579876968302
C2_2,0.6421761930466752,0.5208617971623752,0.19234579876968302
C2,0.6421761930466752,0.5208617971623752,0.19234579876968302
C2_3,0.6421761930466752,0.5208617971623752,0.19234579876968302
C2_1,0.6421761930466752,0.5208617971623752,0.19234579876968302
NAAA,0.6421761930466752,0.5208617971623752,0.19234579876968302
NDUFS2,0.6421761930466752,0.5208617971623752,0.19234579876968302
ABCD3,0.6421761930466752,0.5208617971623752,0.19234579876968302
DYNC1LI1,0.6421761930466752,0.5208617971623752,0.19234579876968302
C2_6,0.6421761930466752,0.5208617971623752,0.19234579876968302
AIP,0.6421761930466752,0.5208617971623752,0.19234579876968302
PGAP2,0.6421761930466752,0.5208617971623752,0.19234579876968302
CHRDL1,0.6422019477155714,0.5453494482396217,0.1923283816084415
SNTB1,0.6424603563533954,0.8690488702049396,0.19215366573697673
ME1,0.6427931831010604,0.5559642669469259,0.1919287376294329
COL6A2,0.6430167550170944,0.5208617971623752,0.19177771056463555
PLCB1,0.6433547921518139,0.5086705202312138,0.19154945976728321
KCNA5,0.6433771992920382,0.946190225959012,0.19153433416627177
HBEGF,0.6435509574658533,0.5276931161324225,0.19141705921796048
METTL9,0.6438579424367177,0.5207566999474514,0.19120994261124669
METTL9_1,0.6438579424367177,0.5207566999474514,0.19120994261124669
GLUL,0.6438579424367177,0.5207566999474514,0.19120994261124669
CRCP,0.6438579424367177,0.5207566999474514,0.19120994261124669
GLRX3,0.6438579424367177,0.5207566999474513,0.19120994261124669
PIK3R1,0.6438579424367177,0.5207566999474513,0.19120994261124669
ZNHIT6,0.6438579424367177,0.5207566999474513,0.19120994261124669
TM2D3,0.6438579424367177,0.5207566999474514,0.19120994261124669
HEXA,0.6438579424367177,0.5207566999474514,0.19120994261124669
SFTPC,0.643974563503849,0.8633736205990541,0.19113128659684483
ZNF671,0.6442335181714707,0.6533893851812926,0.19095668346195413
SMAD4,0.6442660942236225,0.5425118234366789,0.19093472365760705
CALML3,0.6443264132447348,0.8524435102469785,0.19089406500424658
BAX,0.6445252913912372,0.964477141355754,0.19076003611330133
MYB,0.644698664800021,0.5205465055176037,0.19064322923140017
NHERF4,0.6450422595017469,0.5179190751445086,0.19041183192719863
KLHL2,0.6455406817035966,0.5204414083026799,0.1900763834786379
ACTC1,0.6455411831237285,0.5205465055176037,0.19007604614294699
LEFTY2,0.6455415174026369,0.5206516027325276,0.1900758212534256
SPATA5L1,0.6455415174026369,0.5206516027325276,0.1900758212534256
GPN1,0.6455415174026369,0.5206516027325276,0.1900758212534256
DPF2,0.6455415174026369,0.5206516027325276,0.1900758212534256
NAPG,0.6455415174026369,0.5206516027325276,0.1900758212534256
CCNG2,0.6455415174026369,0.5206516027325276,0.1900758212534256
RNMT,0.6472265777125161,0.5204414083026799,0.18894365716078348
PHLPP2,0.6472268274113564,0.5205465055176037,0.18894348961079205
CREG1,0.6472269106441858,0.5205465055176037,0.188943433760888
ITFG1,0.6472269106441858,0.5205465055176037,0.188943433760888
SLC22A4,0.647958604787584,0.5065685759327377,0.18845273839881335
COLEC12,0.6488464532336696,0.51823436678928,0.18785806499163837
FAM50B,0.6488676846046967,0.5197057277982133,0.1878438543623291
APOA4,0.6488763916728493,0.5217025748817656,0.18783802666221255
RIGI,0.6489041670459079,0.5200210194429847,0.18781943693812864
GTPBP8,0.6489141148331945,0.52044140830268,0.18781277919692385
RWDD1,0.6489141148331945,0.52044140830268,0.18781277919692385
HDAC6,0.6489141148331945,0.5204414083026799,0.18781277919692385
LSM7,0.6489141148331945,0.5204414083026799,0.18781277919692385
DDX18,0.6489141148331945,0.5204414083026799,0.18781277919692385
ZNF91,0.6489141148331945,0.5204414083026799,0.18781277919692385
TNS2,0.6489141148331945,0.5204414083026799,0.18781277919692385
TNP1,0.6490655721664544,0.9643720441408302,0.18771142617108544
SYT11,0.6493659705779832,0.8502364687335786,0.18751047391363898
SSX5,0.6496178884578175,0.8798738833420914,0.18734202448185366
CBX7,0.649757566480518,0.5202312138728323,0.18724865440239732
QTRT1,0.6498354115245606,0.5536521282186022,0.18719662630793416
FUT3,0.6501047107703584,0.5027850761954809,0.1870166869767328
FUT3_1,0.6501047107703584,0.5027850761954809,0.1870166869767328
CHRNA6,0.650584959023652,0.5215974776668418,0.18669598146077362
GATC,0.6506031226136619,0.5203363110877561,0.18668385662344272
B4GALT2,0.6506031226136619,0.5203363110877561,0.18668385662344272
ZNRF4,0.6506031226136619,0.5203363110877561,0.18668385662344272
PMPCA,0.6506031226136619,0.5203363110877561,0.18668385662344272
RNF186,0.6511613515430453,0.8544403573305308,0.18631138408583167
FCMR,0.6514474766895446,0.52044140830268,0.18612059377094414
MAGI2,0.6522239495864091,0.8808197582764057,0.18560325799517366
SF3B3,0.652293926601847,0.5202312138728324,0.1855566651009732
NPC1,0.652293926601847,0.5202312138728323,0.1855566651009732
LGALS3,0.652293926601847,0.5202312138728324,0.1855566651009732
KIAA0319L,0.652293926601847,0.5202312138728324,0.1855566651009732
PHKB,0.652293926601847,0.5202312138728323,0.1855566651009732
SYPL1,0.652293926601847,0.5202312138728323,0.1855566651009732
PCSK1,0.6523849393335656,0.946190225959012,0.18549607344387747
PELI2,0.6528351647327391,0.5836048344718865,0.18519646050714803
LPO,0.6528878024141991,0.9464004203888597,0.1851614450326778
FAAP24,0.6529444397285531,0.6088281660535996,0.18512377208769243
HELLS,0.6536005858745821,0.515606936416185,0.18468756718251964
FLT1,0.6536469876410984,0.5497635312664214,0.18465673594356335
ZCWPW1,0.6537179923772654,0.5274829217025749,0.18460956171814363
GPR85,0.6537552820640867,0.9823436678928008,0.18458478919615118
FUT9,0.6537552820640867,0.9823436678928008,0.18458478919615118
NKX2-5,0.6537552820640867,0.9823436678928008,0.18458478919615118
PZP,0.6539685059635287,0.5215974776668418,0.184443166072666
SNUPN,0.6539865193863619,0.5201261166579085,0.18443120368866123
PEMT,0.6539865193863619,0.5201261166579085,0.18443120368866123
GNG12,0.6539865193863619,0.5201261166579085,0.18443120368866123
RHOBTB1,0.6539865193863619,0.5201261166579085,0.18443120368866123
MUTYH,0.6539865193863619,0.5201261166579085,0.18443120368866123
TSR3,0.6539865193863619,0.5201261166579085,0.18443120368866123
TLCD3A,0.6541232324581072,0.5493431424067262,0.18434042578138624
PSORS1C2_4,0.6556629556060395,0.5215974776668418,0.18331935290563353
PSORS1C2,0.6556629556060395,0.5215974776668418,0.18331935290563353
PSORS1C2_5,0.6556629556060395,0.5215974776668418,0.18331935290563353
PSORS1C2_1,0.6556629556060395,0.5215974776668418,0.18331935290563353
PSORS1C2_2,0.6556629556060395,0.5215974776668418,0.18331935290563353
PSORS1C2_3,0.6556629556060395,0.5215974776668418,0.18331935290563353
ENDOD1,0.6556792629236871,0.5203363110877561,0.1833085514871033
NME7,0.6556808935282636,0.5200210194429847,0.18330747144426945
RPS21,0.6556808935282636,0.5200210194429847,0.18330747144426945
ZNF14,0.6556808935282636,0.5200210194429847,0.18330747144426945
HABP4,0.6556808935282636,0.5200210194429847,0.18330747144426945
CDK2AP1,0.6556808935282636,0.5200210194429847,0.18330747144426945
DIO1,0.6563039821978391,0.795691014188124,0.18289496060472463
ZDHHC6,0.6573770415611502,0.5199159222280609,0.18218546742417518
COQ9,0.6573770415611502,0.5199159222280609,0.18218546742417518
STEAP3,0.6573770415611502,0.5199159222280609,0.18218546742417518
CD33,0.6573770415611502,0.5199159222280609,0.18218546742417518
CLASP2,0.6573770415611502,0.5199159222280609,0.18218546742417518
CPM,0.6574346348427058,0.6844981607987388,0.18214742023484887
OXT,0.6576644686419777,0.9465055176037835,0.18199562094986665
BRINP3,0.6581271613556127,0.8665265370467683,0.1816901852014549
ZWILCH,0.6582321705480374,0.5055176037834997,0.18162089574255014
COLEC11,0.6582444450396949,0.9485023646873358,0.1816127972409405
QSER1,0.6587110012390717,0.5303205465055176,0.18130508327546593
SOCS6,0.6587538548531638,0.8173410404624277,0.18127683039562578
SAGE1,0.6587923116942713,0.7033105622700999,0.1812514778207966
GEM,0.659074875151668,0.5198108250131371,0.18106524395225473
DYNLT1,0.6590749559912533,0.5198108250131371,0.18106519068336982
PRG2,0.6590749559912533,0.5198108250131371,0.18106519068336982
CLEC2B,0.6590749559912533,0.5198108250131371,0.18106519068336982
ZNF419,0.6590749559912533,0.5198108250131371,0.18106519068336982
ABI2,0.6590749559912533,0.5198108250131371,0.18106519068336982
NEB,0.6598732354470169,0.982238570677877,0.1805394863270688
TAL1,0.6598732354470169,0.982238570677877,0.1805394863270688
FAM124B,0.6598732354470169,0.982238570677877,0.1805394863270688
SERTAD2,0.6599244925897194,0.5197057277982133,0.18050575283325815
COL14A1,0.6599756504589545,0.5031003678402522,0.18047208728599254
PLEKHA1,0.6603746808621846,0.5293746715712033,0.18020958618548982
ZNF37BP,0.6606597587188724,0.8026274303730951,0.1800221455885082
PRSS22,0.6607730194334146,0.5197057277982133,0.1799476983608084
PRSS22_1,0.6607730194334146,0.5197057277982133,0.1799476983608084
GCLC,0.6607746292975345,0.5197057277982133,0.1799466402754574
ABCF1_5,0.6607746292975345,0.5197057277982133,0.1799466402754574
ABCF1_3,0.6607746292975345,0.5197057277982133,0.1799466402754574
ABCF1_2,0.6607746292975345,0.5197057277982133,0.1799466402754574
ABCF1_6,0.6607746292975345,0.5197057277982133,0.1799466402754574
ABCF1_1,0.6607746292975345,0.5197057277982133,0.1799466402754574
CIC,0.6607746292975345,0.5197057277982133,0.1799466402754574
ABCF1_4,0.6607746292975345,0.5197057277982133,0.1799466402754574
ARL4D,0.6607746292975345,0.5197057277982133,0.1799466402754574
ABCF1,0.6607746292975345,0.5197057277982133,0.1799466402754574
ACTA1,0.6608989674518961,0.8325801366263794,0.17986492664416234
LPCAT4_1,0.6615885722491555,0.5172884918549658,0.17941200504558777
LPCAT4,0.6615885722491555,0.5172884918549658,0.17941200504558777
NME5,0.6617296938733863,0.5414608512874408,0.1793193767724323
ADORA1,0.6624352129471014,0.6158696794534945,0.17885658989746295
MECP2,0.6624760539317815,0.5196006305832895,0.17882981525265298
NFE2L2,0.6624760539317815,0.5196006305832895,0.17882981525265298
FSTL1,0.6624760539317815,0.5196006305832895,0.17882981525265298
PRKCD,0.6625597452331644,0.5233841303205464,0.17877495383616127
COLGALT2,0.6627642967954426,0.9640567524960588,0.17864089512651693
KCNK3,0.6627642967954426,0.9640567524960588,0.17864089512651693
ATAD2,0.6634055240251233,0.5122438255386232,0.1782209165312776
SERHL2,0.6638402480752013,0.5281135049921177,0.17793642022046663
SDK2,0.6639869847559738,0.5874934314240672,0.17784043343930103
PLPPR2,0.6641792223187037,0.5194955333683657,0.17771471466578245
DICER1,0.6641792223187037,0.5194955333683657,0.17771471466578245
SOD1,0.6641792223187037,0.5194955333683657,0.17771471466578245
AKT1,0.6641792223187037,0.5194955333683657,0.17771471466578245
ANKRD6,0.6650741113695043,0.5000525486074618,0.1771299571548634
WNT5A,0.6654498342039195,0.5111928533893851,0.17688467880629746
HSPBAP1,0.6656773799442872,0.5149763531266421,0.17673620034483334
HOMER1,0.6657617153238622,0.5142406726221755,0.17668118259725815
ZNF107,0.6657784157155089,0.5160273252758802,0.1766702886140141
TST,0.6658838090779109,0.5193904361534419,0.1766015448215361
GPR21,0.665883967967084,0.5193904361534419,0.17660144119282195
HSPA6,0.6658841268560309,0.5193904361534419,0.17660133756428012
PLOD1,0.6658841268560309,0.5193904361534419,0.17660133756428012
RAP1GDS1,0.6658841268560309,0.5193904361534419,0.17660133756428012
CYTH1,0.6658841268560309,0.5193904361534419,0.17660133756428012
FAM222B,0.6658841268560309,0.5193904361534419,0.17660133756428012
EXD2,0.6658841268560309,0.5193904361534419,0.17660133756428012
UCHL3,0.6658841268560309,0.5193904361534419,0.17660133756428012
ZNF257,0.6660140179242198,0.9821334734629532,0.1765166299241909
HIC2,0.6660140179242198,0.9821334734629532,0.1765166299241909
PRB1_2,0.6660140179242198,0.9821334734629532,0.1765166299241909
EPO,0.6660140179242198,0.9821334734629532,0.1765166299241909
PRB1,0.6660140179242198,0.9821334734629532,0.1765166299241909
PRB1_1,0.6660140179242198,0.9821334734629532,0.1765166299241909
ICAM5,0.6660140179242198,0.9821334734629532,0.1765166299241909
ALDH1L1,0.6660140179242198,0.9821334734629532,0.1765166299241909
ZNF80,0.6660140179242198,0.9821334734629532,0.1765166299241909
PROS1,0.6662142860662826,0.5372569626904887,0.17638605868592258
HNRNPL,0.6675907599146105,0.5192853389385181,0.17548968299618836
SSR1,0.6675907599146105,0.5192853389385181,0.17548968299618836
ATP6V1F,0.6675907599146105,0.5192853389385181,0.17548968299618836
BCL10,0.6675907599146105,0.5192853389385181,0.17548968299618836
HOXC11,0.6675907599146105,0.5192853389385181,0.17548968299618836
HNRNPL_1,0.6675907599146105,0.5192853389385181,0.17548968299618836
AMOT,0.6675907599146105,0.5192853389385181,0.17548968299618836
CLCN7,0.6675907599146105,0.5192853389385181,0.17548968299618836
NEK1,0.6684439330836598,0.5190751445086705,0.17493501409165457
AVEN,0.6690408616963892,0.511823436678928,0.17454735686994532
TWSG1,0.6692550109432976,0.5172884918549658,0.17440836841614935
GYS1,0.6692983264412691,0.5189700472937467,0.17438026093439116
HDLBP,0.6692991138385065,0.5191802417235943,0.174379750008156
MTM1,0.6692991138385065,0.5191802417235943,0.174379750008156
IRF7,0.6692991138385065,0.5191802417235943,0.174379750008156
IRF7_1,0.6692991138385065,0.5191802417235943,0.174379750008156
RAD51C,0.6692991138385065,0.5191802417235943,0.174379750008156
PITPNA,0.6692991138385065,0.5191802417235943,0.174379750008156
NELFCD,0.6692991138385065,0.5191802417235943,0.174379750008156
RRP1,0.6692991138385065,0.5191802417235943,0.174379750008156
MCM2,0.6692991138385065,0.5191802417235943,0.174379750008156
GTF2A1,0.6701403696549827,0.9481870730425643,0.1738342191177995
EPS8L3,0.6701420865547294,0.9326326852338414,0.17383310645668465
LRRN2,0.6709652765035989,0.5183394640042039,0.17329995466421974
A2M,0.6710091809450994,0.5190751445086705,0.1732715376454372
OLFML3,0.6710091809450994,0.5190751445086705,0.1732715376454372
SVIL,0.6710091809450994,0.5190751445086705,0.1732715376454372
WDR6,0.6710091809450994,0.5190751445086705,0.1732715376454372
TIMM23,0.6710091809450994,0.5190751445086705,0.1732715376454372
ERN2,0.6710091809450994,0.5190751445086705,0.1732715376454372
PIN1,0.6710091809450994,0.5190751445086705,0.1732715376454372
PIK3R2,0.6710091809450994,0.5190751445086705,0.1732715376454372
TSPOAP1,0.6710838028244356,0.5429322122963742,0.17322324312210646
KCTD15,0.6718859784037502,0.503205465055176,0.1727044221122583
MEP1A,0.6719602163811327,0.9638465580662112,0.1726564387283223
MAGEC1,0.6721772732177043,0.9820283762480294,0.17251617541756537
OXTR,0.6727080778855309,0.5181292695743562,0.1721733572732729
SDF4,0.6727182224556869,0.5185496584340515,0.17216680807642873
TBC1D2B,0.6727209535251859,0.5189700472937467,0.17216504495189025
CENPC,0.6727209535251859,0.5189700472937467,0.17216504495189025
NRSN2,0.6727209535251859,0.5189700472937467,0.17216504495189025
EXOC3,0.6727209535251859,0.5189700472937467,0.17216504495189025
MRPL11,0.6727209535251859,0.5189700472937467,0.17216504495189025
SNAP23,0.6727209535251859,0.5189700472937467,0.17216504495189025
B4GALT4,0.6727209535251859,0.5189700472937467,0.17216504495189025
ABCE1,0.6727209535251859,0.5189700472937467,0.17216504495189025
PRR3_2,0.6728231268711476,0.6487651077246452,0.17209908899982512
PRR3,0.6728231268711476,0.6487651077246452,0.17209908899982512
PRR3_5,0.6728231268711476,0.6487651077246452,0.17209908899982512
PRR3_1,0.6728231268711476,0.6487651077246452,0.17209908899982512
PRR3_6,0.6728231268711476,0.6487651077246452,0.17209908899982512
PRR3_4,0.6728231268711476,0.6487651077246452,0.17209908899982512
PRR3_3,0.6728231268711476,0.6487651077246452,0.17209908899982512
DMAC2L,0.673151890300807,0.508039936941671,0.17188693031282046
TMEM187,0.6735747521198454,0.5186547556489753,0.17161420004244998
FOXRED2,0.6742069930682872,0.5234892275354703,0.17120674716476791
PKP2,0.6742419163926806,0.8100893326326852,0.1711842516783305
SLC7A8,0.6744344238430797,0.5188649500788229,0.17106027096997645
DDX3X,0.6744344238430797,0.5188649500788229,0.17106027096997645
ATG5,0.6744344238430797,0.5188649500788229,0.17106027096997645
ZMYM4,0.6744344238430797,0.5188649500788229,0.17106027096997645
PPP1R12A,0.6744344238430797,0.5188649500788229,0.17106027096997645
QDPR,0.6744344238430797,0.5188649500788229,0.17106027096997645
MUC3A,0.6744344238430797,0.5188649500788229,0.17106027096997645
ZNF415,0.6747663158719371,0.5200210194429847,0.17084660538948135
ZNF214,0.6749257804253621,0.7095112979506043,0.170743982611851
ENOX1,0.6749414638734209,0.7632159747766685,0.17073389090101318
ASCC2,0.6752852835375176,0.5180241723594324,0.1705127147372308
ASH1L,0.6752969221821779,0.648449816079874,0.17050522967022563
FAM216A,0.6753425268432838,0.5304256437204414,0.17047590155799083
GPX7,0.6756859395882546,0.5248554913294798,0.17025511825538273
BMAL2,0.6760913937864677,0.8995270625328429,0.16999459232129363
NRDC,0.6761495068218148,0.518759852863899,0.1699572644005332
PRDM14,0.6761495068218148,0.5187598528638991,0.1699572644005332
CRIPT,0.6761495068218148,0.518759852863899,0.1699572644005332
MAPRE1,0.6761495841367133,0.518759852863899,0.16995721474075895
UBTF,0.6761495841367133,0.518759852863899,0.16995721474075895
MAK16,0.6778664266177399,0.5186547556489753,0.1688558753039015
SCG2,0.6778730386829961,0.7734104046242775,0.1688516391161556
DLG4,0.6778830079415665,0.9121387283236995,0.16884525213525786
TLR4,0.6781174279315116,0.9479768786127167,0.16869509391052304
STX2,0.6786905376136432,0.5168681029952706,0.16832820575302654
HOMER2,0.6787253994618023,0.5186547556489753,0.1683058982084129
TIMP4,0.6790865551324278,0.6562270099842354,0.16807486780979422
MMACHC,0.6792352571314524,0.6111403047819233,0.16797977921252769
LRCH3,0.6794975891141972,0.5144508670520231,0.16781207982369895
ARHGAP32,0.6795757516349754,0.5185496584340515,0.1677621258580295
CNOT8,0.6795848668762623,0.5185496584340515,0.16775630064658906
TRIP12,0.6795849434716371,0.5185496584340514,0.1677562516976669
NECAB2,0.6795849434716371,0.5185496584340515,0.1677562516976669
ARHGAP17,0.6795849434716371,0.5185496584340514,0.1677562516976669
ARPC4,0.6795849434716371,0.5185496584340514,0.1677562516976669
ARHGAP17_1,0.6795849434716371,0.5185496584340514,0.1677562516976669
TUBA1A,0.6795849434716371,0.5185496584340515,0.1677562516976669
LRRC40,0.6795849434716371,0.5185496584340514,0.1677562516976669
GNB1L,0.6797196189522756,0.6798738833420914,0.16767019472427447
GNAT1,0.6799968596586958,0.8781923279033106,0.16749309293501205
AUH,0.681305050623989,0.5184445612191277,0.1666583915537796
CRTC3,0.6813051268578093,0.5184445612191277,0.16665834295891654
CYP4F12,0.6813051268578093,0.5184445612191277,0.16665834295891654
RAB3A,0.6813051268578093,0.5184445612191277,0.16665834295891654
PCBD1,0.6813051268578093,0.5184445612191277,0.16665834295891654
AKR1B1,0.6813051268578093,0.5184445612191277,0.16665834295891654
KLHL9,0.6813051268578093,0.5184445612191277,0.16665834295891654
TUT4,0.6821440877781526,0.5198108250131371,0.1661238805963866
TNNI3,0.6821650805147859,0.51823436678928,0.16611051554703787
TMEM144,0.6826134418215665,0.9291644771413557,0.16582516397496647
C1orf56,0.6826985318574736,0.7837099316868104,0.1657710310971778
CTNNA3,0.6828732943653086,0.5246452968996322,0.16565987122736617
TULP4,0.6830268930386156,0.5183394640042038,0.16556219636482317
FDFT1,0.6830269689096928,0.5183394640042038,0.16556214812310874
NDEL1,0.6830269689096928,0.5183394640042038,0.16556214812310874
FDFT1_1,0.6830269689096928,0.5183394640042038,0.16556214812310874
YIPF2,0.6830269689096928,0.5183394640042039,0.16556214812310874
L3MBTL1,0.6842279871074921,0.8810299527062533,0.1647991657578505
NECTIN3,0.6845697545583969,0.9818181818181818,0.1645822926339573
MTCP1,0.6845697545583969,0.9818181818181818,0.1645822926339573
CKMT2,0.6845697545583969,0.9818181818181818,0.1645822926339573
MLLT10,0.6845697545583969,0.9818181818181818,0.1645822926339573
PCSK1N,0.68465412416905,0.8159747766684182,0.1645287714283128
KCNE2,0.6847134247140281,0.5253809774040987,0.16449115713039122
PJA2,0.6847503862277102,0.5182343667892801,0.16446771411377317
LAMB2,0.6847504617348603,0.51823436678928,0.16446766622429773
BCL2L13,0.6847504617348603,0.5182343667892801,0.16446766622429773
ANKRD12,0.6847504617348603,0.5182343667892801,0.16446766622429773
DCTD,0.6847504617348603,0.51823436678928,0.16446766622429773
SENP2,0.6847504617348603,0.5182343667892801,0.16446766622429773
POLR2B,0.6847504617348603,0.51823436678928,0.16446766622429773
ZNF562,0.6847504617348603,0.5182343667892801,0.16446766622429773
ESRRG,0.685180347435437,0.6571728849185496,0.16419510210282837
KIN,0.6856064972469911,0.5178139779295848,0.16392507541224224
UPF1,0.6856127493892519,0.5181292695743562,0.16392111503772064
NUP160,0.6859631668074815,0.6622175512348922,0.16369920336281596
APOC3,0.686103887332783,0.9296899632159747,0.16361012003753844
TNKS,0.6863233993563723,0.5149763531266421,0.16347119411804706
TNKS_1,0.6863233993563723,0.5149763531266421,0.16347119411804706
PRRG4,0.6863899004361522,0.5206516027325276,0.16342911533580465
RGS16,0.6864755222730827,0.5181292695743562,0.16337494383327794
DHDDS,0.6864755974151266,0.5181292695743562,0.16337489629513247
H2AX,0.6864755974151266,0.5181292695743562,0.16337489629513247
PRB3,0.6864755974151266,0.5181292695743562,0.16337489629513247
PRB3_1,0.6864755974151266,0.5181292695743562,0.16337489629513247
PLPP1,0.6864755974151266,0.5181292695743562,0.16337489629513247
IRAK1,0.6864755974151266,0.5181292695743562,0.16337489629513247
GCFC2,0.6864755974151266,0.5181292695743562,0.16337489629513247
MGAT4A,0.6869289992039814,0.5071991592222806,0.16308814918124792
MLXIP,0.6873046669139444,0.52044140830268,0.16285070714856792
MLXIP_1,0.6873046669139444,0.52044140830268,0.16285070714856792
SLC2A5,0.6873510978213706,0.6152390961639517,0.16282136935010244
SNIP1,0.6880685186566791,0.5421965317919075,0.16236831206561936
RNASE6,0.6881933945313214,0.5184445612191277,0.16228950017246271
MCUR1,0.6882023680066554,0.5180241723594324,0.1622838373668553
PARP1,0.6882023680066554,0.5180241723594324,0.1622838373668553
HK2,0.6882023680066554,0.5180241723594324,0.1622838373668553
HMBS,0.6882023680066554,0.5180241723594324,0.1622838373668553
IRF9,0.6882023680066554,0.5180241723594325,0.1622838373668553
IRF9_1,0.6882023680066554,0.5180241723594325,0.1622838373668553
FUZ,0.6882023680066554,0.5180241723594324,0.1622838373668553
HYAL2,0.6882023680066554,0.5180241723594325,0.1622838373668553
TNFSF9,0.688536308190066,0.5807672096689438,0.16207315340149178
PEG10,0.6895849631549105,0.5404098791382028,0.16141221715150936
ISLR,0.6899306911317502,0.5179190751445086,0.16119453530751143
ISLR_1,0.6899306911317502,0.5179190751445086,0.16119453530751143
DIDO1,0.6899307655400648,0.5179190751445086,0.16119448846930126
ADSL,0.6899307655400648,0.5179190751445086,0.16119448846930126
ANKRD49,0.6899307655400648,0.5179190751445086,0.16119448846930126
FAM3A,0.6899307655400648,0.5179190751445086,0.16119448846930126
ATXN2,0.6899307655400648,0.5179190751445086,0.16119448846930126
TRMT13,0.6899307655400648,0.5179190751445086,0.16119448846930126
MUL1,0.6899307655400648,0.5179190751445086,0.16119448846930126
ME2,0.6899307655400648,0.5179190751445086,0.16119448846930126
PLEKHO2,0.6899307655400648,0.5179190751445086,0.16119448846930126
TXNL1,0.6899307655400648,0.5179190751445086,0.16119448846930126
CLEC1A,0.6907929740354579,0.5176037834997372,0.16065208823420823
TTC39A,0.6909266595434197,0.5234892275354703,0.16056804965331464
LTBP3,0.69121677248474,0.5291644771413557,0.16038573217674187
RHBDD3,0.6916338280491203,0.5162375197057278,0.16012377338570682
RBX1,0.6916607820205369,0.5178139779295848,0.16010684863089628
DGKZ,0.6916607820205369,0.517813977929585,0.16010684863089628
SERP1,0.6916607820205369,0.5178139779295848,0.16010684863089628
UBE2D3,0.6916607820205369,0.517813977929585,0.16010684863089628
S100A4,0.6916607820205369,0.517813977929585,0.16010684863089628
PJA1,0.6916607820205369,0.5178139779295848,0.16010684863089628
NRBF2,0.6916607820205369,0.517813977929585,0.16010684863089628
TPMT,0.6916607820205369,0.517813977929585,0.16010684863089628
DOP1A,0.6920857408858114,0.5117183394640041,0.1598400984812531
MBL1P,0.6921782915118841,0.8313189700472937,0.15978202541813905
LIAS,0.6922427467443125,0.6928008407777194,0.1597415860560951
CTSZ,0.6923156977306457,0.609143457698371,0.15969582098063778
ULK4,0.6933655900689863,0.5198108250131371,0.1590377150505087
OGFOD1,0.6933923357579953,0.517708880714661,0.1590209630205597
CBX6,0.693392409427924,0.517708880714661,0.15902091687865683
TFG,0.693392409427924,0.517708880714661,0.15902091687865683
MRPL18,0.693392409427924,0.517708880714661,0.15902091687865683
MRPL2,0.693392409427924,0.517708880714661,0.15902091687865683
UBA5,0.693392409427924,0.517708880714661,0.15902091687865683
SLC6A8,0.6940068394787524,0.5036258539148712,0.15863624952606045
PSG5,0.694179473349937,0.9475564897530215,0.15852823241432448
ARPIN,0.6943412592148172,0.5352601156069364,0.1584270272871161
SLFN12,0.6945848906256176,0.5125591171833946,0.15827466817367258
MYOC,0.6950762911641617,0.8026274303730951,0.15796752488725757
SAMM50,0.6951256397168593,0.5176037834997372,0.15793669223818785
RPIA,0.6951256397168593,0.5176037834997372,0.15793669223818785
MBNL2,0.6951256397168593,0.5176037834997372,0.15793669223818785
RBM5,0.6951256397168593,0.5176037834997372,0.15793669223818785
FZD6,0.6959431243394977,0.5146610614818707,0.15742625147394068
KRT6C,0.6963681300855621,0.9473462953231739,0.15716111297787635
SARS2_1,0.6968267686414849,0.5018392012611665,0.1568751742317574
SARS2,0.6968267686414849,0.5018392012611665,0.1568751742317574
AXIN1,0.696860464816865,0.5174986862848134,0.15685417373368238
FKBP11,0.696860464816865,0.5174986862848134,0.15685417373368238
EZR,0.696860464816865,0.5174986862848134,0.15685417373368238
JARID2,0.696860464816865,0.5174986862848134,0.15685417373368238
NAT9,0.696860464816865,0.5174986862848134,0.15685417373368238
SYK,0.6977559490362589,0.5439831844456122,0.15629645204806528
DENND2B,0.6985265475332728,0.5144508670520231,0.15581708385457071
ELF3,0.6985968766324637,0.5173935890698896,0.1557733603879201
TRIM27_1,0.6985968766324637,0.5173935890698896,0.1557733603879201
TRIM27_5,0.6985968766324637,0.5173935890698896,0.1557733603879201
TRIM27_4,0.6985968766324637,0.5173935890698896,0.1557733603879201
CPQ,0.6985968766324637,0.5173935890698896,0.1557733603879201
TRIM27_2,0.6985968766324637,0.5173935890698896,0.1557733603879201
TRIM27,0.6985968766324637,0.5173935890698896,0.1557733603879201
TRIM27_6,0.6985968766324637,0.5173935890698896,0.1557733603879201
TRIM27_3,0.6985968766324637,0.5173935890698896,0.1557733603879201
DDX1,0.6985968766324637,0.5173935890698896,0.1557733603879201
TRAPPC8,0.6985968766324637,0.5173935890698896,0.1557733603879201
DCTN4,0.6987333664861655,0.5600630583289543,0.15568851746581364
ANK3,0.699465602655295,0.5173935890698896,0.15523363777587873
HINFP,0.6998613344590054,0.5282186022070415,0.15498799947836805
FADS2,0.7003334234464156,0.5170782974251182,0.15469514643230312
RNF113A,0.7003348670432884,0.5172884918549658,0.1546942512222663
HMGN4_1,0.7003348670432884,0.5172884918549658,0.1546942512222663
VAPA,0.7003348670432884,0.5172884918549658,0.1546942512222663
RPL14,0.7003348670432884,0.5172884918549658,0.1546942512222663
C5orf22,0.7003348670432884,0.5172884918549658,0.1546942512222663
IP6K1,0.7003348670432884,0.5172884918549658,0.1546942512222663
BFAR,0.7003348670432884,0.5172884918549658,0.1546942512222663
BFAR_1,0.7003348670432884,0.5172884918549658,0.1546942512222663
CTDSP1,0.7003348670432884,0.5172884918549658,0.1546942512222663
HMGN4,0.7003348670432884,0.5172884918549658,0.1546942512222663
ABCA8,0.7016645918238791,0.6062007356805045,0.15387043876760345
SV2B,0.7017473749143066,0.7358906988964793,0.153819203292545
KEL,0.7020718429326795,0.5174986862848134,0.15361844429074292
KEL_1,0.7020718429326795,0.5174986862848134,0.15361844429074292
ASRGL1,0.702074356100338,0.517183394640042,0.15361688967364265
CDYL,0.7020744279041946,0.517183394640042,0.1536168452566705
ACTR1A,0.7020744279041946,0.517183394640042,0.1536168452566705
MRPL34,0.7020744279041946,0.517183394640042,0.1536168452566705
SLC35A5,0.7020744279041946,0.517183394640042,0.1536168452566705
ALDH9A1,0.7020744279041946,0.517183394640042,0.1536168452566705
MMP19,0.7020744279041946,0.517183394640042,0.1536168452566705
TLK1,0.7020744279041946,0.517183394640042,0.1536168452566705
OR2F1_1,0.702552665082059,0.5548081975827641,0.1533211144161505
OR2F1,0.702552665082059,0.5548081975827641,0.1533211144161505
PPP2R1B,0.7025723700927955,0.540304781923279,0.15330893361057804
TRIM5,0.7028650172183759,0.5317919075144508,0.15312807171695156
B3GNT4,0.7029447230856359,0.517183394640042,0.15307882491296235
FRMPD4,0.7035933665824683,0.9818181818181818,0.15267826368616585
ARL17B_2,0.7035933665824683,0.9818181818181818,0.15267826368616585
TRIM10_3,0.7035933665824683,0.9818181818181818,0.15267826368616585
GNAO1,0.7035933665824683,0.9818181818181818,0.15267826368616585
ARL17B_1,0.7035933665824683,0.9818181818181818,0.15267826368616585
TRIM10_2,0.7035933665824683,0.9818181818181818,0.15267826368616585
PDK4,0.7035933665824683,0.9818181818181818,0.15267826368616585
ARL17B,0.7035933665824683,0.9818181818181818,0.15267826368616585
TRIM10_4,0.7035933665824683,0.9818181818181818,0.15267826368616585
TRIM10_7,0.7035933665824683,0.9818181818181818,0.15267826368616585
INSL5,0.7035933665824683,0.9818181818181818,0.15267826368616585
HGF,0.7035933665824683,0.9818181818181818,0.15267826368616585
CBLN1,0.7035933665824683,0.9818181818181818,0.15267826368616585
PDE6A,0.7035933665824683,0.9818181818181818,0.15267826368616585
TRIM10_1,0.7035933665824683,0.9818181818181818,0.15267826368616585
BRS3,0.7035933665824683,0.9818181818181818,0.15267826368616585
SOX17,0.7035933665824683,0.9818181818181818,0.15267826368616585
TRIM10,0.7035933665824683,0.9818181818181818,0.15267826368616585
ARL17A,0.7035933665824683,0.9818181818181818,0.15267826368616585
TRIM10_5,0.7035933665824683,0.9818181818181818,0.15267826368616585
TRIM10_6,0.7035933665824683,0.9818181818181818,0.15267826368616585
CDH15,0.7035933665824683,0.9818181818181818,0.15267826368616585
PDE10A,0.7035933665824683,0.9818181818181818,0.15267826368616585
PROZ,0.7035933665824683,0.9818181818181818,0.15267826368616585
PTPRG,0.7036247815661949,0.6291119285338939,0.15265887315442525
GTPBP2,0.7038154796181362,0.5170782974251182,0.1525411855843611
SLC37A4,0.7038155510453723,0.5170782974251182,0.15254114150966566
SIPA1L3,0.7038155510453723,0.5170782974251182,0.15254114150966566
RNASE2,0.7038155510453723,0.5170782974251182,0.15254114150966566
WBP11,0.7038155510453723,0.5170782974251182,0.15254114150966566
PDIA3,0.7038155510453723,0.5170782974251182,0.15254114150966566
SLC37A4_1,0.7038155510453723,0.5170782974251182,0.15254114150966566
HACD3,0.7046842025329805,0.5167630057803468,0.1520054643189025
IGF1,0.7049067534362553,0.5316868102995271,0.1518683286064057
PI4KB,0.7055582282724584,0.5169732002101944,0.15146713899836703
HTR6,0.7055582282724584,0.5169732002101944,0.15146713899836703
DHRS2,0.7058701648074377,0.5786652653704677,0.15127517415096078
CDH17,0.7061033737744102,0.5550183920126117,0.15113171343354645
SLC15A1,0.7061615756041137,0.8960588544403574,0.15109591741169895
ACSBG2,0.7061788856662777,0.9315817130846032,0.15108527172861366
ABCC3,0.7063819503261461,0.5148712559117183,0.15096040650566422
SLC7A5,0.7064241946651972,0.517708880714661,0.1509344348132108
PTGIR,0.7064877671740586,0.5351550183920126,0.150895353553283
PLXDC2,0.7065337946786394,0.5315817130846032,0.1508670602960505
KBTBD4_1,0.7073024513666513,0.5168681029952706,0.15039483673847062
ZFAND3,0.7073024513666513,0.5168681029952706,0.15039483673847062
FOXJ2,0.7073024513666513,0.5168681029952706,0.15039483673847062
CASP7,0.7073024513666513,0.5168681029952706,0.15039483673847062
SPEN,0.7073024513666513,0.5168681029952706,0.15039483673847062
KBTBD4,0.7073024513666513,0.5168681029952706,0.15039483673847062
ZNF330,0.7073024513666513,0.5168681029952706,0.15039483673847062
DDX25,0.707811107824769,0.8425643720441408,0.15008262617271925
MRPL12,0.7081692194753098,0.517183394640042,0.14986295374641148
PRSS8,0.709032746914192,0.5167630057803468,0.1493337063180498
HBS1L,0.7090442757296875,0.516132422490804,0.14932664478207858
AOC4P,0.7090482120848234,0.5167630057803468,0.14932423374425274
AMOTL2,0.7090482120848234,0.5167630057803468,0.14932423374425274
MMP12,0.709063787854386,0.6345769837099318,0.1493146936363163
BMX,0.7095030673520022,0.8983709931686811,0.14904572264319635
SLC39A8,0.7104328437700869,0.5300052548607461,0.1484769690504089
CUTC,0.7107700517276053,0.5185496584340514,0.14827087946472592
NOTCH4_4,0.7107955021596373,0.516657908565423,0.14825532902856842
DNAJB6,0.7107955021596373,0.516657908565423,0.14825532902856842
NOTCH4_3,0.7107955021596373,0.516657908565423,0.14825532902856842
NOTCH4_5,0.7107955021596373,0.516657908565423,0.14825532902856842
CRTC1,0.7107955021596373,0.516657908565423,0.14825532902856842
NOTCH4_6,0.7107955021596373,0.516657908565423,0.14825532902856842
NOTCH4,0.7107955021596373,0.516657908565423,0.14825532902856842
NOTCH4_1,0.7107955021596373,0.516657908565423,0.14825532902856842
NOTCH4_2,0.7107955021596373,0.516657908565423,0.14825532902856842
CLASP1,0.7107955021596373,0.516657908565423,0.14825532902856842
TUT1,0.7107955021596373,0.516657908565423,0.14825532902856842
RBPJ,0.7107955021596373,0.516657908565423,0.14825532902856842
EXO1,0.7107955021596373,0.516657908565423,0.14825532902856842
PLXNB2,0.7107955021596373,0.516657908565423,0.14825532902856842
GRK6,0.7107955021596373,0.516657908565423,0.14825532902856842
DGLUCY,0.7107955021596373,0.516657908565423,0.14825532902856842
TMUB2,0.7107955021596373,0.516657908565423,0.14825532902856842
PRKCE,0.7110162186137614,0.6320546505517604,0.14812049269621744
FCHO1,0.7118150531627063,0.9299001576458223,0.14763283195963586
PANX1,0.7122837100315574,0.6479243300052548,0.1473469878810423
KRTAP4-7_1,0.712437463243959,0.9819232790331056,0.1472532514037124
ERCC6,0.712437463243959,0.9819232790331056,0.1472532514037124
MAGEA10,0.712437463243959,0.9819232790331056,0.1472532514037124
CCDC81,0.712437463243959,0.9819232790331056,0.1472532514037124
SENP7,0.712437463243959,0.9819232790331056,0.1472532514037124
SLC18A1,0.712437463243959,0.9819232790331056,0.1472532514037124
BBS7,0.712437463243959,0.9819232790331056,0.1472532514037124
LPAR4,0.712437463243959,0.9819232790331056,0.1472532514037124
KRTAP4-7,0.712437463243959,0.9819232790331056,0.1472532514037124
MARK1,0.7124517972975459,0.5121387283236994,0.14724451360134594
GDF5,0.7125359696528927,0.516132422490804,0.14719320707037603
CSTA,0.7125384728231448,0.517183394640042,0.1471916813774082
ARHGEF28,0.7125404196881714,0.517183394640042,0.14719049475855853
ATOSB,0.7125443132996603,0.5165528113504992,0.1471881216028504
G3BP2,0.7125443132996603,0.5165528113504991,0.1471881216028504
LIMA1,0.7125443132996603,0.5165528113504992,0.1471881216028504
TAF15_1,0.7125443132996603,0.5165528113504992,0.1471881216028504
LRIG1,0.7125443132996603,0.5165528113504992,0.1471881216028504
UBA52,0.7125443132996603,0.5165528113504991,0.1471881216028504
TAF15,0.7125443132996603,0.5165528113504992,0.1471881216028504
L2HGDH,0.7125597645910409,0.5321071991592223,0.14717870417055304
GSTM5,0.7127945636366182,0.6033631108775617,0.1470356212489899
SAMD4A,0.712843742739669,0.9006831318970048,0.14700565823103104
GLYAT,0.7129325612525905,0.8423541776142932,0.14695154961666487
TRIM66,0.7129325612525905,0.8147136100893326,0.14695154961666487
ADAM29,0.71313729842834,0.5083552285864424,0.14682684853603306
NCAPH,0.7137746431729,0.5890698896479243,0.1464388844073858
ABCC1_1,0.7142946371894807,0.5164477141355754,0.14612261047710828
ABCC1,0.7142946371894807,0.5164477141355754,0.14612261047710828
REV3L,0.7142946371894807,0.5164477141355754,0.14612261047710828
DDX39A,0.7142946371894807,0.5164477141355754,0.14612261047710828
TMSB10,0.7142946371894807,0.5164477141355754,0.14612261047710828
RPS17,0.7142946371894807,0.5164477141355754,0.14612261047710828
GSPT1,0.7142946371894807,0.5164477141355754,0.14612261047710828
RPS17_1,0.7142946371894807,0.5164477141355754,0.14612261047710828
HIGD2A,0.7142946371894807,0.5164477141355754,0.14612261047710828
CEMIP2,0.7142946371894807,0.5164477141355754,0.14612261047710828
P2RX4,0.7150116416653074,0.5213872832369942,0.14568688705228539
NAA40,0.7151702948584112,0.5164477141355754,0.1455905325888086
TAF1,0.7151918967375661,0.8985811875985287,0.14557741482469047
NBEA,0.7154097744235146,0.5234892275354703,0.14544513051470212
DIO3,0.7157072933919961,0.8685233841303206,0.145264557099654
CAPN15_1,0.715907193517259,0.5109826589595375,0.14514327371967778
CAPN15,0.715907193517259,0.5109826589595375,0.14514327371967778
MFF,0.7160464654898249,0.5163426169206516,0.1450587946599269
SEH1L,0.7160464654898249,0.5163426169206515,0.1450587946599269
LGALS3BP,0.7160464654898249,0.5163426169206516,0.1450587946599269
KIZ,0.7160464654898249,0.5163426169206515,0.1450587946599269
TIMM8B,0.7160464654898249,0.5163426169206516,0.1450587946599269
GGA3,0.7160464654898249,0.5163426169206515,0.1450587946599269
STIM1,0.7160464654898249,0.5163426169206515,0.1450587946599269
TIE1,0.7163217955875087,0.7345244351024698,0.14489183432319233
DYNC2H1,0.7168317028567994,0.5152916447714135,0.14458279565717355
LIMCH1,0.717768674410408,0.5174986862848134,0.14401549951011974
PSMA1,0.7177997898376731,0.5162375197057278,0.1439966731584661
CD99_1,0.7177997898376731,0.5162375197057278,0.1439966731584661
CD99,0.7177997898376731,0.5162375197057278,0.1439966731584661
PTPRE,0.7177997898376731,0.5162375197057278,0.1439966731584661
SEC31A,0.7177997898376731,0.5162375197057278,0.1439966731584661
TATDN2,0.7177997898376731,0.5162375197057278,0.1439966731584661
USP12,0.7177997898376731,0.5162375197057278,0.1439966731584661
SMG6,0.7182716443946919,0.5418812401471361,0.14371127811074932
NFYA,0.7183700349433981,0.5246452968996322,0.1436517914996397
CACNA1S,0.7185302523854944,0.9469259064634787,0.14355494198000493
HRG,0.7190901773126078,0.9004729374671572,0.14321664361779743
ARMC8,0.7193776666081823,0.5089858118759852,0.14304304916886448
MUC2,0.7194786072528392,0.5691014188124015,0.1429821147088457
MUC2_1,0.7194786072528392,0.5691014188124015,0.1429821147088457
NOL12,0.7194991074150037,0.5188649500788229,0.14296974049732594
MKLN1,0.7195396433529992,0.5151865475564897,0.14294527342277982
SLC26A2,0.7195464429646632,0.5165528113504991,0.14294116938223236
CADPS2,0.7195507944567913,0.5164477141355754,0.14293854297316128
ERAP1,0.7195532420821712,0.516132422490804,0.14293706567872072
ARHGEF3,0.7195546018463794,0.5161324224908039,0.14293624497845867
TENT4A,0.7195546018463794,0.516132422490804,0.14293624497845867
TRNAU1AP,0.7195546018463794,0.5161324224908039,0.14293624497845867
ATP11B,0.7195546018463794,0.5161324224908039,0.14293624497845867
ZNF254,0.7199405740254674,0.8004203888596952,0.1427033500103159
CEP131,0.7200091642880255,0.8608512874408828,0.14266197582652154
SCARF1_1,0.7202281405156483,0.6744088281660536,0.14252991402290047
SCARF1,0.7202281405156483,0.6744088281660536,0.14252991402290047
COL8A2,0.7204318851533951,0.5159222280609563,0.14240707425376115
EFNA3,0.7213108931057884,0.5160273252758802,0.1418775091242101
USP15,0.7213108931057884,0.5160273252758802,0.1418775091242101
TMED5,0.7213108931057884,0.5160273252758802,0.1418775091242101
ATP5MG,0.7213108931057884,0.5160273252758802,0.1418775091242101
DSE,0.7213108931057884,0.5160273252758802,0.1418775091242101
TH,0.721320402902297,0.9820283762480294,0.1418717834032179
ART1,0.721320402902297,0.9820283762480294,0.1418717834032179
EXTL3,0.721320402902297,0.9820283762480294,0.1418717834032179
CMKLR1,0.721320402902297,0.9820283762480294,0.1418717834032179
CDON,0.721320402902297,0.9820283762480294,0.1418717834032179
FZR1,0.721320402902297,0.9820283762480294,0.1418717834032179
DPP6,0.721320402902297,0.9820283762480294,0.1418717834032179
GPR6,0.721320402902297,0.9820283762480294,0.1418717834032179
ATXN7,0.7221872315835844,0.5162375197057278,0.14135019425565054
TSPAN8,0.7226356831606842,0.7679453494482396,0.14108059713118354
EREG,0.7227853153367896,0.915606936416185,0.14099067948269572
OGFOD3,0.7228482078143438,0.5101418812401471,0.14095289140496395
CFAP68,0.7229050822972503,0.8374146085128744,0.14091872198716762
NRP1,0.7230137943776418,0.5137151865475564,0.14085341672353097
FILIP1L,0.7230685879709111,0.5159222280609563,0.1408205049676001
RNPS1,0.7230686551823556,0.5159222280609563,0.14082046459859693
RAD21,0.7230686551823556,0.5159222280609563,0.14082046459859693
WDTC1,0.7230686551823556,0.5159222280609563,0.14082046459859693
HOXB7,0.7239457395215758,0.5156069364161849,0.14029398340154714
PCK1,0.7240064277279783,0.8682080924855491,0.14025757811997944
PLEKHJ1,0.7248278796192664,0.5158171308460325,0.139765110403066
ACP1,0.7248278796192664,0.5158171308460326,0.139765110403066
TYMS,0.7248278796192664,0.5158171308460326,0.139765110403066
SIGLEC7,0.7248278796192664,0.5158171308460325,0.139765110403066
SLIT2,0.7248278796192664,0.5158171308460325,0.139765110403066
MST1,0.7248278796192664,0.5158171308460326,0.139765110403066
ZNF266,0.7248278796192664,0.5158171308460326,0.139765110403066
SRSF2,0.7248278796192664,0.5158171308460326,0.139765110403066
PAFAH1B1,0.7248278796192664,0.5158171308460325,0.139765110403066
LRRC8E,0.7254642603242838,0.509721492380452,0.1393839780246923
PRELID3A,0.7262649529814104,0.6773515501839201,0.13890491287292164
HSPB6,0.7265884915056646,0.5157120336311087,0.1387114852445223
SELENOP,0.7265885579365567,0.5157120336311087,0.13871144553763332
SPECC1L,0.7265885579365567,0.5157120336311087,0.13871144553763332
HLTF,0.7265885579365567,0.5157120336311087,0.13871144553763332
ATP8B2,0.7265885579365567,0.5157120336311087,0.13871144553763332
DSCAM_1,0.7265885579365567,0.5157120336311087,0.13871144553763332
DSCAM,0.7265885579365567,0.5157120336311087,0.13871144553763332
TAFAZZIN,0.7265885579365567,0.5157120336311087,0.13871144553763332
ZBTB22_2,0.7265885579365567,0.5157120336311087,0.13871144553763332
ZBTB22,0.7265885579365567,0.5157120336311087,0.13871144553763332
CCT5,0.7265885579365567,0.5157120336311087,0.13871144553763332
ZBTB22_4,0.7265885579365567,0.5157120336311087,0.13871144553763332
ZBTB22_3,0.7265885579365567,0.5157120336311087,0.13871144553763332
RNF11,0.7265885579365567,0.5157120336311087,0.13871144553763332
ZBTB22_1,0.7265885579365567,0.5157120336311087,0.13871144553763332
DLST,0.7265885579365567,0.5157120336311087,0.13871144553763332
GJB1,0.7269787924077857,0.7123489227535471,0.1384782582944902
CPVL,0.727468777290941,0.5158171308460326,0.13818564171146033
EFEMP1,0.7283361518842049,0.5165528113504991,0.13766813275593764
HDAC5,0.728350681631234,0.5156069364161849,0.13765946900088308
MGAT5,0.728350681631234,0.5156069364161849,0.13765946900088308
NUP88,0.728350681631234,0.5156069364161849,0.13765946900088308
PSMD8,0.728350681631234,0.515606936416185,0.13765946900088308
ITGA7,0.7291551703912869,0.5334734629532317,0.13718004030529207
POR,0.7294117229628063,0.5312664214398318,0.13702726107002255
PRRX1,0.7295535921643659,0.7465055176037835,0.13694279982759996
RGS14,0.7295587423902068,0.5033105622700998,0.13693973397090026
EMC10,0.7296835603643893,0.501629006831319,0.13686543821143704
LARP6,0.7297880474573506,0.5233841303205464,0.13680325383218972
DENND1C,0.7297880474573506,0.5265370467682606,0.13680325383218972
SLC35C2,0.7299812763270042,0.5194955333683657,0.1366882791838562
IL1RAPL2,0.730013090375111,0.5202312138728324,0.13666935217172918
KDM5B,0.7301142421773985,0.5155018392012611,0.1366091797899664
ANKS1A,0.7301142421773985,0.5155018392012611,0.1366091797899664
AKAP13,0.7301142421773985,0.5155018392012611,0.1366091797899664
TXNL4A,0.7301142421773985,0.5155018392012611,0.1366091797899664
MACF1,0.7301142421773985,0.5155018392012611,0.1366091797899664
ZC2HC1A,0.7301142421773985,0.5155018392012611,0.1366091797899664
RNF31,0.7301142421773985,0.5155018392012611,0.1366091797899664
RNF31_1,0.7301142421773985,0.5155018392012611,0.1366091797899664
IQCA1,0.7302260418828709,0.6172359432475039,0.13654268296619199
CYP4A22,0.7312871239978485,0.8534944823962165,0.13591207326782545
NXN_1,0.7318779259736913,0.515606936416185,0.13556135131481606
NXN_2,0.7318779259736913,0.515606936416185,0.13556135131481606
NXN,0.7318779259736913,0.515606936416185,0.13556135131481606
ISCU,0.7318791657741848,0.5153967419863373,0.13556061562101002
NID1,0.7318791657741848,0.5153967419863373,0.13556061562101002
RAB1A,0.7318792310263662,0.5153967419863373,0.13556057690060042
CROT,0.7318792310263662,0.5153967419863373,0.13556057690060042
FNDC3A,0.7318792310263662,0.5153967419863373,0.13556057690060042
MNT,0.7318792310263662,0.5153967419863373,0.13556057690060042
HACD2,0.7318792310263662,0.5153967419863373,0.13556057690060042
CTSA,0.7318792310263662,0.5153967419863373,0.13556057690060042
TFAP2C,0.7318792310263662,0.5153967419863373,0.13556057690060042
MACROH2A2,0.7318792310263662,0.5153967419863373,0.13556057690060042
PLTP,0.7318792310263662,0.5153967419863373,0.13556057690060042
CLUAP1,0.7318792310263662,0.5153967419863373,0.13556057690060042
LUZP4,0.7318792310263662,0.5153967419863373,0.13556057690060042
EFNA2,0.7318792310263662,0.5153967419863373,0.13556057690060042
HIGD1B,0.7323757912100202,0.8161849710982659,0.1352660198013441
ST7L,0.7329572132070866,0.5522858644245927,0.13492137680555616
OLFML1,0.7331644420163492,0.5210719915922228,0.1347986061901262
NR1I2,0.7333877561831207,0.9650026274303731,0.13466634480696058
JUP,0.7336456396067907,0.5152916447714135,0.1345136593270673
MAX,0.7336456396067907,0.5152916447714135,0.1345136593270673
RARB,0.7338721051876513,0.7027850761954808,0.13437961971734075
ZBED4,0.733970815072265,0.5748817656332107,0.13432120861943656
HIGD1A,0.735413459324787,0.5151865475564897,0.13346842606221324
APOL2,0.735413459324787,0.5151865475564897,0.13346842606221324
CARM1,0.735413459324787,0.5151865475564897,0.13346842606221324
RBBP8,0.735413459324787,0.5151865475564897,0.13346842606221324
MAP3K11,0.735413459324787,0.5151865475564897,0.13346842606221324
PTBP2,0.735413459324787,0.5151865475564897,0.13346842606221324
HSPA13,0.735413459324787,0.5151865475564897,0.13346842606221324
MAPK8IP3,0.735413459324787,0.5151865475564897,0.13346842606221324
ZAP70,0.7354952188721962,0.9307409353652129,0.1334201460828432
ZAP70_1,0.7354952188721962,0.9307409353652129,0.1334201460828432
GATA4_1,0.7355649110814915,0.5545980031529165,0.13337899624629343
GATA4,0.7355649110814915,0.5545980031529165,0.13337899624629343
CAND2,0.7355936499033568,0.8057803468208092,0.1333620285147584
ABCG4,0.7366721975036554,0.9132947976878613,0.13272572039703928
ACTR5,0.7371467983111033,0.5127693116132422,0.13244601641779713
GPN2,0.737159359120475,0.5172884918549658,0.13243861620425124
HSPA2,0.7371721103461226,0.5142406726221755,0.13243110393574029
S100A14,0.7371824253071831,0.5150814503415659,0.13242502706540635
TMEM115,0.7371826815640555,0.5150814503415659,0.1324248760974472
MPV17,0.7371826815640555,0.5150814503415659,0.1324248760974472
IER5,0.7371826815640555,0.5150814503415659,0.1324248760974472
SRSF1,0.7371826815640555,0.5150814503415659,0.1324248760974472
UBR4,0.7371826815640555,0.5150814503415659,0.1324248760974472
SOAT1,0.7374952708898133,0.5558591697320021,0.13224076020816328
ARHGEF38,0.7380445020134401,0.5157120336311087,0.13191745064826252
RHOH,0.7380624510869903,0.5146610614818707,0.13190688883418508
RNASE3,0.7381282307787769,0.7831844456121912,0.13186818413629742
MAPT,0.7381579300632592,0.5063583815028903,0.13185071024036715
MAPT_1,0.7381579300632592,0.5063583815028903,0.13185071024036715
MAPT_2,0.7381579300632592,0.5063583815028903,0.13185071024036715
ADCY8,0.7383731345152431,0.9648975302154493,0.13172411336898188
RNF17,0.7383731345152431,0.9648975302154493,0.13172411336898188
CX3CR1,0.7385714843629914,0.5270625328428797,0.13160746411378269
PHF8,0.7385949913113674,0.7798213347346296,0.1315936417882221
C1orf68,0.7389429678225667,0.6207041513399895,0.13138907948847794
MKNK1,0.7389532976860067,0.5149763531266421,0.13138300842274003
RALB,0.7389532976860067,0.5149763531266421,0.13138300842274003
CNDP2,0.7389532976860067,0.5149763531266421,0.13138300842274003
RRBP1,0.7389532976860067,0.5149763531266421,0.13138300842274003
JPT1,0.7389532976860067,0.5149763531266421,0.13138300842274003
PRCP,0.7389532976860067,0.5149763531266421,0.13138300842274003
NKAPD1,0.7389532976860067,0.5149763531266421,0.13138300842274003
FNBP1L,0.7389532976860067,0.5149763531266421,0.13138300842274003
ADH1B,0.7390493878654152,0.5116132422490804,0.13132653838361363
FHOD3,0.7392906740900085,0.8230162900683132,0.1311847722507362
AR,0.7404109241738785,0.5104571728849185,0.13052718220244605
CXCL14,0.7407022667751844,0.5137151865475564,0.1303563262726014
APEX2,0.740725299029886,0.5148712559117183,0.1303428220266235
DDIT4,0.740725299029886,0.5148712559117183,0.1303428220266235
WEE1,0.740725299029886,0.5148712559117183,0.1303428220266235
NPLOC4,0.740725299029886,0.5148712559117183,0.1303428220266235
SOCS5,0.740725299029886,0.5148712559117183,0.1303428220266235
F2R,0.7415831161446326,0.517183394640042,0.1298401664696679
EDRF1,0.7416896993913158,0.5936941671045717,0.1297777524410513
FGD6,0.7423697393233526,0.7171833946400421,0.12937973925785382
LAMP1,0.7424986769128996,0.5147661586967945,0.1293043158961894
ARFGAP2,0.7424986769128996,0.5147661586967945,0.1293043158961894
ZBTB40,0.7424986769128996,0.5147661586967945,0.1293043158961894
STXBP3,0.7424986769128996,0.5147661586967945,0.1293043158961894
PRKG2,0.7424986769128996,0.5147661586967945,0.1293043158961894
VGF,0.7428644009037643,0.684918549658434,0.1290904531488061
HTR4,0.7431412816480548,0.6697845507094062,0.12892861287834936
KIF1A,0.7433695383914244,0.9647924330005255,0.12879523928490444
RAB11FIP1,0.7433836859812939,0.5149763531266421,0.1287869739990291
CTSV,0.7433858166706816,0.5146610614818707,0.12878572922417722
AGT,0.7437866775578398,0.5283236994219653,0.1285516048355196
PICK1,0.7442596790370682,0.5137151865475564,0.12827550867981966
VPS51,0.7442734226303411,0.5146610614818707,0.12826748901708804
SOX15,0.7444484313418305,0.8208092485549133,0.12816538086594867
NMB,0.746021283730549,0.5158171308460326,0.12724878207843726
NMB_1,0.746021283730549,0.5158171308460326,0.12724878207843726
SIGLEC15,0.7460392863141183,0.5153967419863373,0.12723830204450096
CYP2J2,0.7460494653919225,0.5145559642669469,0.1272323765024496
GATAD2A,0.7460495274557177,0.5145559642669469,0.12723234037352796
RNF40,0.7460495274557177,0.5145559642669469,0.12723234037352796
ANP32B,0.7460495274557177,0.5145559642669469,0.12723234037352796
LAMA2,0.7468211713743139,0.5015239096163951,0.1267833788848364
KIF26B,0.7471857947534045,0.7680504466631635,0.12657139336101186
KIF26B_1,0.7471857947534045,0.7680504466631635,0.12657139336101186
DBNDD1,0.7475204460204945,0.8487651077246453,0.12637692411063622
OTUB2_1,0.7476328709323221,0.7149763531266422,0.12631161238858926
OTUB2,0.7476328709323221,0.7149763531266422,0.12631161238858926
CALML5,0.7477148282968866,0.7475564897530216,0.12626400656255202
CPTP,0.7478269826408788,0.5144508670520231,0.12619886894827423
NDUFA10,0.7478269826408788,0.5144508670520231,0.12619886894827423
SEC13,0.7478269826408788,0.5144508670520231,0.12619886894827423
SP2,0.7478269826408788,0.5144508670520231,0.12619886894827423
SEMA4C,0.7478269826408788,0.5144508670520231,0.12619886894827423
CUEDC2,0.7478269826408788,0.5144508670520231,0.12619886894827423
MRPL19,0.7478269826408788,0.5144508670520231,0.12619886894827423
DNAJC8,0.7478269826408788,0.5144508670520231,0.12619886894827423
RBMS2,0.7478269826408788,0.5144508670520231,0.12619886894827423
ANGEL1,0.7478269826408788,0.5144508670520231,0.12619886894827423
MID2,0.7478269826408788,0.5144508670520231,0.12619886894827423
CP,0.7479762037839495,0.6342616920651603,0.12611221861911057
KCNA4,0.7485395150692937,0.5386232264844981,0.12578526850252822
CRYBG1,0.7496045542738818,0.5145559642669469,0.12516778352635136
CTC1,0.7496051668472592,0.5141355754072517,0.1251674286230529
ECSIT,0.7496057181594566,0.5143457698370993,0.12516710921255828
DNAAF2,0.7496057794161428,0.5143457698370993,0.125167073722648
TMEM50B,0.7496057794161428,0.5143457698370993,0.125167073722648
USP16,0.7496057794161428,0.5143457698370993,0.125167073722648
USP16_1,0.7496057794161428,0.5143457698370993,0.125167073722648
TMEM50B_1,0.7496057794161428,0.5143457698370993,0.125167073722648
MYLK,0.7496057794161428,0.5143457698370993,0.125167073722648
RAB4A,0.7496057794161428,0.5143457698370993,0.125167073722648
DENND4A,0.7498661645316289,0.9147661586967946,0.12501624219769888
ZBTB39,0.7502239387305678,0.5262217551234892,0.12480908215714562
SMPD2,0.7504570032480666,0.5326326852338413,0.1246741852155512
DDX6,0.7504774000248357,0.8463478717813978,0.12466238162496039
PON3,0.7506886309277363,0.6160798738833421,0.12454016141180459
NLE1,0.750907016490399,0.7444035733053074,0.12441383759670357
ATAD3A,0.7513349603557815,0.6383604834471887,0.12416640254004574
ITIH5,0.7513682873483725,0.5921177088807147,0.12414713895090375
ESF1,0.7513856655835105,0.5141355754072517,0.12413709436361615
EWSR1,0.751385908990427,0.5142406726221755,0.12413695367652507
EPAS1,0.751385908990427,0.5142406726221755,0.12413695367652507
PRPF4,0.751385908990427,0.5142406726221755,0.12413695367652507
BDH2,0.751385908990427,0.5142406726221755,0.12413695367652507
ZNF611,0.751385908990427,0.5142406726221755,0.12413695367652507
ANXA6,0.751385908990427,0.5142406726221755,0.12413695367652507
DHPS,0.751385908990427,0.5142406726221755,0.12413695367652507
FAM118A,0.7522555444020527,0.7424067262217551,0.12363460266485979
OPRPN,0.7526038748852258,0.7383079348397268,0.12343354998514276
SAMSN1,0.7531180241231924,0.5163426169206515,0.12313695844888482
TYK2,0.7531673625513755,0.5141355754072516,0.12310850778833546
RBM3,0.7531673625513755,0.5141355754072517,0.12310850778833546
KCNS1,0.7531673625513755,0.5141355754072516,0.12310850778833546
KCMF1,0.7531673625513755,0.5141355754072517,0.12310850778833546
RBM8A,0.7531673625513755,0.5141355754072517,0.12310850778833546
HNRNPM,0.7531673625513755,0.5141355754072516,0.12310850778833546
GNAZ,0.7533146359558369,0.6879663688912243,0.12302359468993027
PAX2,0.7533946427509349,0.9645822385706779,0.12297747230899117
ACSM1,0.7534360344042166,0.9636363636363636,0.12295361273817923
SEC61A2,0.7536450385116631,0.6014713610089333,0.12283315560714325
MASP2,0.7536794582698239,0.8970047293746716,0.12281332137626307
CDC37L1,0.7549500712267854,0.5140304781923279,0.1220817695730772
CEP43,0.7549501312654902,0.5140304781923279,0.12208173503506185
PES1,0.7549501312654902,0.5140304781923279,0.12208173503506185
PLAAT1,0.7558170628937588,0.7717288491854966,0.12158330792448385
N4BP2L2-IT2,0.7558287814648216,0.5126642143983184,0.12157657445477937
ABCC4,0.7559411758572894,0.6351024697845506,0.12151199814235943
CYP11B2,0.7559949482787153,0.5003678402522334,0.12148110653848689
SGF29,0.75673420627826,0.513925380977404,0.12105663439223903
CHMP7,0.75673420627826,0.5139253809774041,0.12105663439223903
GLMN,0.75673420627826,0.513925380977404,0.12105663439223903
FOXK2,0.75673420627826,0.5139253809774041,0.12105663439223903
SLC14A2,0.7573369379790992,0.5703625853914871,0.12071086059348078
SCML1,0.7575214180726936,0.5183394640042038,0.1206050834602656
GCNT1,0.7575863107878744,0.5159222280609563,0.12056788142162617
GPATCH3,0.7584229498181018,0.964477141355754,0.1200885337546938
SLC28A1,0.7584229498181018,0.964477141355754,0.1200885337546938
CREBZF,0.7585175059215765,0.5142406726221755,0.12003439162424015
SLC35C1,0.7585193418263972,0.5137151865475564,0.1200333404654181
MINDY3,0.7585193418263972,0.5138202837624803,0.1200333404654181
TBC1D10B,0.7585195787142931,0.5138202837624803,0.1200332048339526
IHH,0.7585195787142931,0.5138202837624803,0.1200332048339526
RCC1L,0.7585195787142931,0.5138202837624803,0.1200332048339526
TRPS1,0.7585195787142931,0.5138202837624803,0.1200332048339526
GGA1,0.7585195787142931,0.5138202837624803,0.1200332048339526
BEX3,0.7585195787142931,0.5138202837624803,0.1200332048339526
MT1X,0.7585195787142931,0.5138202837624803,0.1200332048339526
CHAF1B,0.7588723061604906,0.780136626379401,0.11983129577171815
PLA2G7,0.7593468751806627,0.5296899632159748,0.11955978989695569
ME3,0.7594121585136879,0.513925380977404,0.11952245390002456
PDZD7,0.7594121585136879,0.5136100893326326,0.11952245390002456
PLOD3,0.7594126896696801,0.5137151865475564,0.11952215014134333
CFAP44,0.7594817756656731,0.8808197582764057,0.1194826428976974
GAS6,0.7603062396774465,0.5137151865475564,0.11901144533283856
BCAS3,0.7603062396774465,0.5137151865475564,0.11901144533283856
CHKA,0.7603062396774465,0.5137151865475564,0.11901144533283856
GALNS,0.7603062396774465,0.5137151865475564,0.11901144533283856
PRPF40A,0.7603062396774465,0.5137151865475564,0.11901144533283856
ARHGEF17,0.7603062396774465,0.5137151865475564,0.11901144533283856
EIF3B,0.7603062396774465,0.5137151865475564,0.11901144533283856
PSMD13,0.7603062396774465,0.5137151865475564,0.11901144533283856
C19orf53,0.7603062396774465,0.5137151865475564,0.11901144533283856
MYCBP2,0.7603062396774465,0.5137151865475564,0.11901144533283856
MYOF,0.7603062396774465,0.5137151865475564,0.11901144533283856
SH3GL1,0.7603062396774465,0.5137151865475564,0.11901144533283856
GNG3,0.7611903798618611,0.5125591171833946,0.11850670908616003
MEST,0.7611903798618611,0.5131897004729374,0.11850670908616003
DSC3,0.7619416610733218,0.824172359432475,0.11807827963659634
CCR1,0.7620909097107226,0.513925380977404,0.11799321864629404
SDC1,0.7620941218496382,0.5136100893326326,0.11799138814123425
ZNF669,0.7620941802509601,0.5136100893326326,0.11799135486008153
RAB5A,0.7620941802509601,0.5136100893326327,0.11799135486008153
ZNF358,0.7620941802509601,0.5136100893326326,0.11799135486008153
YWHAB,0.7620941802509601,0.5136100893326326,0.11799135486008153
PPP4C,0.7620941802509601,0.5136100893326327,0.11799135486008153
NR2F2,0.7620941802509601,0.5136100893326326,0.11799135486008153
ARF5,0.7620941802509601,0.5136100893326327,0.11799135486008153
PEX16,0.7620941802509601,0.5136100893326327,0.11799135486008153
STRAP,0.7620941802509601,0.5136100893326326,0.11799135486008153
KCNK1,0.7629322159688201,0.5101418812401471,0.11751404597488244
MSRA_1,0.7629885694039203,0.5136100893326327,0.11748196831246896
MSRA,0.7629885694039203,0.5136100893326327,0.11748196831246896
MYOZ1,0.7633397752310023,0.5710982658959538,0.11728210731147014
CT62,0.7634614956429124,0.9643720441408302,0.11721286122902574
RASGRP1,0.7635952366362827,0.5231739358906988,0.11713678943110795
TRIL,0.7638172555862561,0.5103520756699947,0.1170105345968422
CDCP1,0.7638360577589175,0.5162375197057278,0.1169998441086749
SCAP,0.7638833914975877,0.5135049921177088,0.11697293238541459
KPNB1,0.7638833914975877,0.5135049921177088,0.11697293238541459
SIAH1,0.7638833914975877,0.5135049921177088,0.11697293238541459
TRIM56,0.7638833914975877,0.5135049921177088,0.11697293238541459
EFCC1,0.7651865722729578,0.5023646873357857,0.11623265970972588
TOR4A,0.7654164061586205,0.6573830793483972,0.11610223321708942
HAAO,0.7655851455806947,0.509196006305833,0.11600650163523721
ELF4,0.765670640082752,0.513925380977404,0.11595800576555591
LIMS1,0.7656738644597306,0.5133998949027851,0.11595617687711801
CTSO,0.7656738644597306,0.5133998949027851,0.11595617687711801
CTSO_1,0.7656738644597306,0.5133998949027851,0.11595617687711801
HSPA1B_1,0.7656738644597306,0.513399894902785,0.11595617687711801
HSPA1B_2,0.7656738644597306,0.513399894902785,0.11595617687711801
HSPA1B_3,0.7656738644597306,0.513399894902785,0.11595617687711801
HSPA1B_4,0.7656738644597306,0.513399894902785,0.11595617687711801
MGAT1,0.7656738644597306,0.5133998949027851,0.11595617687711801
STOML2,0.7656738644597306,0.513399894902785,0.11595617687711801
CD46,0.7656738644597306,0.513399894902785,0.11595617687711801
HSPA1B,0.7656738644597306,0.513399894902785,0.11595617687711801
ITGAM,0.7656738644597306,0.513399894902785,0.11595617687711801
METTL7A,0.7656738644597306,0.513399894902785,0.11595617687711801
EPX,0.7656738644597306,0.5133998949027851,0.11595617687711801
ARHGAP44,0.7659917425981262,0.865055176037835,0.11577591204285027
FBXO2,0.7663341033194799,0.5721492380451918,0.11558184708600765
CDK9,0.7669520980131292,0.9142406726221755,0.11523176019473107
NT5M,0.7671440886321826,0.9141355754072518,0.11512305714521795
ZBTB14,0.7674279015653549,0.729059379926432,0.11496241509914623
ATAD5,0.7674335720346113,0.5146610614818707,0.11495920614048748
MSH2,0.7674623889419392,0.5138202837624803,0.11494289881522546
AP1AR,0.7674655329961303,0.5132947976878612,0.1149411196497461
TERF2IP,0.7674655901595719,0.5132947976878612,0.11494108730201805
AIFM1,0.7674655901595719,0.5132947976878612,0.11494108730201805
EPB41L4B,0.7674655901595719,0.5132947976878612,0.11494108730201805
DUSP22,0.7674655901595719,0.5132947976878612,0.11494108730201805
ELAC2,0.7674655901595719,0.5132947976878612,0.11494108730201805
ZFX,0.7676365183114865,0.8974251182343668,0.1148443730143162
MRPS15,0.7683618630187444,0.5131897004729374,0.1144341991090766
TGFB1,0.7685296108289785,0.6137677351550184,0.11433939482410918
PRELP,0.7692423276869186,0.5142406726221755,0.1139368266500214
CPOX,0.7692517494236017,0.5122438255386232,0.113931507411797
ARPC1A,0.7692585595992094,0.5131897004729375,0.11392766262548666
SPCS3,0.7692585595992094,0.5131897004729374,0.11392766262548666
FLNB,0.7692585595992094,0.5131897004729374,0.11392766262548666
MYL10,0.7692585595992094,0.5131897004729375,0.11392766262548666
IDH3B,0.7692585595992094,0.5131897004729374,0.11392766262548666
CYP27A1,0.7692585595992094,0.5131897004729374,0.11392766262548666
DGUOK,0.7692585595992094,0.5131897004729375,0.11392766262548666
IP6K2,0.7692585595992094,0.5131897004729374,0.11392766262548666
SREK1IP1,0.7694448517955275,0.617761429322123,0.1138225017833403
STARD13,0.7710403693687655,0.5136100893326327,0.11292288299298837
SC5D,0.771043468155425,0.5130846032580136,0.11292113758082067
PLIN2,0.7710527637607913,0.5130846032580136,0.11291590181143994
SLC1A3,0.7710527637607913,0.5130846032580136,0.11291590181143994
KDSR,0.7710527637607913,0.5130846032580136,0.11291590181143994
ZBTB5,0.7710527637607913,0.5130846032580136,0.11291590181143994
MIR5195,0.771554189445381,0.7464004203888597,0.11263356622995066
DMPK,0.7715701192091771,0.6852338413032055,0.1126245997345412
LGALSL,0.7716022480470154,0.5389385181292696,0.112606515718418
CDK18,0.7716746873590894,0.5369416710457173,0.11256574533844542
ZNF140,0.7719483616194247,0.5125591171833946,0.11241175020028452
TGM5,0.7725964275729645,0.5222280609563846,0.11204730433116154
PER3,0.7728321995735605,0.5119285338938518,0.11191479160577016
TCP1,0.7728481936066511,0.5129795060430898,0.11190580382233765
CENPB,0.7728481936066511,0.5129795060430898,0.11190580382233765
RCL1,0.7728481936066511,0.5129795060430898,0.11190580382233765
ZNF195,0.7728481936066511,0.5129795060430898,0.11190580382233765
ETFA,0.7728481936066511,0.5129795060430898,0.11190580382233765
GRB2,0.7728481936066511,0.5129795060430898,0.11190580382233765
USP39,0.7728481936066511,0.5129795060430898,0.11190580382233765
QTRT2,0.7728481936066511,0.5129795060430898,0.11190580382233765
CYP4B1,0.7736105143812535,0.5787703625853915,0.11147763625348335
BTG4,0.7738188512791102,0.9140304781923279,0.11136069448196141
ARHGAP10,0.7738267154823417,0.5914871255911718,0.11135628083565713
B4GALT5,0.7746448400794435,0.512874408828166,0.11089736761918204
BRF2,0.7746448400794435,0.512874408828166,0.11089736761918204
ADNP2,0.7746448400794435,0.512874408828166,0.11089736761918204
SLC38A2,0.7746448400794435,0.512874408828166,0.11089736761918204
TGIF1,0.7746448400794435,0.512874408828166,0.11089736761918204
STARD7,0.7746448400794435,0.512874408828166,0.11089736761918204
SSTR3,0.7749494262489216,0.7210719915922228,0.11072663893587914
PSG2,0.775797628021152,0.7591171833946401,0.11025155257677138
IDUA,0.7760939467115355,0.9460851287440882,0.1100857039108239
ZNF219,0.7764426941022804,0.5127693116132422,0.10989059216151698
FBRS,0.7764426941022804,0.5127693116132422,0.10989059216151698
RAB7A,0.7764426941022804,0.5127693116132422,0.10989059216151698
STAG1,0.7764426941022804,0.5127693116132422,0.10989059216151698
ARHGAP45,0.7764426941022804,0.5127693116132422,0.10989059216151698
SYNJ2BP,0.7764426941022804,0.5127693116132422,0.10989059216151698
USP48,0.7764426941022804,0.5127693116132422,0.10989059216151698
PACSIN2,0.7764426941022804,0.5127693116132422,0.10989059216151698
ATP5F1C,0.7764426941022804,0.5127693116132422,0.10989059216151698
NOP16,0.7764426941022804,0.5127693116132422,0.10989059216151698
DMC1,0.7767249969711422,0.6928008407777194,0.10973271792781139
LHB,0.777406256196687,0.9640567524960588,0.10935196869476248
TGFBRAP1,0.7777791659301236,0.500578034682081,0.10914369431116908
MIR9-1HG,0.7782111289199766,0.5152916447714135,0.10890256279727749
CHORDC1,0.7782416919157747,0.5126642143983184,0.1088855069119341
CHORDC1_1,0.7782416919157747,0.5126642143983184,0.1088855069119341
TMEM161A,0.778241746578868,0.5126642143983184,0.10888547640742735
APEH,0.778241746578868,0.5126642143983184,0.10888547640742735
METAP1,0.778241746578868,0.5126642143983184,0.10888547640742735
DIAPH1,0.778241746578868,0.5126642143983184,0.10888547640742735
HMGB3,0.778241746578868,0.5126642143983184,0.10888547640742735
TMEM40,0.778636559219523,0.9640567524960588,0.10866520876767785
PART1,0.778642383166851,0.526326852338413,0.10866196039884862
GPRASP1,0.7788745743766076,0.5816079873883342,0.10853247306145257
JAM2,0.7790452194692472,0.5081450341565948,0.10843733308995158
KIF20B,0.7794967164292256,0.5878087230688387,0.1081857099038397
ACO1,0.7800419883936442,0.5125591171833946,0.10788201931353776
AHCTF1,0.7800419883936442,0.5125591171833946,0.10788201931353776
UFD1,0.7800419883936442,0.5125591171833946,0.10788201931353776
NUDT11,0.7800419883936442,0.5125591171833946,0.10788201931353776
CYREN,0.7800419883936442,0.5125591171833946,0.10788201931353776
MYO9A,0.7800419883936442,0.5125591171833946,0.10788201931353776
CCT3,0.7800419883936442,0.5125591171833946,0.10788201931353776
MEFV,0.7801890626392347,0.9294797687861271,0.10780014229482707
WDR46_2,0.7818434104119166,0.5124540199684708,0.1068802198350117
WDR46,0.7818434104119166,0.5124540199684708,0.1068802198350117
TSPAN3,0.7818434104119166,0.5124540199684708,0.1068802198350117
WDR46_1,0.7818434104119166,0.5124540199684708,0.1068802198350117
EPRS1,0.7818434104119166,0.5124540199684708,0.1068802198350117
PRKAR1A,0.7818434104119166,0.5124540199684708,0.1068802198350117
SORL1,0.7818434104119166,0.5124540199684708,0.1068802198350117
KAT6B_1,0.7818434104119166,0.5124540199684708,0.1068802198350117
GTPBP4,0.7818434104119166,0.5124540199684708,0.1068802198350117
KAT6B,0.7818434104119166,0.5124540199684708,0.1068802198350117
PRKAR2A,0.7818434104119166,0.5124540199684708,0.1068802198350117
WDR46_3,0.7818434104119166,0.5124540199684708,0.1068802198350117
WDR46_4,0.7818434104119166,0.5124540199684708,0.1068802198350117
SAFB,0.7820799004513173,0.5280084077771938,0.10674887538965917
VNN1,0.7821914213119227,0.850026274303731,0.10668695148453318
P2RY6,0.7826965996856673,0.6616920651602732,0.10640655290677983
FEV,0.7834330708664341,0.9641618497109826,0.1059980996356643
NCAN,0.7834330708664341,0.9641618497109826,0.1059980996356643
ARHGEF4,0.7834330708664341,0.9641618497109826,0.1059980996356643
NIBAN1,0.783645950079036,0.512348922753547,0.10588010652022095
RNASEL,0.783645950079036,0.512348922753547,0.10588010652022095
CTNNB1,0.78364600348,0.512348922753547,0.10588007692555107
NBN,0.78364600348,0.512348922753547,0.10588007692555107
UBE2E1,0.78364600348,0.512348922753547,0.10588007692555107
YEATS2,0.78364600348,0.512348922753547,0.10588007692555107
MCUB,0.78364600348,0.512348922753547,0.10588007692555107
CTDSPL,0.78364600348,0.512348922753547,0.10588007692555107
SH2B2,0.78364600348,0.512348922753547,0.10588007692555107
TFE3,0.7854497584253566,0.5122438255386232,0.10488158953739472
TFE3_1,0.7854497584253566,0.5122438255386232,0.10488158953739472
EIF3E,0.7854497584253566,0.5122438255386232,0.10488158953739472
MTO1,0.7854497584253566,0.5122438255386232,0.10488158953739472
MPC1,0.7854497584253566,0.5122438255386232,0.10488158953739472
RNF44,0.7854497584253566,0.5122438255386232,0.10488158953739472
BCKDHA,0.7854497584253566,0.5122438255386232,0.10488158953739472
MCFD2,0.7854497584253566,0.5122438255386232,0.10488158953739472
LBP,0.7858028535831868,0.8658959537572255,0.10468639841403012
GLB1L2,0.7859408856982533,0.5266421439831844,0.1046101180579457
TACC2,0.7863502218627124,0.5119285338938518,0.10438398634400346
ZFPM2,0.7871548221922824,0.6130320546505518,0.10393983967279243
MCM3AP-AS1,0.7871817390591591,0.7109826589595376,0.10392498916745126
NCDN,0.7871865432697454,0.5063583815028903,0.10392233865400922
STK16,0.7871947277981921,0.5096163951655281,0.10391782323502305
SLC27A2,0.7872201749081815,0.580136626379401,0.10390378431881264
ADAM19,0.7872483591506835,0.5111928533893851,0.10388823588360196
PPME1,0.7872546660567341,0.5121387283236994,0.10388475662131814
NIP7,0.7872546660567341,0.5121387283236994,0.10388475662131814
TRIM44,0.7872546660567341,0.5121387283236994,0.10388475662131814
SH2D4A,0.7872546660567341,0.5121387283236994,0.10388475662131814
NMRK1,0.7872546660567341,0.5121387283236994,0.10388475662131814
SRSF10,0.7872546660567341,0.5121387283236994,0.10388475662131814
CHERP,0.7872546660567341,0.5121387283236994,0.10388475662131814
COX5A,0.7872546660567341,0.5121387283236994,0.10388475662131814
KCNQ3,0.7876050827532253,0.8953231739358907,0.10369148983641317
AMDHD2,0.7889570940008451,0.8981607987388334,0.10294661446529207
SLCO1B1,0.7889570940008451,0.8791382028376248,0.10294661446529207
PRRG3,0.7890169726484402,0.9289542827115082,0.10291365452406559
ITIH4,0.7890169726484402,0.9289542827115082,0.10291365452406559
PCNX2,0.7890315177020534,0.5133998949027851,0.10290564864013742
CFH,0.7890588925530235,0.5120336311087756,0.10289058138335265
DST,0.7890607171643068,0.5120336311087756,0.10288957712663209
AKAP17A,0.7890607171643068,0.5120336311087756,0.10288957712663209
AKAP17A_1,0.7890607171643068,0.5120336311087756,0.10288957712663209
ZNF394,0.7890607171643068,0.5120336311087756,0.10288957712663209
MCRS1,0.7890607171643068,0.5120336311087756,0.10288957712663209
ABCF3,0.7890607171643068,0.5120336311087756,0.10288957712663209
WDR44,0.7890607171643068,0.5120336311087756,0.10288957712663209
UCP2,0.7890607171643068,0.5120336311087756,0.10288957712663209
RBL1,0.789291230111699,0.5857067787703626,0.10276272265422595
CENPT,0.7904742986202341,0.6214398318444561,0.10211224609719537
VPS13B,0.7908616975123648,0.5111928533893851,0.10189945741101472
NARS2,0.7908679025198151,0.5119285338938518,0.1018960500011821
APOD,0.7908679025198151,0.5119285338938517,0.1018960500011821
MTA1,0.7908679025198151,0.5119285338938518,0.1018960500011821
TADA3,0.7908679025198151,0.5119285338938517,0.1018960500011821
FAU,0.7908679025198151,0.5119285338938517,0.1018960500011821
SEZ6L2,0.7916440564521774,0.5581713084603258,0.10147004450397329
NEO1,0.7925853357960182,0.508039936941671,0.10095396712898706
NINJ2,0.7926649302942677,0.5108775617446137,0.10091035577985429
TEAD3,0.7926762128767064,0.511823436678928,0.10090417419134766
PHYH,0.7926762128767064,0.511823436678928,0.10090417419134766
FOXO1,0.7926762128767064,0.511823436678928,0.10090417419134766
APOOL,0.7926762128767064,0.511823436678928,0.10090417419134766
SRSF7,0.7926762128767064,0.511823436678928,0.10090417419134766
SCIN,0.7926762128767064,0.511823436678928,0.10090417419134766
EGF,0.7929847285366575,0.6133473462953232,0.10073517633450597
MLLT3,0.7931682985473686,0.5820283762480294,0.10063465205760533
CYLC1,0.793224009875874,0.929059379926432,0.10060414872948037
NCF2,0.7933524718316369,0.5389385181292696,0.10053382080102881
SPEG,0.7933789809037239,0.6489753021544928,0.10051930953170343
FRS3,0.7937602036172726,0.5295848660010509,0.10031067890161247
KLHL12,0.7944567196078736,0.5418812401471361,0.0999297572954458
C4BPA,0.7944624966571865,0.5138202837624803,0.09992659924862679
CD22,0.7944851304320051,0.5117183394640042,0.09991422662747623
USPL1,0.7944856389702772,0.5117183394640042,0.09991394864204102
TMEM50A,0.7944856389702772,0.5117183394640041,0.09991394864204102
GIPR,0.7945235352798509,0.9133998949027851,0.09989323364756252
P2RY2,0.7946974199561334,0.8303730951129795,0.09979819694992825
EEA1,0.7948852024363956,0.8634787178139779,0.09969558775653811
LINC01278,0.7955495308747893,0.550499211770888,0.09933277602248518
NAGLU,0.7959937492785467,0.5020493956910141,0.09909034264486082
SLC23A2,0.7962917293571299,0.8480294272201787,0.09892779502749842
DDX24,0.7962961210916206,0.5116132422490804,0.09892539979880849
DDX24_1,0.7962961210916206,0.5116132422490804,0.09892539979880849
MRPL9,0.7962961715178146,0.5116132422490804,0.09892537229670655
RAB9A,0.7962961715178146,0.5116132422490804,0.09892537229670655
POLE3,0.7962961715178146,0.5116132422490804,0.09892537229670655
SLC30A1,0.7962961715178146,0.5116132422490804,0.09892537229670655
LDB1,0.7962961715178146,0.5116132422490804,0.09892537229670655
PSMF1,0.7962961715178146,0.5116132422490804,0.09892537229670655
TNFAIP1,0.7962961715178146,0.5116132422490804,0.09892537229670655
PPP4R3A,0.7969936948514345,0.5188649500788229,0.09854511436557034
PNLIPRP2_1,0.7974370736200926,0.9291644771413557,0.09830357743415592
PNLIPRP2,0.7974370736200926,0.9291644771413557,0.09830357743415592
BDNF,0.7974370736200926,0.9291644771413557,0.09830357743415592
XPNPEP3,0.7979248605972752,0.5184445612191277,0.0980380035921425
PPP2R2D,0.7981078012187384,0.5115081450341565,0.09793844409731994
ADSS2,0.7981078012187384,0.5115081450341565,0.09793844409731994
STOM,0.7981078012187384,0.5115081450341565,0.09793844409731994
SCAF11,0.7981078012187384,0.5115081450341565,0.09793844409731994
C2CD2,0.7990135267540366,0.5116132422490804,0.09744586831440731
RBM47,0.7990139250234538,0.5114030478192327,0.09744565183976539
PTP4A3_2,0.7994289737439457,0.501629006831319,0.0972201156342235
PTP4A3,0.7994289737439457,0.501629006831319,0.0972201156342235
PTP4A3_1,0.7994289737439457,0.501629006831319,0.0972201156342235
AKT3,0.7999145702321149,0.5114030478192327,0.09695639258045154
AKT3_1,0.7999145702321149,0.5114030478192327,0.09695639258045154
PRAF2_1,0.7999205187547438,0.5114030478192327,0.09695316298438753
PLCXD1,0.7999205187547438,0.5114030478192327,0.09695316298438753
DNAJA2,0.7999205187547438,0.5114030478192328,0.09695316298438753
PLCXD1_1,0.7999205187547438,0.5114030478192327,0.09695316298438753
PRAF2,0.7999205187547438,0.5114030478192327,0.09695316298438753
SRSF5,0.7999205187547438,0.5114030478192327,0.09695316298438753
WDR3,0.7999205187547438,0.5114030478192327,0.09695316298438753
FEM1C,0.7999205187547438,0.5114030478192327,0.09695316298438753
PCP4_1,0.8005931422692745,0.8801891749868629,0.09658813430007195
PCP4,0.8005931422692745,0.8801891749868629,0.09658813430007195
RPS11,0.8008272331901345,0.5114030478192328,0.09646116651887571
HOXA5,0.8010359526586495,0.6298476090383605,0.09634799116812716
CHST12,0.8014396118120797,0.5226484498160799,0.09612919601081035
CPSF7,0.8017343147899455,0.5112979506043089,0.09596952789694514
CIDEB_1,0.8017343147899455,0.5112979506043089,0.09596952789694514
CPNE3,0.8017343147899455,0.5112979506043089,0.09596952789694514
SUPV3L1,0.8017343147899455,0.5112979506043089,0.09596952789694514
KDM3A,0.8017343147899455,0.5112979506043089,0.09596952789694514
CIDEB,0.8017343147899455,0.5112979506043089,0.09596952789694514
EFHD2,0.8017343147899455,0.5112979506043089,0.09596952789694514
NUP210,0.8022603756811844,0.5256962690488702,0.09568465743975607
ENTPD1,0.8035384632809874,0.5117183394640041,0.09499332986406585
RPL15,0.803549179971021,0.5111928533893851,0.09498753777255736
NAA35,0.803549179971021,0.5111928533893852,0.09498753777255736
GHITM,0.803549179971021,0.5111928533893851,0.09498753777255736
ARR3,0.803549179971021,0.5111928533893851,0.09498753777255736
ZKSCAN7,0.8035645229480369,0.7996847083552285,0.09497924542803679
ZKSCAN7_1,0.8035645229480369,0.7996847083552285,0.09497924542803679
MED16_1,0.8044569620709922,0.5110877561744613,0.09449718541834329
MED16,0.8044569620709922,0.5110877561744613,0.09449718541834329
TUBGCP5,0.8047825941402924,0.8043089858118759,0.09432142511937203
TUBGCP5_1,0.8047825941402924,0.8043089858118759,0.09432142511937203
TUBGCP5_2,0.8047825941402924,0.8043089858118759,0.09432142511937203
SPRYD7,0.8049314272940171,0.8958486600105098,0.09424111592567624
AVPR1B,0.8053624013717909,0.5105622700998423,0.09400864944663055
CMAS,0.8053649118199784,0.5109826589595375,0.09400729568080567
HNRNPF,0.8053651049273547,0.5110877561744613,0.09400719154731703
CRBN,0.8053651049273547,0.5110877561744613,0.09400719154731703
CLDN4,0.8053651049273547,0.5110877561744613,0.09400719154731703
MCM7,0.8053651049273547,0.5110877561744613,0.09400719154731703
ADGRF5,0.8053651049273547,0.5110877561744613,0.09400719154731703
PDLIM4,0.8054473224657192,0.610194429847609,0.09396285786494514
SFTPA2,0.8058808113917071,0.9293746715712033,0.09372918497224407
DAO,0.8062312360134961,0.5303205465055176,0.09354037987993316
INTS9,0.8062717797403,0.5107724645296899,0.09351854064408878
CEP135,0.8062717797403,0.5115081450341565,0.09351854064408878
TRIM33,0.8062734138274713,0.5110877561744613,0.09351766045165225
MARCHF1,0.8064995602450286,0.5009984235417762,0.09339586507999123
OSBP2,0.8071741854405243,0.5101418812401471,0.09303273589404579
SIN3B,0.807176338672316,0.5119285338938517,0.09303157736413373
TPD52L1,0.8071811233736499,0.5112979506043089,0.09302900300320595
ZSCAN32,0.8071818888928155,0.5109826589595375,0.0930285911246546
TCTN3,0.8071820802711825,0.5109826589595375,0.09302848815584416
PCIF1,0.8071820802711825,0.5109826589595377,0.09302848815584416
NTAQ1,0.8071820802711825,0.5109826589595375,0.09302848815584416
NR2C1,0.8071820802711825,0.5109826589595377,0.09302848815584416
S100A1,0.8079813203923238,0.517183394640042,0.09259867950302826
RAB6B,0.8082124029938692,0.563426169206516,0.09247448906973217
SNAP25,0.8083373439371951,0.8797687861271677,0.0924073570034765
BMAL1,0.8089974414987166,0.5105622700998423,0.09205285186701863
CNKSR1,0.8089996224810322,0.5108775617446137,0.09205168105082139
SFPQ,0.809000096597738,0.5108775617446137,0.0920514265312851
EIF2AK2,0.809000096597738,0.5108775617446137,0.0920514265312851
ATG13,0.809000096597738,0.5108775617446137,0.0920514265312851
MRPL3,0.809000096597738,0.5108775617446137,0.0920514265312851
STK25,0.809000096597738,0.5108775617446137,0.0920514265312851
ALOX15B,0.8091862548210899,0.645717288491855,0.09195150294776407
GNL1_4,0.80950332286377,0.5179190751445086,0.09178136420716385
GNL1_7,0.80950332286377,0.5179190751445086,0.09178136420716385
GNL1_6,0.80950332286377,0.5179190751445086,0.09178136420716385
GNL1,0.80950332286377,0.5179190751445086,0.09178136420716385
GNL1_5,0.80950332286377,0.5179190751445086,0.09178136420716385
GNL1_3,0.80950332286377,0.5179190751445086,0.09178136420716385
GNL1_2,0.80950332286377,0.5179190751445086,0.09178136420716385
GNL1_1,0.80950332286377,0.5179190751445086,0.09178136420716385
HPSE,0.8097149213298078,0.7762480294272202,0.09166785752326617
HOPX,0.8098773916669629,0.5100367840252233,0.09158072452001605
SLC10A2,0.8101977535996389,0.9468208092485549,0.09140896530033664
BCR,0.8107467573086727,0.5149763531266421,0.09111477967104419
SCAMP2,0.8108191444853966,0.5107724645296899,0.09107600560531201
VGLL3,0.8110858272555304,0.8292170257488176,0.0909331873039325
IFT140,0.8115146356147472,0.6009458749343142,0.09070364329380956
HOXC10,0.8116020635154916,0.5366263794009458,0.09065685743433967
TMPRSS2,0.811816943121829,0.7777193904361535,0.09054188892963533
CACNA2D1,0.8126336290688657,0.5099316868102995,0.09010520930859882
CPE,0.812639167952662,0.5106673673147661,0.09010224918193817
WNK1,0.812639214495823,0.5106673673147661,0.09010222430812184
SEPHS1,0.812639214495823,0.5106673673147661,0.09010222430812184
VAMP2,0.812639214495823,0.5106673673147661,0.09010222430812184
ASMTL_1,0.812639214495823,0.5106673673147661,0.09010222430812184
ASMTL,0.812639214495823,0.5106673673147661,0.09010222430812184
GAR1,0.812639214495823,0.5106673673147661,0.09010222430812184
GOLGA7,0.812639214495823,0.5106673673147661,0.09010222430812184
VPS26A,0.812639214495823,0.5106673673147661,0.09010222430812184
ARHGEF11,0.8126911391979587,0.5328428796636889,0.09007447535041806
GRM4,0.8137555351226671,0.9646873357856017,0.08950604436531177
RHOA,0.8144602971741169,0.5105622700998423,0.08913008156843563
LPP,0.8144602971741169,0.5105622700998423,0.08913008156843563
PRRX2,0.8144602971741169,0.5105622700998423,0.08913008156843563
INSR,0.8144602971741169,0.5105622700998423,0.08913008156843563
SRPRB,0.8144602971741169,0.5105622700998423,0.08913008156843563
TESK2,0.8144602971741169,0.5105622700998423,0.08913008156843563
PIEZO2,0.8144602971741169,0.5105622700998423,0.08913008156843563
SLURP1,0.8151009372254701,0.9469259064634787,0.08878860749842282
DHRS11,0.8151754548981925,0.5490278507619548,0.08874890550157549
DHRS11_1,0.8151754548981925,0.5490278507619548,0.08874890550157549
ZNF613,0.8154687623186683,0.9310562270099842,0.08859267056786926
LEP,0.8156317552457265,0.5424067262217551,0.08850587404210766
TCEAL9,0.8162823830489603,0.5104571728849185,0.08815957631349791
CAPZA2,0.8162823830489603,0.5104571728849185,0.08815957631349791
DDT_1,0.8162823830489603,0.5104571728849185,0.08815957631349791
DDT,0.8162823830489603,0.5104571728849185,0.08815957631349791
SET,0.8162823830489603,0.5104571728849185,0.08815957631349791
ZC3H12A,0.8162823830489603,0.5104571728849185,0.08815957631349791
IGBP1,0.8162823830489603,0.5104571728849185,0.08815957631349791
ISCA1,0.8162823830489603,0.5104571728849185,0.08815957631349791
LYVE1,0.8167666382049187,0.8844981607987388,0.08790200982836105
HPGDS,0.8170484334312105,0.6551760378349973,0.08775219836543188
CRYBG2,0.8171101651237961,0.982238570677877,0.08771938669894501
TGM1,0.8171101651237961,0.982238570677877,0.08771938669894501
DLX5,0.8171101651237961,0.982238570677877,0.08771938669894501
DAB1,0.8171101651237961,0.982238570677877,0.08771938669894501
IRS4,0.8171101651237961,0.982238570677877,0.08771938669894501
TGM1_1,0.8171101651237961,0.982238570677877,0.08771938669894501
GTSE1,0.8174745112038627,0.7064634787178139,0.08752577972710913
GRPR,0.8176856408584846,0.5396741986337362,0.08741362870096979
PMEPA1,0.8181045579265005,0.5101418812401471,0.08719118773619709
VSIG4,0.8181045579265005,0.5105622700998423,0.08719118773619709
GLO1,0.8181054626327646,0.5103520756699947,0.08719070746907574
STX12,0.8181054626327646,0.5103520756699947,0.08719070746907574
CKAP4,0.8181054626327646,0.5103520756699947,0.08719070746907574
VPS72,0.8181054626327646,0.5103520756699947,0.08719070746907574
SYNRG_1,0.8181054626327646,0.5103520756699947,0.08719070746907574
ARF4,0.8181054626327646,0.5103520756699947,0.08719070746907574
HNRNPA3,0.8181054626327646,0.5103520756699947,0.08719070746907574
SYNRG,0.8181054626327646,0.5103520756699947,0.08719070746907574
ATXN10,0.8181054626327646,0.5103520756699947,0.08719070746907574
SPG7,0.8181054626327646,0.5103520756699947,0.08719070746907574
TERF2,0.8181054626327646,0.5103520756699947,0.08719070746907574
SLC25A32,0.8181054626327646,0.5103520756699947,0.08719070746907574
FAM110B,0.8181828617327762,0.589805570152391,0.08714962179784795
MCM9,0.8185311361267376,0.5198108250131371,0.0869647957989669
PAFAH1B2,0.8197805635285775,0.8426694692590646,0.08630238274109892
ADCY7,0.8199167129859408,0.5112979506043089,0.08623026094272822
AGTPBP1,0.8199279584908615,0.5098265895953757,0.08622430445085029
CCNL1,0.8199295264218193,0.5102469784550709,0.08622347395945794
AFAP1,0.8199295264218193,0.5102469784550709,0.08622347395945794
TM9SF2,0.8199295264218193,0.5102469784550709,0.08622347395945794
TEX10,0.8199295264218193,0.5102469784550709,0.08622347395945794
SIPA1,0.8208414786333458,0.5103520756699947,0.08574070597685879
COL9A2,0.8215103510095234,0.7038360483447188,0.08538696009502154
IGFBP4,0.8217545648964393,0.5101418812401471,0.08525787470745448
BUD23,0.8217545648964393,0.5101418812401471,0.08525787470745448
DNAJC16,0.8217545648964393,0.5101418812401471,0.08525787470745448
EI24,0.8217545648964393,0.5101418812401471,0.08525787470745448
TEAD4,0.8217545648964393,0.5101418812401471,0.08525787470745448
PRKRA,0.8217545648964393,0.5101418812401471,0.08525787470745448
VIL1,0.8223963240183909,0.915081450341566,0.08491883957216569
NUMB,0.8226670052621499,0.5099316868102995,0.08477592061033881
PCDHGB6,0.8228354147935626,0.9297950604308985,0.08468702456308128
TNFRSF14_1,0.8235447187144145,0.5131897004729375,0.08431281353901972
TNFRSF14,0.8235447187144145,0.5131897004729375,0.08431281353901972
FABP2,0.8235796901105488,0.5100367840252233,0.08429437184234341
SNAPC2,0.8235801293174714,0.5100367840252233,0.08429414023744307
KCNJ5,0.8235801293174714,0.5102469784550709,0.08429414023744307
FN3KRP,0.8235805246008975,0.5100367840252233,0.08429393179461712
MTCH2,0.8235805685211142,0.5100367840252233,0.08429390863439579
ABCB7,0.8235805685211142,0.5100367840252233,0.08429390863439579
MTCH2_1,0.8235805685211142,0.5100367840252233,0.08429390863439579
ECHS1,0.8235805685211142,0.5100367840252233,0.08429390863439579
METAP2,0.8235805685211142,0.5100367840252233,0.08429390863439579
NET1,0.8235805685211142,0.5100367840252233,0.08429390863439579
FSTL4,0.8240110214228535,0.5617446137677351,0.08406697943016933
ZFTRAF1,0.824127842425822,0.5460851287440882,0.08400541335930305
CLIP2,0.8241407962303618,0.7877036258539148,0.08399858708632853
NRP2,0.8243038562565452,0.9821334734629532,0.08391266843602434
AGFG2,0.8243038562565452,0.9821334734629532,0.08391266843602434
KRT84,0.8249637895341879,0.6489753021544928,0.0835651136932485
EPHA1_1,0.8252989885978081,0.5167630057803468,0.08338868711731107
EPHA1,0.8252989885978081,0.5167630057803468,0.08338868711731107
CAMKMT,0.8254070929379795,0.5101418812401471,0.08333180343705024
TFB1M,0.8254074842641359,0.5099316868102995,0.08333159753774128
REEP2,0.8254074842641359,0.5099316868102995,0.08333159753774128
ANKZF1,0.8254075277446576,0.5099316868102995,0.0833315746601317
IFI27,0.8254075277446576,0.5099316868102995,0.0833315746601317
IFI27_1,0.8254075277446576,0.5099316868102995,0.0833315746601317
ZNF862,0.8254075277446576,0.5099316868102995,0.0833315746601317
CBFB,0.8254075277446576,0.5099316868102995,0.0833315746601317
CEP85,0.8254075277446576,0.5099316868102995,0.0833315746601317
PISD,0.8254075277446576,0.5099316868102995,0.0833315746601317
FMR1,0.8254075277446576,0.5099316868102995,0.0833315746601317
CDK14,0.8254075277446576,0.5099316868102995,0.0833315746601317
MED23,0.8254075277446576,0.5099316868102995,0.0833315746601317
MRPS12_1,0.8258193848223008,0.7149763531266422,0.08311492695592923
MRPS12,0.8258193848223008,0.7149763531266422,0.08311492695592923
FHL1,0.8259884588702171,0.5545980031529165,0.08302602082004916
TBC1D17,0.8263856182224095,0.5121387283236994,0.08281724954869338
ZEB2,0.8264072355597764,0.553757225433526,0.0828058890320855
AGA,0.8272345721918477,0.5098265895953757,0.08237132362344574
NR4A1,0.8272353899602364,0.5098265895953757,0.0823708942988804
NEUROD6,0.8272354330003562,0.5098265895953757,0.0823708717030313
TGFB3,0.8272354330003562,0.5098265895953757,0.0823708717030313
ELP4,0.8272354330003562,0.5098265895953757,0.0823708717030313
TSC22D1,0.8272354330003562,0.5098265895953757,0.0823708717030313
ATF6,0.8272354330003562,0.5098265895953757,0.0823708717030313
MED12,0.8272354330003562,0.5098265895953757,0.0823708717030313
FOLR3,0.8272354330003562,0.5098265895953757,0.0823708717030313
HNRNPDL,0.8272354330003562,0.5098265895953757,0.0823708717030313
RPL38,0.8290642747061204,0.509721492380452,0.08141179867998143
BRD1,0.8290642747061204,0.509721492380452,0.08141179867998143
ZKSCAN4,0.8290642747061204,0.5097214923804518,0.08141179867998143
RIPK2,0.8290642747061204,0.5097214923804518,0.08141179867998143
GM2A,0.8290642747061204,0.509721492380452,0.08141179867998143
WDR74,0.8299790013509992,0.5097214923804518,0.08093289522965065
MTMR12,0.830152784579823,0.6525486074619022,0.08084197100515139
TRMU,0.8307557668505385,0.5022595901208617,0.08052663530032081
SH3BP2,0.8308870868961297,0.5104571728849185,0.08045799049960006
CASD1,0.8308932001141676,0.5094062007356805,0.0804547952073207
PLAAT2,0.8308936216909771,0.5096163951655281,0.08045457485597395
ASF1B,0.8308940011074102,0.5096163951655281,0.0804543765412664
ASF1B_1,0.8308940011074102,0.5096163951655281,0.0804543765412664
MIR124-1HG,0.830894043264634,0.5096163951655281,0.08045435450638687
DUSP11_1,0.830894043264634,0.5096163951655281,0.08045435450638687
DUSP11,0.830894043264634,0.5096163951655281,0.08045435450638687
CETN2_1,0.830894043264634,0.5096163951655281,0.08045435450638687
CETN2,0.830894043264634,0.5096163951655281,0.08045435450638687
LRRFIP1,0.830894043264634,0.5096163951655281,0.08045435450638687
DHTKD1,0.830894043264634,0.5096163951655281,0.08045435450638687
MIR124-1HG_1,0.830894043264634,0.5096163951655281,0.08045435450638687
CPSF4,0.830894043264634,0.5096163951655281,0.08045435450638687
DTX2P1-UPK3BP1-PMS2P11,0.830894043264634,0.5096163951655281,0.08045435450638687
RASAL2,0.8313688387129781,0.8119810825013137,0.08020625770883225
DNAH17,0.831512336424024,0.9820283762480294,0.08013130314784557
SAMD14,0.831512336424024,0.9820283762480294,0.08013130314784557
CAMK1D,0.831512336424024,0.9820283762480294,0.08013130314784557
JHY,0.8315341270037617,0.5003678402522334,0.08011992219277761
SLC33A1,0.8318092301743155,0.5096163951655281,0.07997626479396165
MUC5B,0.8321269492391262,0.5682606410930111,0.0798104127137835
CCNL2,0.832640234482945,0.5142406726221755,0.07954260715120849
ARAP3,0.8327095428349647,0.5114030478192328,0.07950645830697252
TBPL1,0.8327095428349647,0.5106673673147661,0.07950645830697252
MDFIC,0.8327232690289179,0.5095112979506042,0.07949929955490628
PADI1_1,0.832724729063506,0.5095112979506042,0.07949853809616876
MLLT11,0.832724729063506,0.5095112979506043,0.07949853809616876
TRPC4AP,0.832724729063506,0.5095112979506043,0.07949853809616876
PADI1,0.832724729063506,0.5095112979506042,0.07949853809616876
CLCN1,0.8328505133018296,0.9122438255386233,0.07943294225957288
SYNPO,0.833640371426871,0.5095112979506042,0.07902126157890207
KIAA0930,0.8345563224754209,0.5094062007356805,0.0785443483617647
TTLL12,0.8345563224754209,0.5094062007356805,0.0785443483617647
NISCH,0.8345563224754209,0.5094062007356805,0.0785443483617647
ATMIN,0.8345563224754209,0.5094062007356805,0.0785443483617647
ANKRD46,0.8345563224754209,0.5094062007356805,0.0785443483617647
ATMIN_1,0.8345563224754209,0.5094062007356805,0.0785443483617647
POU2F3,0.8347843330292959,0.9473462953231739,0.07842571023280896
SLC24A1,0.8350083212172738,0.9305307409353653,0.07830919656341849
RXRB_3,0.8363820768655443,0.508039936941671,0.07759528240839984
RXRB_2,0.8363820768655443,0.508039936941671,0.07759528240839984
RXRB_5,0.8363820768655443,0.508039936941671,0.07759528240839984
RXRB,0.8363820768655443,0.508039936941671,0.07759528240839984
RXRB_1,0.8363820768655443,0.508039936941671,0.07759528240839984
RXRB_4,0.8363820768655443,0.508039936941671,0.07759528240839984
ZFTA,0.83638391430973,0.5102469784550709,0.07759432830976935
ABCA5,0.8363879972974281,0.5093011035207567,0.07759220821316247
CLTB,0.836388813858291,0.5093011035207567,0.07759178421412741
SNHG32_3,0.836388813858291,0.5093011035207566,0.07759178421412741
SNHG32_2,0.836388813858291,0.5093011035207566,0.07759178421412741
JMJD1C,0.836388813858291,0.5093011035207567,0.07759178421412741
SNHG32_1,0.836388813858291,0.5093011035207566,0.07759178421412741
SNHG32,0.836388813858291,0.5093011035207566,0.07759178421412741
DPAGT1,0.836388813858291,0.5093011035207567,0.07759178421412741
RPL37A,0.836388813858291,0.5093011035207566,0.07759178421412741
SNHG32_4,0.836388813858291,0.5093011035207566,0.07759178421412741
GPR137,0.8365894178303886,0.5626904887020494,0.07748763318944911
TUB,0.8366609817948052,0.7334734629532318,0.07745048413527869
ABCC8,0.8367489186866168,0.5210719915922228,0.07740484019963127
TRPC1,0.8368777470329186,0.8095638465580662,0.07733798007942873
ALDH7A1,0.8372231046044385,0.5132947976878612,0.07715879506847126
TRIM9,0.8377076058486899,0.8813452443510247,0.07690754142387653
ANGPT2,0.8381366318495717,0.8368891224382554,0.07668517752554385
CFD,0.8382188012564409,0.509196006305833,0.07664260216317331
CFD_1,0.8382188012564409,0.509196006305833,0.07664260216317331
SYNE3,0.8382188012564409,0.50856542301629,0.07664260216317331
BCL7C,0.8382221935554083,0.509196006305833,0.07664084456272444
ZBED1_1,0.8382221935554083,0.509196006305833,0.07664084456272444
ZBED1,0.8382221935554083,0.509196006305833,0.07664084456272444
SS18,0.8382221935554083,0.509196006305833,0.07664084456272444
IL2RA,0.8387350179455926,0.9819232790331056,0.0763752244165959
SZT2,0.8387638199651966,0.775302154492906,0.07636031107311068
NTF3,0.8387830745024016,0.6888071466106148,0.07635034158815893
ABCG2,0.8389288976891393,0.9304256437204415,0.07627484566687698
ETV1,0.8389288976891393,0.9304256437204415,0.07627484566687698
PRRG1,0.8390857730909141,0.5130846032580136,0.07619364241791611
ITGB4,0.8391039755515016,0.9465055176037835,0.07618422128041136
EDN3,0.8397219126031221,0.9474513925380977,0.07586451372086588
GLDC,0.8399949117444361,0.5138202837624803,0.07572334466193599
PSG4,0.840010903027636,0.505937992643195,0.07571507692144196
TWNK,0.8400238524531862,0.505937992643195,0.07570838198368304
ADH1C,0.8400476647923486,0.5105622700998423,0.07569607111787291
GUK1,0.8400564518955966,0.509090909090909,0.07569152831553744
IFT57,0.8400564518955966,0.509090909090909,0.07569152831553744
TIA1,0.8400564518955966,0.509090909090909,0.07569152831553744
GLOD4,0.8400564518955966,0.509090909090909,0.07569152831553744
FBXO11,0.8400564518955966,0.509090909090909,0.07569152831553744
AKAP11,0.8400564518955966,0.509090909090909,0.07569152831553744
ATG4A,0.8400564518955966,0.509090909090909,0.07569152831553744
VPS13D,0.8400564518955966,0.509090909090909,0.07569152831553744
MYO1B,0.8400564518955966,0.509090909090909,0.07569152831553744
UVRAG,0.8400564518955966,0.509090909090909,0.07569152831553744
MERTK,0.8406530983979599,0.8446663163426169,0.07538318200494143
PATJ,0.8410626797561089,0.5120336311087756,0.07517163742700225
HDAC4,0.8414635031661231,0.7076195480819758,0.07496471595350994
CYP2B6,0.8416953327260949,0.5011035207567,0.07484508101814019
PTGS1,0.841888261737237,0.5083552285864424,0.0747455457107395
HOXC5,0.8418911842690608,0.5089858118759852,0.07474403810302128
SASH1,0.8418915397010678,0.5089858118759852,0.07474385475138438
TARBP1,0.841891579193365,0.5089858118759852,0.07474383437906142
ALG9,0.841891579193365,0.5089858118759852,0.07474383437906142
STMN1,0.841891579193365,0.5089858118759854,0.07474383437906142
MDH1,0.841891579193365,0.5089858118759854,0.07474383437906142
SPOP,0.841891579193365,0.5089858118759854,0.07474383437906142
MARCHF6,0.841891579193365,0.5089858118759852,0.07474383437906142
ECD,0.841891579193365,0.5089858118759852,0.07474383437906142
RFX5,0.841891579193365,0.5089858118759852,0.07474383437906142
SH3BP1,0.8433411753628869,0.5596426694692591,0.07399669512369351
RPH3AL,0.8433411753628869,0.5694167104571729,0.07399669512369351
RPH3AL_1,0.8433411753628869,0.5694167104571729,0.07399669512369351
RPH3AL_2,0.8433411753628869,0.5694167104571729,0.07399669512369351
CLDN6,0.8434973237764148,0.5205465055176037,0.07391629098947267
TIMM50,0.8435465670700085,0.5929584866001051,0.07389093765895105
SECTM1,0.8437274095654919,0.5089858118759854,0.07379784205115963
OSBPL8,0.8437275657490608,0.5088807146610614,0.07379776165830393
CHAF1A,0.8437275657490608,0.5088807146610614,0.07379776165830393
PTCD3,0.8437275657490608,0.5088807146610614,0.07379776165830393
NOC3L,0.8437275657490608,0.5088807146610614,0.07379776165830393
MAP3K3,0.8437275657490608,0.5088807146610614,0.07379776165830393
PRMT3,0.8437275657490608,0.5088807146610614,0.07379776165830393
ABHD18,0.843738262933826,0.6108250131371519,0.0737922554984321
PATZ1,0.8437940622661704,0.6136626379400946,0.07376353505049994
BTNL8,0.8444831960412478,0.5213872832369942,0.07340898782082106
RAB11B,0.8445942187072252,0.504887020493957,0.07335189566998344
ZDHHC4,0.8446282110221855,0.5105622700998423,0.07333441700695295
TMEM45A,0.8446458393912707,0.5088807146610614,0.07332535287266753
SLC29A1,0.8454755481095507,0.5129795060430898,0.07289894805991509
CDKN2A,0.8455203804621902,0.5105622700998423,0.07287591968588099
MEF2D_1,0.8455644018490229,0.5087756174461376,0.07285330905678486
CLPP,0.8455644018490229,0.5087756174461378,0.07285330905678486
KARS1,0.8455644018490229,0.5087756174461378,0.07285330905678486
LY86,0.8455644018490229,0.5087756174461378,0.07285330905678486
MEF2D,0.8455644018490229,0.5087756174461376,0.07285330905678486
TIMP1,0.8455644018490229,0.5087756174461376,0.07285330905678486
PTDSS1,0.8455644018490229,0.5087756174461378,0.07285330905678486
CALCA,0.8459713095500665,0.9818181818181818,0.0726443654661471
STEAP1B,0.8459713095500665,0.9818181818181818,0.0726443654661471
CTAG2,0.8459713095500665,0.9818181818181818,0.0726443654661471
NCBP1,0.8462877784234593,0.5472411981082501,0.07248193089807464
SRP72,0.846483097063809,0.5086705202312138,0.0723817096462543
PSENEN,0.8471949268057909,0.5939043615344193,0.07201665354604761
RASGRP3,0.8473248014183697,0.5133998949027851,0.07195008149409296
INHBB,0.8473709369935639,0.5108775617446137,0.0719264354492283
ACVR1B,0.8473974994357482,0.5082501313715186,0.0719128218819474
VWF,0.8474020777657361,0.5086705202312138,0.07191047547653542
CLOCK,0.8474020777657361,0.5086705202312138,0.07191047547653542
AP1B1,0.8474020777657361,0.5086705202312138,0.07191047547653542
DAZAP1,0.8474020777657361,0.5086705202312138,0.07191047547653542
CFAP410,0.8474020777657361,0.5086705202312138,0.07191047547653542
ZNF529,0.8483275778174255,0.8684182869153967,0.07143641452697747
GPR37,0.8484207528920423,0.9304256437204415,0.07138871691612346
AADAC,0.8485999681399677,0.6211245401996848,0.07129698887465448
GSTA3,0.8491737301417843,0.5136100893326327,0.0710034495401092
DDN,0.8492343624281966,0.5073042564372044,0.07097244136540677
EHMT2,0.8492405837579855,0.50856542301629,0.07096925981809753
SERPINH1,0.8492405837579855,0.50856542301629,0.07096925981809753
SQLE,0.8492405837579855,0.50856542301629,0.07096925981809753
CST3,0.8492405837579855,0.50856542301629,0.07096925981809753
TRADD,0.8492405837579855,0.50856542301629,0.07096925981809753
EHMT2_6,0.8492405837579855,0.50856542301629,0.07096925981809753
UBE2O,0.8492405837579855,0.50856542301629,0.07096925981809753
GADD45B,0.8492405837579855,0.50856542301629,0.07096925981809753
PAM,0.8492405837579855,0.50856542301629,0.07096925981809753
EHMT2_1,0.8492405837579855,0.50856542301629,0.07096925981809753
EHMT2_4,0.8492405837579855,0.50856542301629,0.07096925981809753
EHMT2_3,0.8492405837579855,0.50856542301629,0.07096925981809753
EHMT2_2,0.8492405837579855,0.50856542301629,0.07096925981809753
EHMT2_5,0.8492405837579855,0.50856542301629,0.07096925981809753
IL1R1,0.8492405837579855,0.50856542301629,0.07096925981809753
FOXF2,0.8492564907903704,0.6740935365212821,0.0709611251718954
CDC45,0.8496867062137846,0.6793483972674724,0.07074117645466749
PTH1R,0.8500547146023563,0.6634787178139779,0.07055311959732347
PLK3,0.8506503860467749,0.5247503941145559,0.07024889656439653
CBY1,0.8510799100710109,0.5084603258013662,0.07002966098052348
USP4,0.8510799100710109,0.5084603258013662,0.07002966098052348
PPP1CB,0.8510799100710109,0.5084603258013662,0.07002966098052348
HEBP1,0.8510799100710109,0.5084603258013662,0.07002966098052348
SLC66A2,0.8510799100710109,0.5084603258013662,0.07002966098052348
PAK2,0.8510799100710109,0.5084603258013662,0.07002966098052348
HTRA2,0.8510799100710109,0.5084603258013662,0.07002966098052348
FBLN2,0.8519937676263152,0.5079348397267472,0.06956358210583535
ALG12,0.8519995075040259,0.5082501313715186,0.06956065627595921
EML3,0.8524637318292463,0.5105622700998423,0.06932408905275242
GTF2F1,0.8526785702167973,0.504256437204414,0.06921465170362778
SLC25A22,0.8529139738707191,0.5083552285864424,0.06909477018922779
CAB39,0.8529200469366627,0.5083552285864424,0.06909167786137482
BCL7B,0.8529200469366627,0.5083552285864424,0.06909167786137482
RBM12B,0.8529200469366627,0.5083552285864424,0.06909167786137482
RPL30,0.8529200469366627,0.5083552285864424,0.06909167786137482
USB1,0.8529200469366627,0.5083552285864424,0.06909167786137482
COL6A1,0.8529200469366627,0.5083552285864424,0.06909167786137482
CLIP3,0.8529200469366627,0.5083552285864424,0.06909167786137482
SUV39H1,0.8529200469366627,0.5083552285864424,0.06909167786137482
FAIM2,0.8530837050776516,0.7910667367314766,0.06900835351031855
TXNRD3,0.8535049679576101,0.5031003678402522,0.06879394666372071
ZNF134,0.8542218002829032,0.5986337362059906,0.06842934929674292
B3GNT3,0.8546131618977773,0.5163426169206515,0.06823042289776135
PSMB10,0.854752986028859,0.509196006305833,0.06815937334670431
PRKACB,0.8547602574877295,0.5082501313715186,0.06815567878104374
GABBR1_5,0.8547609845735563,0.5082501313715186,0.06815530935672227
GABBR1_6,0.8547609845735563,0.5082501313715186,0.06815530935672227
SDAD1,0.8547609845735563,0.5082501313715186,0.06815530935672227
GABBR1_3,0.8547609845735563,0.5082501313715186,0.06815530935672227
RPS24,0.8547609845735563,0.5082501313715186,0.06815530935672227
CRKL,0.8547609845735563,0.5082501313715186,0.06815530935672227
ARL5A,0.8547609845735563,0.5082501313715186,0.06815530935672227
ASH2L,0.8547609845735563,0.5082501313715186,0.06815530935672227
GABBR1_1,0.8547609845735563,0.5082501313715186,0.06815530935672227
GABBR1_4,0.8547609845735563,0.5082501313715186,0.06815530935672227
GABBR1_2,0.8547609845735563,0.5082501313715186,0.06815530935672227
GABBR1,0.8547609845735563,0.5082501313715186,0.06815530935672227
ARHGAP29,0.8547609845735563,0.5082501313715186,0.06815530935672227
SGCB,0.854840083366462,0.5399894902785076,0.06811512200547074
RTN1,0.8549412928433323,0.5581713084603258,0.068063706405811
NRN1,0.8555495548934604,0.5142406726221755,0.06775483031517725
SGCE,0.8556804860993489,0.5079348397267472,0.0676883720378269
PCYT1A,0.8560169725148633,0.5316868102995271,0.06751762434565703
MICAL1,0.8561887582108779,0.506988964792433,0.06743047876640731
PLPPR4,0.8564741652476264,0.9651077246452969,0.06728573259294157
CD300A_1,0.856520064289371,0.5024697845507095,0.0672624590754768
CD300A,0.856520064289371,0.5024697845507095,0.0672624590754768
WASF3,0.856529989702838,0.5103520756699947,0.06725742647028313
PEX13,0.8565734071444582,0.5065685759327377,0.06723541267315596
IGFBP6,0.8566007025622749,0.5086705202312138,0.06722157374193127
RBM42,0.8566027131872289,0.5081450341565948,0.06722055436114478
MYOZ3,0.8566027131872289,0.5081450341565948,0.06722055436114478
PRPSAP1,0.8566027131872289,0.5081450341565948,0.06722055436114478
CNOT1,0.8566027131872289,0.5081450341565948,0.06722055436114478
PCMT1,0.8566027131872289,0.5081450341565948,0.06722055436114478
F13A1,0.8566027131872289,0.5081450341565948,0.06722055436114478
CCL22,0.8566027131872289,0.5081450341565948,0.06722055436114478
CBX4,0.8566286054657919,0.6509721492380451,0.06720742726781859
DHX58,0.8572800747474278,0.7648975302154493,0.0668772702051508
PLEKHA4,0.8573779572144855,0.6913294797687861,0.06682768618947887
NCR2,0.8580496295145444,0.8509721492380452,0.06648759187045711
CEP162,0.8580657853956104,0.5238045191802417,0.06647941478640265
U2AF2,0.858445222970295,0.508039936941671,0.06628741176772908
GALNT11,0.858445222970295,0.508039936941671,0.06628741176772908
PAK1IP1,0.858445222970295,0.508039936941671,0.06628741176772908
PLAUR,0.858445222970295,0.508039936941671,0.06628741176772908
PAK1IP1_1,0.858445222970295,0.508039936941671,0.06628741176772908
CAPRIN2,0.858445222970295,0.508039936941671,0.06628741176772908
PLXND1,0.858445222970295,0.508039936941671,0.06628741176772908
SPON2,0.858445222970295,0.508039936941671,0.06628741176772908
MFSD6,0.8600924993169661,0.9139253809774041,0.06545483970678191
C11orf16,0.8602885041026036,0.5079348397267472,0.06535588046806895
ACOT9,0.8602885041026036,0.5079348397267472,0.06535588046806895
TMED1,0.8602885041026036,0.5079348397267472,0.06535588046806895
EMC8,0.8602885041026036,0.5079348397267472,0.06535588046806895
HADHB,0.8602885041026036,0.5079348397267472,0.06535588046806895
PDXK,0.8602885041026036,0.5079348397267472,0.06535588046806895
BAP1,0.8602885041026036,0.5079348397267472,0.06535588046806895
CEMP1,0.8607143432677885,0.5111928533893852,0.06514095972732181
GSPT2,0.8611104321011167,0.538728323699422,0.06494114938639393
MORC2,0.8621325467513945,0.5078297425118234,0.0644259593522648
PSMD5,0.8621325467513945,0.5078297425118234,0.0644259593522648
PTPN12,0.8621325467513945,0.5078297425118234,0.0644259593522648
PRPH2,0.8625330599053365,0.9297950604308985,0.06422424992506671
ARHGEF9,0.8625341846609362,0.5455596426694693,0.06422368359914289
CPLANE1,0.8631884506237991,0.8678928008407777,0.0638943791035389
SIM2,0.8631884506237991,0.8678928008407777,0.0638943791035389
MTMR3,0.8632175349744303,0.5138202837624803,0.0638797461920506
CA8,0.8632700910691776,0.7249605885444036,0.06385330543267083
SLC43A1,0.8633041250800045,0.5266421439831844,0.06383618391775091
MAP7,0.8639773069770018,0.5077246452968996,0.06349766444714282
HBP1_1,0.8639773410714559,0.5077246452968996,0.06349764730892306
HBP1,0.8639773410714559,0.5077246452968996,0.06349764730892306
NUP93,0.8639773410714559,0.5077246452968996,0.06349764730892306
PCBP4,0.8639773410714559,0.5077246452968996,0.06349764730892306
MBTPS1,0.8639773410714559,0.5077246452968996,0.06349764730892306
MTRF1L,0.864943991526388,0.8480294272201787,0.06301201387455532
RIN3,0.8652042461514103,0.7742511823436679,0.06288135784644389
CEBPG,0.8657954178666675,0.5103520756699947,0.06258471697572376
PDK3,0.8657999955938136,0.5044666316342616,0.0625824207330521
RCAN2,0.8658040343758475,0.5062532842879663,0.06258039484177373
BMP2K,0.865810630269082,0.5097214923804518,0.06257708629964429
NPTX1,0.8658225407957828,0.5076195480819758,0.06257111196730966
GPI_1,0.8658228772052818,0.5076195480819758,0.06257094322515544
GPI,0.8658228772052818,0.5076195480819758,0.06257094322515544
FBXO42_1,0.8658228772052818,0.5076195480819758,0.06257094322515544
FBXO42,0.8658228772052818,0.5076195480819758,0.06257094322515544
ADAM5,0.8658228772052818,0.5076195480819758,0.06257094322515544
CRLF3,0.8658228772052818,0.5076195480819758,0.06257094322515544
NCOA3,0.8658228772052818,0.5076195480819758,0.06257094322515544
PDCD6IP,0.8658228772052818,0.5076195480819758,0.06257094322515544
SFRP4,0.866740406748136,0.5070940620073568,0.062110956500991306
MAPK12,0.8673882911031768,0.5197057277982133,0.06178644470005529
RPRM,0.8674081520779068,0.9648975302154493,0.06177650058036942
BHLHE41,0.8676690125364104,0.507514450867052,0.06164591243035634
CAV1,0.8676691452832305,0.507514450867052,0.061645845986578574
LINC00667,0.8679142676517897,0.5710982658959538,0.06152317220210846
TP73-AS1,0.8687425313830257,0.5146610614818707,0.061108916034154234
PRSS3,0.869115451817698,0.5912769311613242,0.06092252877924777
SLIT3,0.8693013758317047,0.5183394640042038,0.060829633022188766
MCOLN1,0.8695143023962193,0.5068838675775093,0.06072327001472412
RPS3,0.8695161354236816,0.5074093536521282,0.06072235447731347
PIKFYVE,0.8695161354236816,0.5074093536521282,0.06072235447731347
ANXA7,0.8695161354236816,0.5074093536521282,0.06072235447731347
NKTR,0.8695161354236816,0.5074093536521282,0.06072235447731347
SLC2A1,0.8695161354236816,0.5074093536521282,0.06072235447731347
RAB1B,0.8695161354236816,0.5074093536521282,0.06072235447731347
MIS18A,0.8695161354236816,0.5074093536521282,0.06072235447731347
WDR37,0.8695161354236816,0.5074093536521282,0.06072235447731347
PLP2,0.8695161354236816,0.5074093536521282,0.06072235447731347
SORT1,0.8707733082951704,0.6380451918024173,0.06009489180111237
DLC1,0.8713374918578305,0.5095112979506042,0.05981359876672194
HAT1_1,0.8713638377331957,0.5073042564372044,0.059800467579984876
HAT1,0.8713638377331957,0.5073042564372044,0.059800467579984876
PRPSAP2,0.8713638377331957,0.5073042564372044,0.059800467579984876
IDH2,0.8713638377331957,0.5073042564372044,0.059800467579984876
PTOV1,0.8713638377331957,0.5073042564372044,0.059800467579984876
CUL5,0.8713638377331957,0.5073042564372044,0.059800467579984876
RFX2,0.8713638377331957,0.5073042564372043,0.059800467579984876
SAP30,0.8726046402581653,0.5650026274303731,0.059182481891076326
RAB8B,0.8731273596122315,0.631739358906989,0.058922402866510945
ENTREP1,0.8731990520156718,0.6132422490803994,0.05888674445234659
BID,0.8732095692648643,0.508039936941671,0.05888151362236388
EGR1,0.8732122423066733,0.5071991592222806,0.05888018417572062
PKP4,0.8732122423066733,0.5071991592222806,0.05888018417572062
SLC25A17,0.8732122423066733,0.5071991592222806,0.05888018417572062
GPR65,0.8738905080421395,0.5199159222280609,0.058542977814026086
ADIRF,0.8740441939063615,0.5058328954282711,0.058466607772427036
CFAP74,0.8741223276405181,0.5095112979506042,0.058427786471138984
PLEKHB1,0.8741355990800727,0.5074093536521282,0.05842119280680895
RAD1,0.8741366732510574,0.5070940620073568,0.05842065912960241
EGLN1,0.8743105582886893,0.5998949027850762,0.058334276982957296
SLC12A4,0.8743916657176872,0.5497635312664214,0.05829399052549547
LRP2,0.8746058280140813,0.56878612716763,0.058187633021435176
SLC12A8,0.8750575753027159,0.5081450341565948,0.057963371190666586
FBXW11,0.8750613392275131,0.5070940620073568,0.05796150314415142
FGFR1,0.8750613392275131,0.5070940620073567,0.05796150314415142
FAM136A,0.8750613392275131,0.5070940620073568,0.05796150314415142
USP21,0.8750613392275131,0.5070940620073568,0.05796150314415142
TRIM14,0.8750613392275131,0.5070940620073567,0.05796150314415142
ERLIN1,0.8750613392275131,0.5070940620073567,0.05796150314415142
PIGV,0.8750613392275131,0.5070940620073568,0.05796150314415142
NR1D1,0.8750613392275131,0.5070940620073568,0.05796150314415142
CDKN2AIP,0.875971974780385,0.5094062007356805,0.057509788116084946
ZFAND5,0.8759861130798577,0.5070940620073567,0.05750277860428535
DCLRE1B,0.8761964180326487,0.5386232264844981,0.05739852658792193
MAN2A1,0.8768699905750443,0.5114030478192328,0.057064792678832243
UQCRC1,0.8769111185677722,0.506988964792433,0.057044423363410146
IFT46,0.8769111185677722,0.506988964792433,0.057044423363410146
CDK4,0.8769111185677722,0.506988964792433,0.057044423363410146
H3-3B,0.8769111185677722,0.506988964792433,0.057044423363410146
PNPLA2,0.8769111185677722,0.506988964792433,0.057044423363410146
CLIP1,0.8769111185677722,0.506988964792433,0.057044423363410146
LYSET,0.8769111185677722,0.506988964792433,0.057044423363410146
LYSET_1,0.8769111185677722,0.506988964792433,0.057044423363410146
GPR153,0.8769111185677722,0.506988964792433,0.057044423363410146
MAPKAP1,0.8769111185677722,0.506988964792433,0.057044423363410146
TNFRSF1A,0.8769111185677722,0.506988964792433,0.057044423363410146
GRM6,0.8780796753939007,0.6710457172884918,0.05646607519414971
RPGRIP1,0.8781407035034485,0.62154492905938,0.056435891998980435
TBX10,0.8783675647767796,0.9646873357856017,0.056323709663727885
USP13,0.878761570388326,0.5068838675775093,0.056128943710131246
CIAO2B,0.878761570388326,0.5068838675775093,0.056128943710131246
GRSF1,0.878761570388326,0.5068838675775093,0.056128943710131246
PQBP1_1,0.878761570388326,0.5068838675775093,0.056128943710131246
PQBP1,0.878761570388326,0.5068838675775093,0.056128943710131246
PSD4,0.8791061201778009,0.6738833420914345,0.05595869645542701
ACSL6,0.8793167588767592,0.9481870730425643,0.055854649555036794
SEMA4G,0.8805758703134098,0.7487125591171834,0.055233219323136094
MCM4,0.8805784783927886,0.50856542301629,0.055231933036691744
SUMO2,0.8806125647681415,0.5067787703625853,0.055215122225867774
TIPARP,0.8806126847390284,0.5067787703625855,0.05521506305945033
PTP4A2,0.8806126847390284,0.5067787703625855,0.05521506305945033
MRPL39,0.8806126847390284,0.5067787703625855,0.05521506305945033
CTBS,0.8806126847390284,0.5067787703625855,0.05521506305945033
PPP4R1,0.8806126847390284,0.5067787703625855,0.05521506305945033
NSMF,0.8810891932338737,0.5478717813977929,0.054980125448807406
ABCA4,0.8813386605709403,0.6171308460325802,0.05485717881199294
NUP98,0.8815359870306616,0.507514450867052,0.054759953756241014
NLK,0.8820393759096637,0.5513399894902785,0.05451202670652894
ADAT1,0.882462797699373,0.5073042564372043,0.0543035942624454
RPS23,0.8824644516588714,0.5066736731476615,0.054302780285003856
ZDHHC7,0.8824644516588714,0.5066736731476615,0.054302780285003856
NDFIP1,0.8824644516588714,0.5066736731476615,0.054302780285003856
DRAM1,0.8824644516588714,0.5066736731476615,0.054302780285003856
GFPT2,0.8833088722336802,0.5379926431949553,0.05388740735005406
HLX,0.8836778204413116,0.7808723068838676,0.053706045290367634
ACTG1,0.8843168611761469,0.5065685759327377,0.05339209425892833
ACTG1_1,0.8843168611761469,0.5065685759327377,0.05339209425892833
KPNA1,0.8843168611761469,0.5065685759327377,0.05339209425892833
SESN1,0.8843168611761469,0.5065685759327377,0.05339209425892833
PGM1,0.8843168611761469,0.5065685759327379,0.05339209425892833
DNAJC6,0.8845890331116774,0.8476090383604835,0.05325844919500008
BMP4,0.8846266504929963,0.5921177088807147,0.05323998110059609
SEMA3G,0.8861699033086072,0.5064634787178139,0.052483003851860006
MFSD12,0.8861699033086072,0.5064634787178139,0.052483003851860006
DNAJC11,0.8861699033086072,0.5064634787178139,0.052483003851860006
SUPT16H,0.8861699033086072,0.5064634787178139,0.052483003851860006
ERMP1,0.8861699033086072,0.5064634787178139,0.052483003851860006
PRDX2,0.8861699033086072,0.5064634787178139,0.052483003851860006
CRISP2,0.8862606088694129,0.9291644771413557,0.05243855311114032
ACOT11,0.8864497078259681,0.5382028376248029,0.05234589879204078
RPL10,0.8867926854361019,0.5796111403047819,0.05217789774952009
RAB36,0.887896789328624,0.5012086179716237,0.05163751443553296
ENTREP2,0.8879090770615233,0.5017341040462429,0.0516315042125752
ENTREP2_1,0.8879090770615233,0.5017341040462429,0.0516315042125752
ZBTB43,0.8880219912627192,0.506988964792433,0.05157627907974364
TBCCD1,0.8880225825708653,0.505937992643195,0.051575989895712174
DUSP10,0.8880234554371992,0.5063583815028903,0.05157556301372361
CDKN2C,0.8880235680636265,0.5063583815028901,0.05157550793293437
LYRM1,0.8880235680636265,0.5063583815028901,0.05157550793293437
AP3D1,0.8880235680636265,0.5063583815028901,0.05157550793293437
GIT2,0.8889295124457329,0.6966894377299002,0.05113267499101288
LHX6,0.8889316358926455,0.5034156594850236,0.051131637563227715
GAS7,0.8889316358926455,0.5070940620073567,0.051131637563227715
ARHGAP6,0.8893503364584059,0.964477141355754,0.05092712629733508
SDHAF3,0.8896667982869144,0.6147136100893327,0.050772616681188404
FRAT2,0.8897652256841085,0.5143457698370993,0.0507245716028294
STUM,0.8897869998655381,0.5147661586967945,0.05071394375307313
EPHX1,0.8898778454383622,0.5062532842879663,0.050669605369785695
ELF2,0.8898778454383622,0.5062532842879663,0.050669605369785695
SLC7A7,0.8898778454383622,0.5062532842879663,0.050669605369785695
SLC38A1,0.8898778454383622,0.5062532842879663,0.050669605369785695
BZW2,0.8898778454383622,0.5062532842879663,0.050669605369785695
GRINA,0.8898778454383622,0.5062532842879663,0.050669605369785695
KIR2DS4_17,0.8906250000353377,0.5014188124014713,0.05030511829416407
KIR2DS4_22,0.8906250000353377,0.5014188124014713,0.05030511829416407
KIR2DS4_23,0.8906250000353377,0.5014188124014713,0.05030511829416407
KIR2DS4_13,0.8906250000353377,0.5014188124014713,0.05030511829416407
KIR2DS4_12,0.8906250000353377,0.5014188124014713,0.05030511829416407
KIR2DS4_9,0.8906250000353377,0.5014188124014713,0.05030511829416407
KIR2DS4_8,0.8906250000353377,0.5014188124014713,0.05030511829416407
KIR2DS4_11,0.8906250000353377,0.5014188124014713,0.05030511829416407
KIR2DS4_10,0.8906250000353377,0.5014188124014713,0.05030511829416407
KIR2DS4_25,0.8906250000353377,0.5014188124014713,0.05030511829416407
KIR2DS4_20,0.8906250000353377,0.5014188124014713,0.05030511829416407
KIR2DS4_16,0.8906250000353377,0.5014188124014713,0.05030511829416407
KIR2DS4_15,0.8906250000353377,0.5014188124014713,0.05030511829416407
KIR2DS4_6,0.8906250000353377,0.5014188124014713,0.05030511829416407
KIR2DS4_2,0.8906250000353377,0.5014188124014713,0.05030511829416407
KIR2DS4_7,0.8906250000353377,0.5014188124014713,0.05030511829416407
KIR2DS4_5,0.8906250000353377,0.5014188124014713,0.05030511829416407
KIR2DS4_3,0.8906250000353377,0.5014188124014713,0.05030511829416407
KIR2DS4_4,0.8906250000353377,0.5014188124014713,0.05030511829416407
KIR2DS4_14,0.8906250000353377,0.5014188124014713,0.05030511829416407
KIR2DS4,0.8906250000353377,0.5014188124014713,0.05030511829416407
KIR2DS4_1,0.8906250000353377,0.5014188124014713,0.05030511829416407
KIR2DS4_19,0.8906250000353377,0.5014188124014713,0.05030511829416407
KIR2DS4_18,0.8906250000353377,0.5014188124014713,0.05030511829416407
KIR2DS4_21,0.8906250000353377,0.5014188124014713,0.05030511829416407
KIR2DS4_24,0.8906250000353377,0.5014188124014713,0.05030511829416407
KIR2DS4_32,0.8906250000353377,0.5014188124014713,0.05030511829416407
KIR2DS4_31,0.8906250000353377,0.5014188124014713,0.05030511829416407
KIR2DS4_30,0.8906250000353377,0.5014188124014713,0.05030511829416407
KIR2DS4_28,0.8906250000353377,0.5014188124014713,0.05030511829416407
KIR2DS4_29,0.8906250000353377,0.5014188124014713,0.05030511829416407
KIR2DS4_27,0.8906250000353377,0.5014188124014713,0.05030511829416407
KIR2DS4_26,0.8906250000353377,0.5014188124014713,0.05030511829416407
NSUN5,0.890738996734431,0.5308460325801366,0.050249533767330976
SLCO3A1,0.8911966469768914,0.5926431949553337,0.05002645614944546
CD5L,0.8915814009121226,0.8340514976353126,0.04983899982110037
CRIP2,0.8917104942386648,0.5077246452968996,0.04977612226345745
DLD,0.8917327254199173,0.5061481870730425,0.04976529502854663
DESI2,0.8917327254199173,0.5061481870730425,0.04976529502854663
KDM5C,0.8917327254199173,0.5061481870730425,0.04976529502854663
DNMT1,0.8917327254199173,0.5061481870730425,0.04976529502854663
FIP1L1,0.8917327254199173,0.5061481870730425,0.04976529502854663
DPP4,0.8917559332484774,0.702154492905938,0.049753992425827905
MDC1_4,0.8926603612512928,0.5060430898581187,0.04931374972489837
MDC1_3,0.8926603612512928,0.5060430898581187,0.04931374972489837
MDC1_1,0.8926603612512928,0.5060430898581187,0.04931374972489837
MDC1_6,0.8926603612512928,0.5060430898581187,0.04931374972489837
MDC1_7,0.8926603612512928,0.5060430898581187,0.04931374972489837
MDC1_5,0.8926603612512928,0.5060430898581187,0.04931374972489837
MDC1_2,0.8926603612512928,0.5060430898581187,0.04931374972489837
MDC1,0.8926603612512928,0.5060430898581187,0.04931374972489837
ERCC6L,0.8929440330459786,0.716657908565423,0.049175760485474986
PDE11A,0.8933908398379018,0.7224382553862323,0.04895850477244897
WDR33,0.893445588600728,0.897320021019443,0.04893189116057555
ZNF586,0.8934551468393632,0.5157120336311087,0.04892724502639058
MCM10,0.8934706592693562,0.8233315817130846,0.04891970474382932
ZNF142,0.8935876624894201,0.5058328954282711,0.04886283603138431
RAP1GAP,0.8935881712108901,0.5060430898581187,0.04886258878662746
CCNG1,0.8935881979855022,0.5060430898581187,0.04886257577384766
PPIG,0.8935881979855022,0.5060430898581187,0.04886257577384766
TWF2,0.8935881979855022,0.5060430898581187,0.04886257577384766
LARP7,0.8935881979855022,0.5060430898581187,0.04886257577384766
ZNF85,0.8935881979855022,0.5060430898581187,0.04886257577384766
CISD1,0.8935881979855022,0.5060430898581187,0.04886257577384766
ZNF85_1,0.8935881979855022,0.5060430898581187,0.04886257577384766
MTUS1,0.8935881979855022,0.5060430898581187,0.04886257577384766
ENOSF1,0.8935881979855022,0.5060430898581187,0.04886257577384766
ACVR2A,0.8935881979855022,0.5060430898581187,0.04886257577384766
ZNF423,0.8936208510123727,0.5428271150814503,0.048846706304747974
PIPOX,0.8948488144595648,0.5492380451918024,0.048250332943552514
VCPIP1,0.8948498323041089,0.9643720441408302,0.04824983895617678
NFASC,0.8951459699105179,0.7514450867052023,0.04810613925658896
CIB2,0.8953579447737154,0.5021544929059379,0.04800330841320012
ZSCAN18,0.8954427795401722,0.5064634787178139,0.047962161153794834
RSL24D1,0.895444253102597,0.505937992643195,0.047961446468816726
HOXB3,0.895444253102597,0.505937992643195,0.047961446468816726
NABP2,0.895444253102597,0.505937992643195,0.047961446468816726
TAC1,0.8957856434355116,0.9155018392012612,0.047795902180122495
PPIE,0.8963722351579516,0.5060430898581187,0.04751160406071442
PKP3,0.8968791215218043,0.5272727272727273,0.047266085822776256
CRYGD_1,0.8971692778042666,0.5500788229111928,0.047125606587646356
CRYGD,0.8971692778042666,0.5500788229111928,0.047125606587646356
CARD8,0.8972987091692947,0.5066736731476615,0.04706295701337428
SMAGP,0.8972994330378736,0.5063583815028903,0.04706260665958524
SETMAR,0.8972994330378736,0.5058328954282711,0.04706260665958524
LY6G6C_6,0.8973007773246278,0.5058328954282711,0.047061956022952024
LY6G6C_4,0.8973007773246278,0.5058328954282711,0.047061956022952024
LY6G6C_2,0.8973007773246278,0.5058328954282711,0.047061956022952024
LY6G6C,0.8973007773246278,0.5058328954282711,0.047061956022952024
LY6G6C_3,0.8973007773246278,0.5058328954282711,0.047061956022952024
LY6G6C_1,0.8973007773246278,0.5058328954282711,0.047061956022952024
LY6G6C_5,0.8973007773246278,0.5058328954282711,0.047061956022952024
BTG2,0.8973008807291147,0.5058328954282711,0.047061905975078845
ZNF747,0.8973008807291147,0.5058328954282711,0.047061905975078845
FBXW4,0.8973008807291147,0.5058328954282711,0.047061905975078845
VPS35,0.8973008807291147,0.5058328954282711,0.047061905975078845
TIMP2,0.8973008807291147,0.5058328954282711,0.047061905975078845
CPNE7,0.8973008807291147,0.5058328954282711,0.047061905975078845
EEF1AKMT3,0.8973008807291147,0.5058328954282711,0.047061905975078845
IL13RA1,0.8973008807291147,0.5058328954282711,0.047061905975078845
PLXNA1,0.8973008807291147,0.5058328954282711,0.047061905975078845
PLS3,0.8973008807291147,0.5058328954282711,0.047061905975078845
HNRNPA0,0.8973008807291147,0.5058328954282711,0.047061905975078845
SLC2A6_1,0.8982317225002932,0.5320021019442984,0.04661161119319959
SLC2A6,0.8982317225002932,0.5320021019442984,0.04661161119319959
ZBTB25,0.8984068871788518,0.5251707829742511,0.0465269274363733
UBA7,0.8991580454248722,0.5057277982133473,0.04616396541552582
APPL1,0.899158070813564,0.5057277982133473,0.04616395315275549
LRRK1,0.899158070813564,0.5057277982133473,0.04616395315275549
RRP7A,0.899158070813564,0.5057277982133473,0.04616395315275549
AQP9,0.8991689655135957,0.5411455596426695,0.04615869103078298
ZP2,0.9003543867801643,0.9642669469259064,0.0455865150836215
EFCAB6,0.9003543867801643,0.9642669469259064,0.0455865150836215
ZP2_1,0.9003543867801643,0.9642669469259064,0.0455865150836215
CFI,0.9009584339533347,0.5112979506043089,0.04529524489342366
ADM,0.9009988593526199,0.5031003678402522,0.04527575882912408
GPD1,0.9010054224911669,0.7651077246452969,0.04527259531293974
ABHD14A,0.901015788369338,0.5056227009984235,0.04526759887487039
CYP17A1,0.901015788369338,0.5056227009984235,0.04526759887487039
MAP2K6,0.9013847754950578,0.8469784550709406,0.04508978149282459
H3C6,0.9023951188909696,0.9476615869679453,0.04460326247914011
SSX2IP,0.902500611992889,0.526326852338413,0.044552494923640155
FOS,0.9028629656907297,0.5067787703625855,0.04437816082769644
IGFBP2,0.9028687158767491,0.5064634787178139,0.0443753948862405
DDX11,0.902874098104248,0.5055176037834997,0.04437280595531963
RAB14,0.902874098104248,0.5055176037834997,0.04437280595531963
APEX1,0.902874098104248,0.5055176037834997,0.04437280595531963
APEX1_1,0.902874098104248,0.5055176037834997,0.04437280595531963
HMGCS1,0.902874098104248,0.5055176037834997,0.04437280595531963
LXN,0.902874098104248,0.5055176037834997,0.04437280595531963
PDGFC,0.902874098104248,0.5055176037834997,0.04437280595531963
CBLL1,0.9032014585147852,0.8776668418286915,0.04421536977173831
ATP10D,0.9037324870071123,0.5025748817656333,0.0439601055976803
PRR14L,0.9041179631410516,0.8766158696794535,0.04377490204790814
OAZ3,0.9047276081891441,0.5890698896479243,0.04348215678039848
DDX19A,0.904732435178171,0.5052023121387283,0.04347983969723736
UBE2NL,0.9047329151619481,0.505412506568576,0.04347960929292954
MTHFD2,0.9047329151619481,0.505412506568576,0.04347960929292954
RNF115,0.9047329151619481,0.505412506568576,0.04347960929292954
YY1,0.9047329151619481,0.505412506568576,0.04347960929292954
DNAJC2,0.9047329151619481,0.505412506568576,0.04347960929292954
HOOK2,0.9047329151619481,0.505412506568576,0.04347960929292954
SLC35D1,0.9056078083717326,0.5003678402522334,0.04305984154655413
TRIO,0.9056308940667924,0.5093011035207566,0.043048770681115546
RFPL2,0.9056608068588855,0.9312664214398318,0.04303442626542714
ZNF175,0.9056616882744976,0.5050972149238045,0.043034003597528285
C2orf72,0.9058176251594893,0.5376773515501839,0.04295923318382041
TCP11L1,0.9059430270121591,0.7918024172359432,0.0428991133963014
CNTRL,0.9064753015825274,0.5149763531266421,0.04264402447806748
CNTN6,0.9065730439098415,0.5021544929059379,0.04259719842012198
BCL2,0.9065855226479776,0.504256437204414,0.04259122051260337
GTF2E1,0.9065922543808373,0.5053074093536521,0.04258799572739845
ETHE1,0.9065922543808373,0.5053074093536521,0.04258799572739845
PSMD7,0.9065922543808373,0.5053074093536521,0.04258799572739845
BNIP3L,0.9065922543808373,0.5053074093536521,0.04258799572739845
AATF_1,0.9065922543808373,0.5053074093536521,0.04258799572739845
BCLAF1,0.9065922543808373,0.5053074093536521,0.04258799572739845
HBB,0.9065922543808373,0.5053074093536521,0.04258799572739845
PTP4A1,0.9065922543808373,0.5053074093536521,0.04258799572739845
AATF,0.9065922543808373,0.5053074093536521,0.04258799572739845
GNA11,0.9065922543808373,0.5053074093536521,0.04258799572739845
CASQ2,0.9082502331391944,0.8181818181818181,0.041794481985971466
CACNA1C_1,0.9083900857228574,0.8088281660535996,0.041727614367925
CACNA1C,0.9083900857228574,0.8088281660535996,0.041727614367925
ANPEP,0.9084437068209869,0.5036258539148712,0.041701979279967535
AAAS_1,0.9084521056648555,0.5052023121387283,0.041697964111324995
AAAS,0.9084521056648555,0.5052023121387283,0.041697964111324995
BHLHE40,0.9084521056648555,0.5052023121387283,0.041697964111324995
SH2B1,0.9084521056648555,0.5052023121387283,0.041697964111324995
GALNT1,0.9084521056648555,0.5052023121387283,0.041697964111324995
UCHL5,0.9093821973357296,0.5050972149238045,0.0412535520822354
KLHL7,0.9096462222760603,0.630057803468208,0.04112747975237024
SLC16A2,0.9103111929589652,0.5056227009984235,0.04081011725954829
TPST2,0.9103120067904762,0.5050972149238044,0.040809728994107695
RYBP,0.9103124589095208,0.5050972149238044,0.04080951329580203
RYBP_1,0.9103124589095208,0.5050972149238044,0.04080951329580203
MPHOSPH10,0.9103124589095208,0.5050972149238044,0.04080951329580203
PAICS,0.9103124589095208,0.5050972149238045,0.04080951329580203
TPP1,0.9103124589095208,0.5050972149238045,0.04080951329580203
BNIP2,0.9103124589095208,0.5050972149238044,0.04080951329580203
ATP2C1,0.9103124589095208,0.5050972149238045,0.04080951329580203
IER3,0.9103124589095208,0.5050972149238044,0.04080951329580203
TOR1AIP1,0.9103124589095208,0.5050972149238045,0.04080951329580203
IER3_5,0.9103124589095208,0.5050972149238044,0.04080951329580203
IER3_4,0.9103124589095208,0.5050972149238044,0.04080951329580203
ANXA4,0.9103124589095208,0.5050972149238045,0.04080951329580203
TCF4,0.9103124589095208,0.5050972149238044,0.04080951329580203
IER3_3,0.9103124589095208,0.5050972149238044,0.04080951329580203
IER3_2,0.9103124589095208,0.5050972149238044,0.04080951329580203
IER3_1,0.9103124589095208,0.5050972149238044,0.04080951329580203
PDLIM3,0.9121706470072901,0.504256437204414,0.03992390715303626
COMMD10,0.9121720641011943,0.5046768260641094,0.039923232459559865
WNT10B,0.9121733040020951,0.5049921177088808,0.03992264213041637
GRHL2,0.9121733040020951,0.5049921177088808,0.03992264213041637
ARAF,0.9121733040020951,0.5049921177088808,0.03992264213041637
TMEM147-AS1,0.9121733040020951,0.5049921177088808,0.03992264213041637
HPN,0.9123228419428007,0.6111403047819233,0.03985145151401153
NPAS2,0.9128405712119994,0.8837624802942722,0.03960506593654168
NPL,0.9131452145333225,0.7652128218602208,0.03946015252521094
ANXA2,0.9140346091466478,0.504887020493957,0.03903735976195722
PTPN9,0.9140346308217476,0.5048870204939568,0.039037349463248563
CLIP4,0.9158534689089202,0.5095112979506042,0.03817400530030843
RPS28,0.9158722403112267,0.5073042564372043,0.03816510405881952
ZSCAN31,0.9158960050523524,0.5044666316342616,0.03815383527963696
PSMG2,0.9158964292397217,0.5047819232790332,0.03815363414087217
MRPS18B_4,0.9158964292397217,0.5047819232790332,0.03815363414087217
MRPS18B_2,0.9158964292397217,0.5047819232790332,0.03815363414087217
MRPS18B,0.9158964292397217,0.5047819232790332,0.03815363414087217
PCCB,0.9158964292397217,0.5047819232790332,0.03815363414087217
MRPS18B_6,0.9158964292397217,0.5047819232790332,0.03815363414087217
MRPS18B_3,0.9158964292397217,0.5047819232790332,0.03815363414087217
ANP32A,0.9158964292397217,0.5047819232790332,0.03815363414087217
MRPS18B_1,0.9158964292397217,0.5047819232790332,0.03815363414087217
MRPS18B_5,0.9158964292397217,0.5047819232790332,0.03815363414087217
ADIPOQ,0.9159995738864246,0.5552285864424593,0.03810472836142636
B9D2,0.9162831152368036,0.9473462953231739,0.03797031630200461
HOXA11,0.9162831152368036,0.9473462953231739,0.03797031630200461
PREX2,0.916689872468636,0.5070940620073567,0.03777756668120425
STARD5,0.916689872468636,0.5146610614818707,0.03777756668120425
ING1,0.9177445802665505,0.5071991592222806,0.037278171539072924
DNAJB1,0.9177586891194988,0.5046768260641092,0.03727149500835381
LRPPRC,0.9177586891194988,0.5046768260641094,0.03727149500835381
GNAQ,0.9177586891194988,0.5046768260641094,0.03727149500835381
MAP3K10,0.9177586891194988,0.5046768260641092,0.03727149500835381
MAFB,0.9177586891194988,0.5046768260641092,0.03727149500835381
TSPYL1,0.9177586891194988,0.5046768260641094,0.03727149500835381
PRRC2B,0.9177586891194988,0.5046768260641092,0.03727149500835381
AP3B1,0.9177586891194988,0.5046768260641092,0.03727149500835381
CYP7B1,0.9180529865421477,0.9283236994219654,0.03713225224235102
TSPYL5,0.9186897838397411,0.5044666316342616,0.036831113108471134
MEN1,0.9186899684280818,0.5046768260641092,0.03683102584757942
CEP63,0.919621380040556,0.5045717288491854,0.036390940484858914
BSDC1,0.9196214003169646,0.5045717288491856,0.03639093090925265
TMEM147,0.9196214003169646,0.5045717288491856,0.03639093090925265
IL6ST,0.9196214003169646,0.5045717288491854,0.03639093090925265
FEZ2,0.9196214003169646,0.5045717288491854,0.03639093090925265
SCD,0.9196214003169646,0.5045717288491856,0.03639093090925265
CLPS,0.9200582437990952,0.8658959537572255,0.036184679002386914
DRG2,0.9205527215571194,0.5043615344193378,0.03595133369374527
ASB7,0.9209183444648859,0.9472411981082501,0.035778875905711736
GALK2,0.921059656055552,0.5465055176037835,0.03571224009990046
NMU,0.9210599175629047,0.6519180241723594,0.03571211679498377
RPP25,0.9213501245911883,0.6759852863899107,0.035575301092559485
RNF141,0.9214540282705678,0.5099316868102995,0.03552632703898824
CDK8,0.9214619601111884,0.5007882291119286,0.03552258866498245
RELN,0.9214845328710747,0.5044666316342616,0.03551195002181213
CDC42BPA,0.921484552680575,0.5044666316342616,0.03551194068562004
ITSN1,0.921484552680575,0.5044666316342616,0.03551194068562004
SOX4,0.921484552680575,0.5044666316342616,0.03551194068562004
RAB20,0.921484552680575,0.5044666316342616,0.03551194068562004
SMYD5,0.921484552680575,0.5044666316342616,0.03551194068562004
PDZD8,0.9224160953654362,0.504256437204414,0.03507312758303762
ZNF37A,0.9224179417917866,0.9638465580662112,0.03507225824437728
ZNF787,0.9229601143171275,0.7599579611140305,0.0348170665865047
CPA3,0.9232977966343408,0.5008933263268524,0.034658200842160515
ZNF343,0.9233183315994351,0.50856542301629,0.0346485418536024
ASPH,0.9233477492034252,0.504361534419338,0.03463470513107025
ARHGAP5,0.9233481360515214,0.5043615344193378,0.034634523177999504
STAT6,0.9233481360515214,0.504361534419338,0.034634523177999504
HGS,0.9233481360515214,0.504361534419338,0.034634523177999504
WIPI1,0.9233481360515214,0.5043615344193378,0.034634523177999504
CYP2C9,0.9233481360515214,0.5043615344193378,0.034634523177999504
TXNL4B,0.9233481360515214,0.504361534419338,0.034634523177999504
PAQR6,0.9247395296493326,0.5230688386757751,0.03398057727805762
AKR1C1,0.9247914866891751,0.5172884918549658,0.03395617687005556
AIMP2,0.9252121402638978,0.504256437204414,0.03375867722542598
FTSJ1,0.9252121402638978,0.504256437204414,0.03375867722542598
PSMA5,0.9252121402638978,0.504256437204414,0.03375867722542598
ESYT1,0.9252121402638978,0.504256437204414,0.03375867722542598
TMEM35B,0.9252121402638978,0.504256437204414,0.03375867722542598
FAM184A,0.9253896675623536,0.5554387808723069,0.033675353923765916
SPINK2,0.9255562617853824,0.9471361008933263,0.033597176651457124
RASL12,0.9260469311587594,0.6764056752496059,0.03336700313793473
CCDC102B,0.9261101117241158,0.929584866001051,0.03333737393234018
GPR19,0.9265185336328344,0.6450867052023121,0.03314588883945561
TUSC3,0.926920777294133,0.5163426169206515,0.032957382850405614
CDKN2B-AS1,0.9269381110091264,0.603783499737257,0.03294926148062908
SUCLG1,0.9270765551448659,0.5041513399894904,0.03288440166542599
CST4,0.9270765551448659,0.5041513399894902,0.03288440166542599
OPA1,0.9270765551448659,0.5041513399894904,0.03288440166542599
TBC1D8,0.9270765551448659,0.5041513399894902,0.03288440166542599
CFAP20,0.9270765551448659,0.5041513399894904,0.03288440166542599
SPAST,0.9270765551448659,0.5041513399894904,0.03288440166542599
DAPK2,0.9270765551448659,0.5041513399894902,0.03288440166542599
DCN,0.9270765551448659,0.5041513399894902,0.03288440166542599
RETSAT,0.9270765551448659,0.5041513399894904,0.03288440166542599
NDUFC2,0.9270765551448659,0.5041513399894904,0.03288440166542599
NT5C2,0.9270765551448659,0.5041513399894902,0.03288440166542599
LINC00921,0.9270765551448659,0.5041513399894904,0.03288440166542599
SENP3,0.9270765551448659,0.5041513399894904,0.03288440166542599
PMF1,0.9270765551448659,0.5041513399894902,0.03288440166542599
RETSAT_1,0.9270765551448659,0.5041513399894904,0.03288440166542599
TOM1,0.9272017510427757,0.5378875459800315,0.03282575686812632
IL11RA,0.9274933066338017,0.6023121387283237,0.03268921583959492
HAS2,0.9279438468567234,0.9637414608512874,0.03247830367135693
RFC3,0.9280087316765636,0.504256437204414,0.032447937465287534
GPSM2,0.9289410117386181,0.5038360483447188,0.0320118630674834
SNRPB,0.9289413705148227,0.5040462427745664,0.032011695334017175
STX18,0.9289413705148227,0.5040462427745664,0.032011695334017175
SELENOT,0.9289413705148227,0.5040462427745664,0.032011695334017175
GIT1,0.9289413705148227,0.5040462427745664,0.032011695334017175
DDX21,0.9289413705148227,0.5040462427745664,0.032011695334017175
CDC42BPB,0.9289413705148227,0.5040462427745664,0.032011695334017175
HDHD5,0.9289413705148227,0.5040462427745664,0.032011695334017175
MAN1C1,0.9296544077657147,0.5196006305832895,0.031678467246161655
CELA3B,0.930187871398976,0.5921177088807147,0.031429327497946934
GHRH_1,0.9301970443124936,0.930635838150289,0.03142504478667565
GHRH,0.9301970443124936,0.930635838150289,0.03142504478667565
PAPPA,0.9303286278841838,0.865580662112454,0.031363614815519185
CYP19A1,0.9307489348458837,0.6502364687335785,0.031167452118240305
TPX2,0.9307896413374339,0.5009984235417762,0.031148458577212587
RSBN1,0.9308065063066148,0.5038360483447188,0.031140589670670016
EIF1B,0.9308065761875671,0.5039411455596426,0.031140557065707914
SELENOW,0.9308065761875671,0.5039411455596426,0.031140557065707914
MAN1A2,0.9308065761875671,0.5039411455596426,0.031140557065707914
CD93,0.9308065761875671,0.5039411455596426,0.031140557065707914
KCNMB4,0.9308065761875671,0.5039411455596426,0.031140557065707914
BICC1,0.9319176606506303,0.63121387283237,0.030622457930128227
GALK1,0.9319176636585663,0.6716763005780346,0.03062245652836274
ERMAP,0.9320518097423495,0.5264319495533368,0.030559945950922613
CTSG,0.9324125863249597,0.5222280609563846,0.030391872716256842
TRIP13,0.9326420321701991,0.500052548607462,0.030285015722367595
BYSL,0.9326719919552129,0.5038360483447188,0.030271064860321516
DVL1,0.9326721619704663,0.5038360483447188,0.03027098569349726
THAP11,0.9326721619704663,0.5038360483447188,0.03027098569349726
TRIT1,0.9326721619704663,0.5038360483447188,0.03027098569349726
COL4A5,0.9336045073642264,0.5035207566999474,0.029837060220306136
FOXI1,0.934125461518162,0.8077771939043615,0.029594790166266764
ANKH,0.9342298671346217,0.8234366789280084,0.029546252521997496
CTPS1,0.9345361336828257,0.5033105622700998,0.029403902037229257
LPAR1,0.934537787013517,0.5039411455596426,0.029403133707643126
CNGB3,0.9345381176646234,0.503730951129795,0.02940298004887456
IQCK,0.9345381176646234,0.503730951129795,0.02940298004887456
MYO6,0.9345381176646234,0.503730951129795,0.02940298004887456
NR4A2,0.9348765520734288,0.5420914345769837,0.029245732756216128
DPH1,0.9351679270405474,0.8552811350499212,0.029110396358797017
ASB9,0.9351978045081688,0.7816079873883341,0.02909652140471349
MPHOSPH8,0.9354665693602802,0.5018392012611665,0.02897172820863282
SIK2,0.9354698619798258,0.5040462427745664,0.02897019959817258
FZD1,0.9354710680608597,0.5038360483447188,0.028969639672063414
TLR3,0.9356823722691585,0.6548607461902259,0.028871552310461436
SLC2A3,0.9358475220076249,0.5310562270099842,0.028794905263027984
HNRNPH1,0.9364044330650442,0.5036258539148712,0.0285365389618193
UBE2H,0.9364044330650442,0.5036258539148712,0.0285365389618193
HNRNPH1_1,0.9364044330650442,0.5036258539148712,0.0285365389618193
GDF7,0.9371587768145724,0.9467157120336311,0.028186823143475658
OLFM1,0.937178093748429,0.6017866526537047,0.02817787145724117
DEFA6,0.9373351106192314,0.5031003678402522,0.028105114903106698
DEFA6_1,0.9373351106192314,0.5031003678402522,0.028105114903106698
CD200,0.9381164544193047,0.5152916447714135,0.027743246511728863
CENPBD2P,0.938225436187506,0.5098265895953757,0.027692797091132284
PTPN1,0.9382710979608049,0.5035207566999474,0.027671661260800954
SIRT3,0.9382710979608049,0.5035207566999474,0.027671661260800954
PDE6D,0.9382710979608049,0.5035207566999474,0.027671661260800954
RANBP9,0.9382710979608049,0.5035207566999474,0.027671661260800954
DDX10,0.9382710979608049,0.5035207566999474,0.027671661260800954
COA4,0.9382710979608049,0.5035207566999474,0.027671661260800954
TMEM80,0.9382710979608049,0.5035207566999474,0.027671661260800954
NCSTN,0.9382710979608049,0.5035207566999474,0.027671661260800954
DOK2,0.9382710979608049,0.5035207566999474,0.027671661260800954
ZNF24,0.9382710979608049,0.5035207566999474,0.027671661260800954
MYL6B,0.9382710979608049,0.5035207566999474,0.027671661260800954
CACNG1,0.9398747949184328,0.5254860746190226,0.02692999692977091
GCH1,0.940135606563225,0.5021544929059379,0.026809498597648133
CAMK2G,0.940137799658267,0.503730951129795,0.026808485501284715
ISOC1,0.94013810213522,0.5034156594850236,0.026808345772778453
FAM193A,0.94013810213522,0.5034156594850236,0.026808345772778453
CLDN15,0.94013810213522,0.5034156594850236,0.026808345772778453
RAB11FIP3,0.94013810213522,0.5034156594850236,0.026808345772778453
PSME3IP1,0.94013810213522,0.5034156594850236,0.026808345772778453
NFKBIA,0.94013810213522,0.5034156594850236,0.026808345772778453
AVPI1,0.94013810213522,0.5034156594850236,0.026808345772778453
RAB11FIP3_1,0.94013810213522,0.5034156594850236,0.026808345772778453
COPS3,0.94013810213522,0.5034156594850236,0.026808345772778453
SPRY4,0.94013810213522,0.5034156594850236,0.026808345772778453
ZNF184,0.94013810213522,0.5034156594850236,0.026808345772778453
COL9A3,0.9409841080161503,0.6778770362585391,0.0264177111733523
NKRF_1,0.9410717133689422,0.5034156594850236,0.026377280362642117
NKRF,0.9410717133689422,0.5034156594850236,0.026377280362642117
ABCA7,0.9415232349629875,0.7288491854965844,0.0261689579715853
SIK3,0.9419757535904708,0.5014188124014713,0.025960275781841555
USP6NL,0.941988722974337,0.5064634787178139,0.025954296335926382
SNX19,0.9420054353660092,0.5033105622700998,0.025946591323200402
FAM20B,0.9420054353660092,0.5033105622700998,0.025946591323200402
GTF2H1,0.9420054353660092,0.5033105622700998,0.025946591323200402
GPNMB,0.9420054353660092,0.5033105622700998,0.025946591323200402
SLC9A1,0.9420054353660092,0.5033105622700998,0.025946591323200402
CHD9NB,0.9420054353660092,0.5033105622700998,0.025946591323200402
GTF2H1_1,0.9420054353660092,0.5033105622700998,0.025946591323200402
IL1RL1,0.9426818408358821,0.6561219127693116,0.02563485878336004
FCGR3B,0.9427088346524624,0.8049395691014188,0.025622422882684903
RNASEH2B,0.9429368429753886,0.5027850761954809,0.025517394925277697
TTLL1,0.9433555579850722,0.537046768260641,0.025324587467547576
MATN2,0.9435929970039693,0.5172884918549658,0.025215290946487556
MTMR2,0.9438728037564801,0.5034156594850236,0.025086527257676936
WIPI2,0.9438730874254665,0.503205465055176,0.02508639673600444
RBPMS,0.9438730874254665,0.503205465055176,0.02508639673600444
SLC25A12_1,0.9438730874254665,0.503205465055176,0.02508639673600444
PCID2,0.9438730874254665,0.503205465055176,0.02508639673600444
ROBO1,0.9438730874254665,0.503205465055176,0.02508639673600444
DGCR2,0.9438730874254665,0.503205465055176,0.02508639673600444
UFM1,0.9438730874254665,0.503205465055176,0.02508639673600444
EZH1,0.9438730874254665,0.503205465055176,0.02508639673600444
SLC25A12,0.9438730874254665,0.503205465055176,0.02508639673600444
PPEF2,0.9440571009253298,0.9141355754072518,0.025001736775236275
SLC16A10,0.9440571009253298,0.9141355754072518,0.025001736775236275
UNKL,0.9442980837908524,0.5289542827115081,0.0248908916014629
CTNNA2,0.94481003514223,0.8982658959537573,0.02465550258362866
GEMIN7,0.9449842618877556,0.7755123489227536,0.024575424329064108
NT5DC2,0.9455829368040655,0.5193904361534419,0.024300373305775648
MYMX,0.9456082106371618,0.5873883342091435,0.024288765503713124
SSX3,0.9457228008674308,0.5012086179716237,0.024236140231411234
CELSR2,0.9457277555026568,0.5060430898581187,0.02423386497157825
GLRA2,0.9457402801480059,0.5024697845507095,0.024228113476696497
KCNAB3,0.9457402801480059,0.5027850761954809,0.024228113476696497
ARMCX3,0.9457410480806269,0.5031003678402522,0.024227760833617478
AKAP8,0.9457410480806269,0.5031003678402522,0.024227760833617478
EFHD1,0.9457410480806269,0.5031003678402522,0.024227760833617478
APRT,0.9457410480806269,0.5031003678402522,0.024227760833617478
DERA,0.9457410480806269,0.5031003678402522,0.024227760833617478
TTPAL,0.9466144564478354,0.5129795060430898,0.023826867385897305
EPYC,0.947137328359992,0.7300052548607462,0.02358704673592208
AMBN,0.94736394720388,0.6325801366263795,0.0234831467648482
APOBEC3B,0.9475916863280633,0.5074093536521282,0.0233787582043222
EIF3A,0.9476093070934356,0.5029952706253285,0.023370682436955184
CALD1,0.9476093070934356,0.5029952706253285,0.023370682436955184
CORO1C,0.9476093070934356,0.5029952706253285,0.023370682436955184
AMN,0.9476093070934356,0.5029952706253285,0.023370682436955184
PAXBP1,0.9476093070934356,0.5029952706253285,0.023370682436955184
PAXBP1_1,0.9476093070934356,0.5029952706253285,0.023370682436955184
DIO2,0.9490118563188256,0.5367314766158697,0.022728361754291545
DIAPH2,0.9490791204629004,0.5345244351024698,0.022697580883436323
MLF2,0.949477854220916,0.5028901734104047,0.022515160365422015
CRIM1,0.949477854220916,0.5028901734104047,0.022515160365422015
CRIM1_1,0.949477854220916,0.5028901734104047,0.022515160365422015
NDUFS7,0.949477854220916,0.5028901734104047,0.022515160365422015
TIMM44,0.949477854220916,0.5028901734104047,0.022515160365422015
RHEB,0.949477854220916,0.5028901734104047,0.022515160365422015
TTC17,0.949477854220916,0.5028901734104047,0.022515160365422015
THOC6,0.9498375928567455,0.6635838150289017,0.02235064582248312
RHCE,0.9501038624475248,0.9641618497109826,0.02222891637191683
RBM48,0.9506210735843995,0.6554913294797688,0.02199256239558966
CNR2,0.9511588863402919,0.5180241723594325,0.021746930279015173
PSRC1,0.9513326513629757,0.5002627430373096,0.021667597268367103
GIPC1,0.9513466792153382,0.5027850761954809,0.021661193436910923
TEX30,0.9513466792153382,0.5027850761954809,0.021661193436910923
HMX1_1,0.9513466792153382,0.5027850761954809,0.021661193436910923
HNRNPU,0.9513466792153382,0.5027850761954809,0.021661193436910923
ARID5A,0.9513466792153382,0.5027850761954809,0.021661193436910923
TEX2,0.9513466792153382,0.5027850761954809,0.021661193436910923
RUFY3,0.9513466792153382,0.5027850761954809,0.021661193436910923
EED,0.9513466792153382,0.5027850761954809,0.021661193436910923
ZMAT5,0.9513466792153382,0.5027850761954809,0.021661193436910923
MACROH2A1,0.9513466792153382,0.5027850761954809,0.021661193436910923
ISG15,0.9513466792153382,0.5027850761954809,0.021661193436910923
HMX1,0.9513466792153382,0.5027850761954809,0.021661193436910923
TNFSF10,0.9513466792153382,0.5027850761954809,0.021661193436910923
SPP2,0.9528622370402958,0.5962165002627431,0.020969884270416312
HAND2,0.9530583251767533,0.5200210194429847,0.020880520634156918
EDEM3,0.953089168973309,0.5184445612191277,0.020866465802946457
PPRC1,0.9532022816098883,0.5067787703625855,0.02081492678571743
ZNF710-AS1,0.9532114656904572,0.5007882291119286,0.020810742389210508
C10orf95-AS1,0.9532157245106951,0.502679978980557,0.0208088020243875
MRPL33,0.9532157718243875,0.502679978980557,0.020808780467803305
NFE2L1,0.9532157718243875,0.5026799789805569,0.020808780467803305
TNFRSF12A,0.9532157718243875,0.5026799789805569,0.020808780467803305
CYB5R3,0.9532157718243875,0.5026799789805569,0.020808780467803305
ITM2B,0.9532157718243875,0.502679978980557,0.020808780467803305
MRPS31,0.9532157718243875,0.5026799789805569,0.020808780467803305
DENND4C,0.9532157718243875,0.502679978980557,0.020808780467803305
DHX15,0.9532157718243875,0.5026799789805569,0.020808780467803305
THRA,0.9542980376509014,0.5461902259590121,0.020315969223651496
LIMD1,0.9547998154562812,0.9300052548607461,0.020087673605717157
PDGFD,0.9550721694373883,0.500578034682081,0.019963809982546064
TGM3,0.955083758913158,0.5033105622700998,0.019958539998771122
HCCS,0.9550851104345279,0.5025748817656333,0.019957925437113715
RWDD3,0.9550851217913334,0.5025748817656333,0.019957920272968787
SLC1A4,0.9550851217913334,0.5025748817656333,0.019957920272968787
DDX49,0.9550851217913334,0.5025748817656333,0.019957920272968787
INTS13,0.9550851217913334,0.5025748817656333,0.019957920272968787
RPS4Y1,0.9553645267494643,0.7561744613767736,0.019830888364548202
ABCC2,0.9559676357909795,0.9642669469259064,0.019556810480502052
SHISAL1,0.95626131267621,0.5535470310036784,0.019423414056582117
ITGA3,0.9569546753150926,0.5024697845507095,0.019108631425559023
PUM3,0.9569547188551979,0.5024697845507093,0.019108611665765243
ATRN,0.9569547188551979,0.5024697845507093,0.019108611665765243
HSD17B12,0.9569547188551979,0.5024697845507093,0.019108611665765243
CCDC90B,0.9569547188551979,0.5024697845507093,0.019108611665765243
TOP2B,0.9569547188551979,0.5024697845507095,0.019108611665765243
ETFB,0.9569547188551979,0.5024697845507095,0.019108611665765243
ZNF395,0.9569547188551979,0.5024697845507095,0.019108611665765243
SPG21,0.9569547188551979,0.5024697845507093,0.019108611665765243
TMEM38B,0.9576026160911869,0.7909616395165529,0.0188146761434015
RCVRN,0.9580837563688516,0.9464004203888597,0.01859652292687419
SIKE1,0.9585930672702916,0.8952180767209669,0.018365716234220886
DLG1,0.9588222616911942,0.5014188124014713,0.018261891182598914
POLR1C,0.9588245527509252,0.5023646873357857,0.018260853458038413
SERPINF1,0.9588245527509252,0.5023646873357857,0.018260853458038413
SNX27,0.9588245527509252,0.5023646873357857,0.018260853458038413
FARP1,0.9588245527509252,0.5023646873357857,0.018260853458038413
KIAA0040,0.9588245527509252,0.5023646873357857,0.018260853458038413
EFNB3,0.9588245527509252,0.5023646873357857,0.018260853458038413
SERPINF1_1,0.9588245527509252,0.5023646873357857,0.018260853458038413
TTC19,0.9588245527509252,0.5023646873357857,0.018260853458038413
GFOD2,0.9588245527509252,0.5023646873357857,0.018260853458038413
ATXN7L3B,0.9588245527509252,0.5023646873357857,0.018260853458038413
SERPINA10_1,0.9588489749892514,0.9818181818181818,0.01824979167594887
BFSP2,0.9588489749892514,0.9818181818181818,0.01824979167594887
KCNK2,0.9588489749892514,0.9818181818181818,0.01824979167594887
SERPINA10,0.9588489749892514,0.9818181818181818,0.01824979167594887
IKZF4,0.9588489749892514,0.9818181818181818,0.01824979167594887
STMN4,0.9588489749892514,0.9818181818181818,0.01824979167594887
MMP16,0.9588489749892514,0.9818181818181818,0.01824979167594887
SLC6A20,0.9588489749892514,0.9818181818181818,0.01824979167594887
DDO,0.9589051059347898,0.9299001576458223,0.0182243688543673
SLC4A3,0.9591833314022888,0.8520231213872832,0.0180983769722881
TRMT9B_1,0.9593966245420753,0.7630057803468209,0.018001813851494828
TRMT9B,0.9593966245420753,0.7630057803468209,0.018001813851494828
SSPN,0.9597549239727444,0.500578034682081,0.017839651079579258
PTPN3,0.9597595451248417,0.5022595901208617,0.01783755998739088
CLEC2D,0.9598478022141275,0.9304256437204415,0.017797625188281287
SUMO4,0.960654190901484,0.5071991592222806,0.017432918274125984
SH3BGRL,0.9606946132095502,0.5022595901208617,0.01741464446012201
ZNF185,0.9606946132095502,0.5022595901208617,0.01741464446012201
TFAP4,0.9606946132095502,0.5022595901208617,0.01741464446012201
ZNF185_1,0.9606946132095502,0.5022595901208617,0.01741464446012201
CEBPA-DT,0.9606946132095502,0.5022595901208617,0.01741464446012201
AOC1,0.9613035927454188,0.9472411981082501,0.017139434566532365
KYAT1,0.9616296281418792,0.5023646873357857,0.016992164371804095
NR4A3,0.9618337931404701,0.9643720441408302,0.016899968459328996
RIT1,0.9621028829989218,0.5398843930635838,0.016778483960516687
MAU2,0.9625402473164311,0.5044666316342616,0.016581102004398794
TMC5,0.9625571611971048,0.503730951129795,0.016573470593113458
RHBDF2,0.9625643597061314,0.5026799789805569,0.01657022272256163
DSP,0.9625648710211762,0.5020493956910141,0.01656999202500751
SEPTIN11,0.9625648899583681,0.502154492905938,0.01656998348083753
DHX9,0.9625648899583681,0.5021544929059379,0.01656998348083753
AKR1A1,0.9625648899583681,0.502154492905938,0.01656998348083753
GABARAPL2,0.9625648899583681,0.5021544929059379,0.01656998348083753
TKFC,0.9626347364276466,0.6912243825538623,0.016538470970876837
ATP9B_1,0.9632818870967282,0.525801366263794,0.016246605817746958
ATP9B,0.9632818870967282,0.525801366263794,0.016246605817746958
ATP9B_2,0.9632818870967282,0.525801366263794,0.016246605817746958
ERO1B,0.9637706478953724,0.7503941145559643,0.016026304483435644
LCOR,0.963963719302672,0.7653179190751445,0.015939311328662185
FBXO5,0.9643528709388056,0.5167630057803468,0.015764022259070497
SLC44A1,0.9644353367365471,0.5020493956910141,0.015726885531684675
HTATIP2,0.9644353727211032,0.5020493956910141,0.015726869327494238
PLEKHM2,0.9644353727211032,0.5020493956910141,0.015726869327494238
TNPO3,0.9644353727211032,0.5020493956910141,0.015726869327494238
C6orf62,0.9644353727211032,0.5020493956910141,0.015726869327494238
ZNF609,0.9644353727211032,0.5020493956910141,0.015726869327494238
TRMT1,0.9649023945163264,0.53977929584866,0.015516615844667453
GPR4,0.9661759142002792,0.5217025748817656,0.01494379324185331
KAT2B,0.966304644750297,0.5019442984760903,0.014885932926158162
WRN,0.9663059659826209,0.5019442984760905,0.014885339113928852
IFT25,0.966306051218079,0.5019442984760903,0.014885300805888953
SIPA1L1,0.966306051218079,0.5019442984760905,0.014885300805888953
CEACAM4,0.966306051218079,0.5019442984760903,0.014885300805888953
VBP1,0.966306051218079,0.5019442984760903,0.014885300805888953
CTSB,0.966306051218079,0.5019442984760905,0.014885300805888953
ELAVL3,0.966306051218079,0.5019442984760903,0.014885300805888953
CTSB_1,0.966306051218079,0.5019442984760905,0.014885300805888953
CAPN7,0.966306051218079,0.5019442984760905,0.014885300805888953
CEACAM4_1,0.966306051218079,0.5019442984760903,0.014885300805888953
ATG2A,0.966306051218079,0.5019442984760903,0.014885300805888953
PHF7,0.9669299657355026,0.7153967419863374,0.014604980514804406
FMO5,0.9670690287643104,0.6546505517603783,0.014542525150221652
SLC13A2,0.9670739222806487,0.9819232790331056,0.014540327559664383
ADGRA3,0.9672390902702502,0.5033105622700998,0.014466160094337002
SSUH2,0.967454294770041,0.8668418286915397,0.014369543102881903
HAL,0.9677020174125295,0.964477141355754,0.014258353555468468
RBBP5,0.967762349921643,0.7516552811350499,0.014231277804307047
NOD2,0.9680455435050044,0.580136626379401,0.014104210018439176
GMCL1,0.968069752007942,0.516657908565423,0.014093349488319038
RNF216,0.9681762388809206,0.5018392012611665,0.014045580081338724
PRAMEF12,0.9681764643142,0.502154492905938,0.014045478958822036
PRMT2,0.968176907115623,0.5018392012611665,0.014045280331631965
CHD1L,0.9681769151663868,0.5018392012611665,0.014045276720306114
MFSD10,0.9681769151663868,0.5018392012611665,0.014045276720306114
DBI,0.9681769151663868,0.5018392012611665,0.014045276720306114
NUP54,0.9681769151663868,0.5018392012611665,0.014045276720306114
HSPA14,0.9681769151663868,0.5018392012611665,0.014045276720306114
MAVS,0.9681769151663868,0.5018392012611665,0.014045276720306114
DMRT1,0.9682958527965836,0.9323173935890698,0.013991928222558432
APOL5,0.9687659127593629,0.7683657383079349,0.013781150790846288
APOL5_1,0.9687659127593629,0.7683657383079349,0.013781150790846288
PRPF18,0.9691124056562024,0.5018392012611665,0.013625846968836761
IL18,0.9696052141517304,0.5474513925380977,0.013405057708280372
STON1,0.9697985236107399,0.5272727272727273,0.013318481375574707
MAPK7,0.9700479239685093,0.501629006831319,0.013206809444122744
RBM25,0.9700479542800562,0.5017341040462429,0.013206795873517578
C6orf120,0.9700479542800562,0.5017341040462429,0.013206795873517578
CIZ1,0.9700479542800562,0.5017341040462429,0.013206795873517578
TMEM209,0.9700479542800562,0.5017341040462429,0.013206795873517578
ZBTB48,0.971843112617904,0.5173935890698896,0.012403838801778576
TUBA4B,0.9719191582702238,0.501629006831319,0.01236985706678279
SEPTIN9_1,0.9719191582702238,0.501629006831319,0.01236985706678279
OCRL,0.9719191582702238,0.501629006831319,0.01236985706678279
SEPTIN9,0.9719191582702238,0.501629006831319,0.01236985706678279
SNCG,0.9719191582702238,0.501629006831319,0.01236985706678279
CLEC4E,0.9720395985974952,0.8368891224382554,0.012316042581866646
PPP1R12B,0.9728495424587358,0.8038885969521807,0.011954321018927717
N4BP1,0.9728548120096583,0.501629006831319,0.011951968619517703
CEND1,0.973292040864276,0.9143457698370994,0.011756828071101528
SLC16A4,0.9734517023100006,0.5425118234366789,0.011685591078303213
ADA,0.9736595598094586,0.522017866526537,0.011592867701744348
HS2ST1,0.9737687642262935,0.5058328954282711,0.011544160516894228
OXR1,0.9737904903183179,0.5015239096163951,0.0115344709304461
TBKBP1,0.9737904903183179,0.5015239096163951,0.0115344709304461
LSR,0.9737905168453038,0.5015239096163951,0.011534459099848479
RAI14,0.9737905168453038,0.5015239096163951,0.011534459099848479
SCAMP3,0.9737905168453038,0.5015239096163951,0.011534459099848479
RANBP3,0.9737905168453038,0.5015239096163951,0.011534459099848479
MGLL,0.9737905168453038,0.5015239096163951,0.011534459099848479
MOSPD2,0.9737905168453038,0.5015239096163951,0.011534459099848479
CAP1,0.9737905168453038,0.5015239096163951,0.011534459099848479
FH,0.9737905168453038,0.5015239096163951,0.011534459099848479
LDAF1,0.9737905168453038,0.5015239096163951,0.011534459099848479
SCAMP3_1,0.9737905168453038,0.5015239096163951,0.011534459099848479
UBA3,0.9737905168453038,0.5015239096163951,0.011534459099848479
SERPINF2_1,0.973876555896279,0.9132947976878613,0.011496088799694038
SERPINF2,0.973876555896279,0.9132947976878613,0.011496088799694038
RAC3,0.9740415907318756,0.8490803993694167,0.011422498727424344
NRCAM,0.9745432669197265,0.7127693116132423,0.011198874691710176
ARPP21,0.9753023739286482,0.9820283762480294,0.010860718691154807
MYOM2_1,0.9753023739286482,0.9820283762480294,0.010860718691154807
RGS20,0.9753023739286482,0.9820283762480294,0.010860718691154807
ADAMTS12_1,0.9753023739286482,0.9820283762480294,0.010860718691154807
MYOM2,0.9753023739286482,0.9820283762480294,0.010860718691154807
PIWIL1_1,0.9753023739286482,0.9820283762480294,0.010860718691154807
ADAMTS12,0.9753023739286482,0.9820283762480294,0.010860718691154807
TUBB4A,0.9753023739286482,0.9820283762480294,0.010860718691154807
KRT85,0.9753023739286482,0.9820283762480294,0.010860718691154807
CCR8,0.9753023739286482,0.9820283762480294,0.010860718691154807
ALPG,0.9753023739286482,0.9820283762480294,0.010860718691154807
PIWIL1,0.9753023739286482,0.9820283762480294,0.010860718691154807
DENND3,0.9754257075628887,0.5364161849710982,0.010805802665324944
MAF,0.9756525300757053,0.500578034682081,0.01070482489392539
MARCHF2,0.9756616748278931,0.5017341040462429,0.010700754288173027
SCARB1,0.9756620135526561,0.5014188124014713,0.010700603512270148
MCCC1,0.9756620197111574,0.5014188124014713,0.010700600770948799
CALM3,0.9756620197111574,0.5014188124014713,0.010700600770948799
ADAMTS13_1,0.9756620197111574,0.5014188124014713,0.010700600770948799
ADAMTS13,0.9756620197111574,0.5014188124014713,0.010700600770948799
VWA1,0.9756620197111574,0.5014188124014713,0.010700600770948799
KLHL26,0.9765435138653777,0.5100367840252233,0.010308400189154222
HMGN5,0.9766454043628393,0.5921177088807147,0.01026308917962196
HNF4A,0.9767057864085722,0.9459800315291644,0.010236239333675087
GTF2I,0.9775335428672094,0.5013137151865475,0.009868331392759794
ICMT,0.9775336565712625,0.5013137151865475,0.009868280876805326
CEP104,0.9775336565712625,0.5013137151865475,0.009868280876805326
ARHGEF1,0.9775336565712625,0.5013137151865475,0.009868280876805326
ZNF551,0.9786938638365098,0.5869679453494483,0.00935313458938914
MRPL44,0.9794042704513439,0.5002627430373096,0.009038006679439917
BTBD3,0.9794054119151557,0.5012086179716237,0.0090375005236462
NCAPD3,0.979405417126884,0.5012086179716237,0.009037498212626886
C2orf49,0.979405417126884,0.5012086179716237,0.009037498212626886
NLGN3,0.9801543417594738,0.7106673673147661,0.008705531963925636
SETBP1,0.9812767224665067,0.5006831318970048,0.008208503228373742
WDR82,0.9812772910772437,0.5011035207567,0.008208251572109764
GPAA1,0.9812772910772437,0.5011035207567,0.008208251572109764
LIPA,0.9812772910772437,0.5011035207567,0.008208251572109764
LHFPL6,0.9812772910772437,0.5011035207567,0.008208251572109764
RTEL1,0.9812772910772437,0.5011035207567,0.008208251572109764
BICRAL,0.9812772910772437,0.5011035207567,0.008208251572109764
C8A,0.9827407060518755,0.8971098265895954,0.007561054686170393
MAST3,0.9830542221017898,0.5235943247503941,0.007422527223645884
PCDHB6,0.983533454823899,0.9821334734629532,0.007210862995987715
FLT3LG,0.983533454823899,0.9821334734629532,0.007210862995987715
NRXN3,0.983533454823899,0.9821334734629532,0.007210862995987715
SLC14A1,0.983533454823899,0.9821334734629532,0.007210862995987715
FFAR2,0.983533454823899,0.9821334734629532,0.007210862995987715
PCDHB6_1,0.983533454823899,0.9821334734629532,0.007210862995987715
GJC1,0.983533454823899,0.9821334734629532,0.007210862995987715
GLRA3,0.9847363889952752,0.9146610614818708,0.006680013286119009
CKAP5,0.9850213379498698,0.5008933263268524,0.00655436152928115
RPP40,0.9850213379498698,0.5008933263268524,0.00655436152928115
RAD17_1,0.98595740088574,0.5008933263268524,0.006141848709820645
RAD17,0.98595740088574,0.5008933263268524,0.006141848709820645
MRPS18A,0.9868934902618948,0.5007882291119286,0.00572971570679914
VPS13C,0.9868934902618948,0.5007882291119286,0.00572971570679914
DUSP14_1,0.9868934902618948,0.5007882291119286,0.00572971570679914
BPNT2,0.9868934902618948,0.5007882291119286,0.00572971570679914
CRISPLD2,0.9868934902618948,0.5007882291119286,0.00572971570679914
DUSP14,0.9868934902618948,0.5007882291119286,0.00572971570679914
CNPPD1,0.9868934902618948,0.5007882291119286,0.00572971570679914
RERE,0.9873156321693648,0.5966368891224383,0.005543986746573553
SFTPD,0.9876665671971352,0.9291644771413557,0.0053896469781238125
PCDH9,0.98769686650917,0.8986862848134525,0.005376324038356197
TM7SF2,0.9877724421615862,0.5221229637414608,0.0053430943762373725
TSC2,0.9878205741613031,0.5062532842879663,0.005321932667614764
EIF5A,0.9878294863148485,0.5009984235417762,0.005318014464503711
EIF5A_1,0.9878294863148485,0.5009984235417762,0.005318014464503711
TESPA1,0.9881779157074193,0.8100893326326852,0.005164856167687757
DLEC1,0.9885923698859592,0.7382028376248029,0.004982745816585402
TEX11,0.98876524555396,0.5015239096163951,0.004906807151497103
PFKP,0.9887655555133171,0.5006831318970048,0.00490667100834488
CFDP1,0.9887657147485158,0.5006831318970048,0.004906601067637335
CRY2,0.9887657147485158,0.5006831318970048,0.004906601067637335
ESD,0.9887657147485158,0.5006831318970048,0.004906601067637335
POLR3F,0.9897018247707106,0.5007882291119286,0.004495629000306651
SPART,0.9897018482294382,0.500578034682081,0.00449561870630134
PPP1R9A,0.9904995554672957,0.5459800315291645,0.004145715035220913
NFATC1,0.9906106790344977,0.5168681029952706,0.004096994523605383
SLC13A3,0.9906343497933928,0.5053074093536521,0.004086617129773212
ZNF282,0.99063638936207,0.5020493956910141,0.004085722982997152
GCAT,0.9906380011012909,0.500578034682081,0.004085016397929221
IPO5,0.9906380011012909,0.500578034682081,0.004085016397929221
JRK,0.9906380011012909,0.500578034682081,0.004085016397929221
PSMD10,0.9906380011012909,0.500578034682081,0.004085016397929221
SPATS2,0.9906380011012909,0.500578034682081,0.004085016397929221
PIAS1,0.9906380011012909,0.500578034682081,0.004085016397929221
PLCE1,0.9919134925559508,0.6366789280084078,0.003526202184353625
MYO7A,0.9922515149209964,0.5804519180241723,0.003378229360756641
ALK,0.9923157711911745,0.5619548081975827,0.003350106208902745
ACSL1,0.9925103371150339,0.5004729374671572,0.003264961311810181
PSMD6,0.9925103390107558,0.500472937467157,0.0032649604822958325
SLC10A1,0.9925103390107558,0.5004729374671572,0.0032649604822958325
TOR3A,0.9925103390107558,0.500472937467157,0.0032649604822958325
ACAP2,0.9925103390107558,0.5004729374671572,0.0032649604822958325
IDI1,0.9925103390107558,0.500472937467157,0.0032649604822958325
ZMIZ1,0.9925103390107558,0.5004729374671572,0.0032649604822958325
SART1,0.9925103390107558,0.5004729374671572,0.0032649604822958325
TMEM39B,0.9929388904891512,0.6295323173935891,0.0030774789366550515
USP20,0.9941376581031591,0.5968470835522859,0.0025534747422757903
E2F5,0.9943308369119427,0.5366263794009458,0.0024690917197138524
LYST,0.9943827039483578,0.5001576458223858,0.002446438313629907
ATP6V1C1,0.9943827181665951,0.5003678402522334,0.0024464321038457737
FAM120A,0.9943827181665951,0.5003678402522334,0.0024464321038457737
UMPS,0.9943827181665951,0.5003678402522334,0.0024464321038457737
NDUFB7,0.9943827181665951,0.5003678402522334,0.0024464321038457737
MMP14,0.9943827181665951,0.5003678402522334,0.0024464321038457737
ILF2,0.9943827181665951,0.5003678402522334,0.0024464321038457737
MMP2,0.9943827181665951,0.5003678402522334,0.0024464321038457737
SUPT3H,0.9959212977156647,0.6400420388859696,0.0017749801689655178
TNFSF8,0.9959222599544082,0.8289017341040462,0.0017745605627419766
TBX3,0.9962504178413412,0.5070940620073567,0.0016314834466209767
NDST2,0.9962551282578112,0.5002627430373094,0.0016294300441756073
RPL4,0.9962551282578112,0.5002627430373096,0.0016294300441756073
UBAC1,0.9962551282578112,0.5002627430373096,0.0016294300441756073
FASTKD3,0.9962551282578112,0.5002627430373096,0.0016294300441756073
PPP2R5C,0.9962551282578112,0.5002627430373094,0.0016294300441756073
SLC35A3,0.9962551282578112,0.5002627430373094,0.0016294300441756073
UPK1A,0.9962674260295877,0.9123489227535471,0.00162406914684388
MTHFD2L,0.9973288091725298,0.8192327903310562,0.0011616356033035727
SAV1,0.9981275589728958,0.5001576458223858,0.0008139530833695807
CCT7,0.9981275589728958,0.5001576458223858,0.0008139530833695807
PRPF38B,0.9981275589728958,0.5001576458223858,0.0008139530833695807
DCK,0.9981275589728958,0.5001576458223858,0.0008139530833695807
PTCRA,0.9981275589728958,0.5001576458223858,0.0008139530833695807
ILKAP,0.9981275589728958,0.5001576458223858,0.0008139530833695807
VRK1,0.9981275589728958,0.5001576458223858,0.0008139530833695807
DOC2A,0.9986863876056286,0.8094587493431424,0.0005708696471011857
HCRTR2,1.0,1.0,-0.0
PPP1R2C,1.0,1.0,-0.0
NEUROD2,1.0,1.0,-0.0
NEUROD1,1.0,1.0,-0.0
TUBA8,1.0,1.0,-0.0
RFPL1,1.0,1.0,-0.0
MYCN,1.0,1.0,-0.0
GRIK3,1.0,1.0,-0.0
TUBB2A,1.0,0.500052548607462,-0.0
MYL5,1.0,0.5287440882816605,-0.0
PTGIS,1.0,1.0,-0.0
ZPBP,1.0,1.0,-0.0
CAPN5,1.0,1.0,-0.0
MAGEA11,1.0,1.0,-0.0
NLGN1,1.0,1.0,-0.0
ELAVL2,1.0,1.0,-0.0
AMELX,1.0,1.0,-0.0
ADRA1D,1.0,1.0,-0.0
GKN1,1.0,1.0,-0.0
CHRNA1,1.0,1.0,-0.0
KDM8,1.0,0.5081450341565948,-0.0
MAGI1,1.0,0.9314766158696794,-0.0
GATA1,1.0,1.0,-0.0
GCNT2,1.0,1.0,-0.0
GCNT2_1,1.0,1.0,-0.0
GNA15,1.0,0.6248029427220179,-0.0
EDDM3A,1.0,1.0,-0.0
YWHAH-AS1,1.0,1.0,-0.0
CCDC85B,1.0,0.5000525486074618,-0.0
GPC3,1.0,0.6401471361008932,-0.0
DBF4B,1.0,1.0,-0.0
EPB41L4A,1.0,1.0,-0.0
TMEM35A,1.0,1.0,-0.0
ZNF335,1.0,1.0,-0.0
POLR1F,1.0,1.0,-0.0
KISS1,1.0,1.0,-0.0
HLA-DQB1,1.0,0.5000525486074618,-0.0
SPRR1B,1.0,1.0,-0.0
HLA-DQB1_5,1.0,0.5000525486074618,-0.0
HLA-DQB1_4,1.0,0.5000525486074618,-0.0
HLA-DQB1_3,1.0,0.5000525486074618,-0.0
HLA-DQB1_2,1.0,0.5000525486074618,-0.0
HLA-DQB1_1,1.0,0.5000525486074618,-0.0
HLA-DQB1_6,1.0,0.5000525486074618,-0.0
ANKFY1,1.0,0.8529689963215975,-0.0
METTL16,1.0,1.0,-0.0
TMEM158,1.0,0.5034156594850236,-0.0
SH3TC1,1.0,1.0,-0.0
IFRD2,1.0,0.500052548607462,-0.0
MAGEL2_1,1.0,1.0,-0.0
MAGEL2,1.0,1.0,-0.0
CRYBA1,1.0,1.0,-0.0
BMP10,1.0,1.0,-0.0
APBB1,1.0,0.500052548607462,-0.0
HMGA2,1.0,1.0,-0.0
OPRK1,1.0,1.0,-0.0
PRICKLE3,1.0,1.0,-0.0
ACOT7,1.0,0.5011035207567,-0.0
